{"type":"FeatureCollection","features":[{"type":"Feature","properties":{"nombre":"Palestina","codigo":"41530","departamento":"Huila","zona":"Sur","lat":1.67402,"lon":-76.15822},"geometry":{"type":"Polygon","coordinates":[[[-76.11489,1.77586],[-76.10998,1.77553],[-76.10718,1.77407],[-76.10504,1.77009],[-76.10022,1.76985],[-76.09808,1.76768],[-76.0935,1.77101],[-76.08678,1.77401],[-76.08648,1.7749],[-76.08234,1.77233],[-76.07946,1.77229],[-76.07544,1.76848],[-76.06733,1.76762],[-76.06563,1.76401],[-76.06528,1.76025],[-76.06209,1.75352],[-76.06282,1.75095],[-76.06127,1.74331],[-76.05779,1.73798],[-76.06168,1.73445],[-76.06107,1.73233],[-76.06224,1.72921],[-76.0644,1.72785],[-76.07258,1.72464],[-76.07778,1.72348],[-76.08596,1.71989],[-76.09171,1.71933],[-76.09931,1.71639],[-76.10375,1.71107],[-76.10466,1.70737],[-76.10835,1.70285],[-76.10749,1.70031],[-76.10823,1.69794],[-76.10932,1.69654],[-76.11495,1.69425],[-76.11596,1.69276],[-76.11598,1.68948],[-76.11276,1.68448],[-76.11328,1.68294],[-76.11132,1.67968],[-76.10726,1.67668],[-76.10563,1.67679],[-76.10402,1.67798],[-76.10294,1.67691],[-76.10448,1.67221],[-76.10716,1.67101],[-76.10786,1.6699],[-76.11078,1.65463],[-76.11676,1.65365],[-76.12527,1.65051],[-76.11478,1.64822],[-76.11268,1.64889],[-76.10846,1.64569],[-76.10318,1.64408],[-76.10099,1.64117],[-76.10507,1.63982],[-76.10697,1.63583],[-76.11165,1.63282],[-76.11916,1.63083],[-76.11971,1.62926],[-76.12187,1.62785],[-76.12125,1.62592],[-76.12176,1.62178],[-76.12504,1.61795],[-76.12993,1.61502],[-76.13164,1.61572],[-76.13618,1.612],[-76.13876,1.61139],[-76.14046,1.60712],[-76.14366,1.60318],[-76.14264,1.60014],[-76.14421,1.59931],[-76.14863,1.60104],[-76.15047,1.599],[-76.15203,1.60022],[-76.15291,1.59999],[-76.15459,1.59795],[-76.15659,1.5977],[-76.16208,1.59312],[-76.16506,1.59189],[-76.16703,1.5892],[-76.17092,1.58771],[-76.1738,1.58221],[-76.18174,1.57607],[-76.18284,1.57395],[-76.18739,1.57483],[-76.1895,1.57248],[-76.19146,1.57192],[-76.19589,1.57504],[-76.1989,1.57513],[-76.20258,1.57899],[-76.20245,1.58086],[-76.19964,1.58672],[-76.20067,1.59202],[-76.20968,1.6001],[-76.2101,1.60402],[-76.21193,1.60655],[-76.21137,1.6088],[-76.20914,1.61115],[-76.20823,1.61354],[-76.20951,1.62018],[-76.20857,1.62584],[-76.21115,1.62884],[-76.21287,1.63252],[-76.21418,1.63335],[-76.21499,1.63556],[-76.21177,1.63797],[-76.21156,1.64072],[-76.2149,1.6457],[-76.21784,1.64738],[-76.21939,1.65008],[-76.22517,1.65504],[-76.22713,1.65851],[-76.2277,1.66306],[-76.22569,1.66522],[-76.22297,1.66586],[-76.21312,1.67354],[-76.21107,1.67471],[-76.20783,1.67449],[-76.20614,1.67556],[-76.20337,1.67775],[-76.20267,1.67945],[-76.19246,1.68278],[-76.18827,1.68925],[-76.18432,1.6918],[-76.18198,1.6978],[-76.17885,1.70093],[-76.17908,1.70694],[-76.1748,1.71048],[-76.16832,1.71789],[-76.16808,1.72061],[-76.16368,1.72898],[-76.16315,1.73437],[-76.161,1.73834],[-76.15835,1.74153],[-76.1535,1.74448],[-76.15295,1.74724],[-76.15206,1.74725],[-76.14838,1.75161],[-76.14583,1.75174],[-76.14215,1.75653],[-76.14234,1.76016],[-76.13949,1.76501],[-76.13924,1.76694],[-76.13783,1.76818],[-76.13584,1.76852],[-76.134,1.76689],[-76.13031,1.76724],[-76.12909,1.76538],[-76.12676,1.76439],[-76.12194,1.77025],[-76.12042,1.77384],[-76.11944,1.77476],[-76.11489,1.77586]]]}},{"type":"Feature","properties":{"nombre":"Acevedo","codigo":"41006","departamento":"Huila","zona":"Sur","lat":1.70597,"lon":-76.01246},"geometry":{"type":"Polygon","coordinates":[[[-75.83728,1.74023],[-75.83801,1.73693],[-75.83936,1.73507],[-75.83973,1.73117],[-75.84164,1.72815],[-75.8407,1.7253],[-75.84402,1.72265],[-75.84733,1.72217],[-75.85349,1.72565],[-75.85823,1.72348],[-75.8621,1.71944],[-75.86501,1.71886],[-75.86803,1.71671],[-75.87051,1.71665],[-75.87334,1.71425],[-75.87941,1.71419],[-75.88334,1.7133],[-75.89163,1.71691],[-75.89995,1.7171],[-75.90366,1.71676],[-75.91224,1.71196],[-75.92065,1.70421],[-75.92119,1.69945],[-75.92351,1.69635],[-75.92717,1.69466],[-75.93081,1.69493],[-75.9337,1.69296],[-75.9352,1.69107],[-75.93583,1.68799],[-75.93829,1.68672],[-75.93868,1.68238],[-75.94275,1.67538],[-75.94479,1.67342],[-75.9496,1.67211],[-75.95186,1.67027],[-75.95247,1.66802],[-75.95199,1.66495],[-75.95265,1.6638],[-75.96001,1.66118],[-75.96279,1.65916],[-75.97247,1.66112],[-75.97999,1.65759],[-75.98021,1.65555],[-75.98188,1.65266],[-75.97847,1.64826],[-75.97753,1.64236],[-75.98001,1.63781],[-75.98128,1.63149],[-75.98153,1.62882],[-75.98047,1.62726],[-75.98085,1.62436],[-75.98343,1.62133],[-75.98916,1.61957],[-75.99406,1.61475],[-75.9999,1.61583],[-76.00603,1.61475],[-76.01102,1.60978],[-76.01258,1.60537],[-76.01555,1.60367],[-76.0165,1.60013],[-76.02014,1.59694],[-76.02352,1.59085],[-76.03052,1.5873],[-76.03438,1.58277],[-76.04013,1.58161],[-76.04635,1.58434],[-76.05562,1.58034],[-76.06238,1.58239],[-76.06515,1.58573],[-76.06839,1.5846],[-76.07458,1.58483],[-76.0762,1.58081],[-76.07742,1.58065],[-76.08097,1.57754],[-76.08614,1.57795],[-76.08745,1.57715],[-76.08889,1.57404],[-76.08909,1.56993],[-76.09032,1.5682],[-76.09792,1.56507],[-76.10969,1.55814],[-76.11367,1.55709],[-76.11731,1.55347],[-76.11991,1.55213],[-76.12331,1.55741],[-76.1237,1.5649],[-76.12438,1.56607],[-76.13111,1.56991],[-76.1373,1.5747],[-76.14504,1.57532],[-76.15288,1.58302],[-76.156,1.58354],[-76.15984,1.58545],[-76.16257,1.5853],[-76.16541,1.58743],[-76.16975,1.58798],[-76.16703,1.5892],[-76.16506,1.59189],[-76.16208,1.59312],[-76.15659,1.5977],[-76.15459,1.59795],[-76.15288,1.60001],[-76.15203,1.60022],[-76.15047,1.599],[-76.14863,1.60104],[-76.14421,1.59931],[-76.14264,1.60014],[-76.14366,1.60318],[-76.14046,1.60712],[-76.13876,1.61139],[-76.13618,1.612],[-76.13164,1.61572],[-76.12993,1.61502],[-76.12504,1.61795],[-76.12176,1.62178],[-76.12125,1.62592],[-76.12187,1.62785],[-76.11971,1.62926],[-76.11916,1.63083],[-76.11165,1.63282],[-76.10697,1.63583],[-76.10507,1.63982],[-76.10099,1.64117],[-76.10318,1.64408],[-76.10846,1.64569],[-76.11268,1.64889],[-76.11478,1.64822],[-76.12527,1.65051],[-76.11676,1.65365],[-76.11078,1.65463],[-76.10786,1.6699],[-76.10716,1.67101],[-76.10448,1.67221],[-76.10294,1.67691],[-76.10402,1.67798],[-76.10563,1.67679],[-76.10726,1.67668],[-76.11132,1.67968],[-76.11328,1.68294],[-76.11276,1.68448],[-76.11598,1.68948],[-76.11596,1.69276],[-76.11495,1.69425],[-76.10932,1.69654],[-76.10823,1.69794],[-76.10749,1.70031],[-76.10835,1.70285],[-76.10466,1.70737],[-76.10375,1.71107],[-76.09931,1.71639],[-76.09696,1.71767],[-76.09171,1.71933],[-76.08596,1.71989],[-76.07778,1.72348],[-76.07258,1.72464],[-76.0644,1.72785],[-76.06224,1.72921],[-76.06107,1.73233],[-76.06168,1.73445],[-76.05779,1.73798],[-76.05441,1.73544],[-76.04637,1.73913],[-76.04221,1.74334],[-76.03938,1.74199],[-76.0363,1.74393],[-76.02876,1.74161],[-76.02641,1.74331],[-76.02462,1.74987],[-76.02351,1.75139],[-76.01986,1.75261],[-76.01539,1.75677],[-76.01353,1.76],[-76.0091,1.76458],[-76.00793,1.76713],[-76.00797,1.77218],[-76.00974,1.77401],[-76.01154,1.77998],[-76.01393,1.7838],[-76.01184,1.78575],[-76.01018,1.789],[-76.0066,1.79126],[-76.0062,1.79408],[-76.00087,1.79814],[-75.99907,1.79852],[-75.99398,1.80462],[-75.9946,1.80769],[-75.99361,1.81159],[-75.99474,1.81395],[-75.99343,1.81725],[-75.98418,1.82],[-75.98499,1.82321],[-75.98117,1.82807],[-75.98043,1.83039],[-75.98151,1.83251],[-75.98192,1.837],[-75.98173,1.83808],[-75.98071,1.83849],[-75.98028,1.84077],[-75.9781,1.84336],[-75.97575,1.8438],[-75.97216,1.84238],[-75.97112,1.84358],[-75.96805,1.84422],[-75.9634,1.84763],[-75.96224,1.85191],[-75.96247,1.85439],[-75.96143,1.85544],[-75.95088,1.85677],[-75.94936,1.85417],[-75.9488,1.85093],[-75.94175,1.84849],[-75.9402,1.84702],[-75.93563,1.84525],[-75.93114,1.84933],[-75.92536,1.85244],[-75.918,1.85384],[-75.9157,1.85854],[-75.91262,1.85935],[-75.91167,1.85888],[-75.91046,1.8552],[-75.90919,1.85422],[-75.90277,1.85372],[-75.89402,1.8508],[-75.88757,1.85223],[-75.8826,1.85165],[-75.88128,1.85035],[-75.88041,1.84779],[-75.87765,1.84763],[-75.87719,1.8469],[-75.87806,1.84391],[-75.87599,1.84158],[-75.87562,1.83971],[-75.8708,1.83461],[-75.87102,1.83094],[-75.87015,1.82919],[-75.87183,1.82345],[-75.87331,1.82185],[-75.87125,1.81884],[-75.86865,1.81719],[-75.86778,1.81427],[-75.86281,1.80858],[-75.86141,1.80509],[-75.8574,1.80295],[-75.85681,1.79853],[-75.85739,1.7961],[-75.85651,1.79496],[-75.85677,1.79196],[-75.85563,1.78937],[-75.85652,1.78747],[-75.8546,1.78529],[-75.8545,1.78294],[-75.85342,1.7823],[-75.85249,1.78015],[-75.85015,1.77909],[-75.84896,1.77753],[-75.84961,1.77344],[-75.8479,1.77203],[-75.84687,1.76951],[-75.84691,1.76548],[-75.84584,1.76376],[-75.84665,1.76204],[-75.84562,1.75897],[-75.84413,1.75734],[-75.84415,1.75312],[-75.84054,1.75053],[-75.83834,1.74748],[-75.83841,1.74145],[-75.83728,1.74023]]]}},{"type":"Feature","properties":{"nombre":"Suaza","codigo":"41770","departamento":"Huila","zona":"Sur","lat":1.86877,"lon":-75.8215},"geometry":{"type":"Polygon","coordinates":[[[-75.82078,1.99747],[-75.81898,1.99617],[-75.81607,1.99564],[-75.81567,1.99373],[-75.81475,1.99319],[-75.81245,1.99305],[-75.81044,1.99471],[-75.80862,1.99324],[-75.8009,1.99185],[-75.7994,1.9906],[-75.79901,1.98914],[-75.79758,1.9887],[-75.79452,1.98874],[-75.79214,1.99154],[-75.78896,1.99161],[-75.78774,1.98725],[-75.78025,1.98584],[-75.78153,1.97772],[-75.78031,1.97607],[-75.77754,1.976],[-75.77566,1.97479],[-75.77417,1.96069],[-75.77132,1.95508],[-75.7655,1.94769],[-75.75915,1.9447],[-75.75473,1.94544],[-75.75009,1.93834],[-75.74759,1.93998],[-75.74402,1.93891],[-75.74291,1.94041],[-75.73634,1.94194],[-75.73424,1.94069],[-75.72833,1.93989],[-75.7274,1.93846],[-75.72409,1.93822],[-75.72262,1.93439],[-75.72414,1.93117],[-75.72307,1.92759],[-75.72417,1.92264],[-75.72262,1.92026],[-75.72271,1.91888],[-75.71703,1.91719],[-75.71308,1.91409],[-75.70717,1.91217],[-75.70788,1.90747],[-75.70599,1.90299],[-75.70596,1.89969],[-75.70439,1.89777],[-75.70077,1.89598],[-75.69658,1.88539],[-75.69318,1.88206],[-75.68815,1.88072],[-75.68962,1.87944],[-75.69176,1.87387],[-75.69783,1.87106],[-75.70197,1.86621],[-75.70343,1.85065],[-75.70791,1.83968],[-75.71831,1.83192],[-75.72536,1.82937],[-75.73067,1.82335],[-75.73341,1.80827],[-75.73169,1.80007],[-75.73402,1.79648],[-75.73428,1.78652],[-75.73715,1.78246],[-75.74468,1.77871],[-75.751,1.7781],[-75.75463,1.77616],[-75.75705,1.77627],[-75.76103,1.76938],[-75.76755,1.76659],[-75.7702,1.76668],[-75.77365,1.76216],[-75.77971,1.76112],[-75.78364,1.76198],[-75.78482,1.76312],[-75.78672,1.76313],[-75.79187,1.75979],[-75.79692,1.75216],[-75.79914,1.75009],[-75.80203,1.74979],[-75.80664,1.75186],[-75.80944,1.75118],[-75.81314,1.75153],[-75.81697,1.75355],[-75.82041,1.75136],[-75.83032,1.7474],[-75.83288,1.74405],[-75.83509,1.74324],[-75.83728,1.74023],[-75.83841,1.74145],[-75.83834,1.74748],[-75.84054,1.75053],[-75.84415,1.75312],[-75.84413,1.75734],[-75.84562,1.75897],[-75.84665,1.76204],[-75.84584,1.76376],[-75.84691,1.76548],[-75.84687,1.76951],[-75.8479,1.77203],[-75.84961,1.77344],[-75.84896,1.77753],[-75.85015,1.77909],[-75.85249,1.78015],[-75.85342,1.7823],[-75.8545,1.78294],[-75.8546,1.78529],[-75.85652,1.78747],[-75.85563,1.78937],[-75.85677,1.79196],[-75.85651,1.79496],[-75.85739,1.7961],[-75.85681,1.79853],[-75.8574,1.80295],[-75.86141,1.80509],[-75.86281,1.80858],[-75.86778,1.81427],[-75.86865,1.81719],[-75.87125,1.81884],[-75.87331,1.82185],[-75.87183,1.82345],[-75.87015,1.82919],[-75.87102,1.83094],[-75.8708,1.83461],[-75.87562,1.83971],[-75.87599,1.84158],[-75.87806,1.84391],[-75.87719,1.8469],[-75.87765,1.84763],[-75.88041,1.84779],[-75.88128,1.85035],[-75.8826,1.85165],[-75.88757,1.85223],[-75.89402,1.8508],[-75.90277,1.85372],[-75.90919,1.85422],[-75.91046,1.8552],[-75.91167,1.85888],[-75.91262,1.85935],[-75.9157,1.85854],[-75.918,1.85384],[-75.92536,1.85244],[-75.93114,1.84933],[-75.93563,1.84525],[-75.9402,1.84702],[-75.94175,1.84849],[-75.9488,1.85093],[-75.94936,1.85417],[-75.95088,1.85677],[-75.94955,1.85925],[-75.94744,1.86014],[-75.943,1.86767],[-75.94269,1.86957],[-75.94103,1.87057],[-75.9394,1.86987],[-75.93798,1.8715],[-75.93452,1.87932],[-75.92927,1.88255],[-75.92794,1.88414],[-75.92765,1.88595],[-75.92908,1.89004],[-75.9288,1.89262],[-75.92698,1.89292],[-75.92324,1.8967],[-75.92009,1.89781],[-75.91948,1.8989],[-75.91991,1.89985],[-75.91828,1.90095],[-75.91522,1.90132],[-75.91133,1.90548],[-75.90799,1.90594],[-75.90351,1.90989],[-75.89875,1.90966],[-75.89569,1.91192],[-75.89314,1.91743],[-75.89427,1.92116],[-75.89276,1.92467],[-75.88914,1.92806],[-75.88909,1.9327],[-75.88657,1.93774],[-75.87964,1.93904],[-75.87801,1.94323],[-75.87165,1.94374],[-75.87025,1.94493],[-75.8698,1.94824],[-75.8673,1.95169],[-75.85829,1.95548],[-75.85507,1.95813],[-75.85349,1.96111],[-75.85049,1.96343],[-75.84898,1.96387],[-75.84786,1.96301],[-75.84097,1.96199],[-75.83943,1.96088],[-75.83719,1.9611],[-75.83462,1.96284],[-75.83677,1.96649],[-75.84114,1.97013],[-75.84191,1.97427],[-75.84049,1.97446],[-75.84056,1.9771],[-75.83901,1.97812],[-75.83812,1.9808],[-75.83658,1.98128],[-75.83543,1.98303],[-75.83708,1.98503],[-75.83574,1.98834],[-75.83355,1.98914],[-75.83037,1.99253],[-75.82524,1.99441],[-75.82321,1.99659],[-75.82078,1.99747]]]}},{"type":"Feature","properties":{"nombre":"Pitalito","codigo":"41551","departamento":"Huila","zona":"Sur","lat":1.83132,"lon":-76.09209},"geometry":{"type":"Polygon","coordinates":[[[-76.12878,1.99812],[-76.12455,1.99318],[-76.11859,1.99045],[-76.11736,1.98698],[-76.1149,1.98697],[-76.11187,1.98564],[-76.11174,1.9841],[-76.10927,1.98302],[-76.10854,1.98274],[-76.10594,1.98431],[-76.10488,1.98333],[-76.10355,1.9837],[-76.09769,1.98233],[-76.0945,1.98348],[-76.09425,1.98136],[-76.09284,1.98193],[-76.08971,1.9808],[-76.08815,1.97903],[-76.08702,1.97992],[-76.08335,1.9794],[-76.07889,1.97304],[-76.07491,1.97055],[-76.07175,1.97309],[-76.07,1.97113],[-76.06811,1.97138],[-76.06609,1.96998],[-76.06162,1.97029],[-76.06029,1.96862],[-76.05862,1.96906],[-76.05661,1.9675],[-76.0545,1.96738],[-76.05445,1.96542],[-76.05201,1.95976],[-76.04006,1.96572],[-76.03731,1.9654],[-76.0378,1.96251],[-76.03617,1.96278],[-76.03441,1.96765],[-76.03256,1.96564],[-76.03116,1.9658],[-76.03078,1.96956],[-76.03216,1.97187],[-76.03176,1.97318],[-76.02933,1.97695],[-76.02486,1.97695],[-76.02612,1.9764],[-76.02526,1.97254],[-76.02382,1.9708],[-76.02087,1.9628],[-76.01821,1.95982],[-76.0164,1.9598],[-76.01089,1.9568],[-76.00314,1.95884],[-75.9976,1.95812],[-75.99189,1.96055],[-75.98779,1.9601],[-75.98682,1.95874],[-75.98724,1.95395],[-75.98605,1.95093],[-75.98635,1.94801],[-75.98884,1.94115],[-75.98854,1.93868],[-75.98951,1.93539],[-75.98784,1.92991],[-75.98847,1.92724],[-75.99242,1.92046],[-75.99218,1.91174],[-75.9954,1.90811],[-75.99675,1.90446],[-75.99478,1.90231],[-75.99435,1.89916],[-75.9951,1.89809],[-75.99193,1.89252],[-75.99166,1.88914],[-75.99041,1.88664],[-75.98971,1.88607],[-75.98638,1.88751],[-75.98201,1.88525],[-75.98049,1.88273],[-75.97836,1.87716],[-75.98172,1.86959],[-75.98035,1.86613],[-75.97556,1.86252],[-75.97312,1.85841],[-75.96832,1.85352],[-75.96707,1.85294],[-75.96247,1.85439],[-75.96224,1.85191],[-75.96295,1.84806],[-75.96805,1.84422],[-75.97112,1.84358],[-75.97216,1.84238],[-75.97575,1.8438],[-75.97728,1.84365],[-75.98028,1.84077],[-75.98071,1.83849],[-75.98173,1.83808],[-75.98192,1.837],[-75.98151,1.83251],[-75.98043,1.83039],[-75.98117,1.82807],[-75.98499,1.82321],[-75.98418,1.82],[-75.99343,1.81725],[-75.99474,1.81395],[-75.99361,1.81159],[-75.9946,1.80769],[-75.99398,1.80462],[-75.99907,1.79852],[-76.00087,1.79814],[-76.0062,1.79408],[-76.0066,1.79126],[-76.01018,1.789],[-76.01184,1.78575],[-76.01393,1.7838],[-76.01154,1.77998],[-76.00974,1.77401],[-76.00797,1.77218],[-76.00764,1.76853],[-76.0091,1.76458],[-76.01848,1.75372],[-76.02114,1.75186],[-76.02351,1.75139],[-76.02462,1.74987],[-76.02617,1.74376],[-76.02745,1.74232],[-76.03015,1.74172],[-76.0363,1.74393],[-76.03938,1.74199],[-76.04221,1.74334],[-76.04637,1.73913],[-76.05441,1.73544],[-76.05872,1.73856],[-76.06127,1.74331],[-76.06282,1.75095],[-76.06209,1.75352],[-76.06528,1.76025],[-76.06563,1.76401],[-76.06733,1.76762],[-76.07544,1.76848],[-76.07946,1.77229],[-76.08234,1.77233],[-76.08648,1.7749],[-76.08678,1.77401],[-76.0935,1.77101],[-76.09808,1.76768],[-76.10022,1.76985],[-76.10504,1.77009],[-76.10718,1.77407],[-76.10998,1.77553],[-76.1156,1.77601],[-76.12042,1.77384],[-76.12194,1.77025],[-76.12676,1.76439],[-76.12909,1.76538],[-76.13035,1.76726],[-76.134,1.76689],[-76.13584,1.76852],[-76.13783,1.76818],[-76.13938,1.76669],[-76.13949,1.76501],[-76.14227,1.76038],[-76.14215,1.75653],[-76.14557,1.75206],[-76.14838,1.75161],[-76.15206,1.74725],[-76.15295,1.74724],[-76.1535,1.74448],[-76.15835,1.74153],[-76.161,1.73834],[-76.16315,1.73437],[-76.16368,1.72898],[-76.16808,1.72061],[-76.16813,1.71828],[-76.1748,1.71048],[-76.17908,1.70694],[-76.17885,1.70093],[-76.18198,1.6978],[-76.18432,1.6918],[-76.18827,1.68925],[-76.19246,1.68278],[-76.20267,1.67945],[-76.20337,1.67775],[-76.20783,1.67449],[-76.21107,1.67471],[-76.22297,1.66586],[-76.22641,1.66468],[-76.22815,1.66718],[-76.23191,1.66609],[-76.23497,1.6683],[-76.23677,1.67328],[-76.23985,1.67575],[-76.24143,1.67834],[-76.24111,1.68144],[-76.24234,1.68312],[-76.24628,1.68192],[-76.24948,1.67697],[-76.25385,1.67406],[-76.26442,1.67714],[-76.27234,1.6745],[-76.28147,1.67659],[-76.28506,1.67966],[-76.28673,1.68507],[-76.29156,1.68575],[-76.29469,1.68769],[-76.30163,1.69016],[-76.30729,1.68941],[-76.30864,1.68782],[-76.31618,1.68438],[-76.31889,1.68728],[-76.31964,1.6911],[-76.32127,1.69293],[-76.32174,1.695],[-76.32197,1.69787],[-76.32019,1.70145],[-76.31991,1.70785],[-76.32099,1.70983],[-76.32066,1.71255],[-76.31715,1.71538],[-76.30929,1.71679],[-76.30438,1.72276],[-76.3004,1.72535],[-76.29834,1.72897],[-76.29755,1.73306],[-76.29535,1.73391],[-76.29227,1.73337],[-76.28843,1.7342],[-76.27861,1.73794],[-76.27276,1.73534],[-76.27125,1.73535],[-76.26835,1.73622],[-76.26678,1.73815],[-76.26391,1.73913],[-76.25224,1.74661],[-76.2497,1.75181],[-76.24461,1.75852],[-76.24246,1.76454],[-76.24005,1.7661],[-76.23886,1.76795],[-76.23959,1.77544],[-76.2416,1.77996],[-76.23883,1.78744],[-76.23322,1.7912],[-76.23179,1.79354],[-76.22762,1.79495],[-76.22332,1.79809],[-76.22106,1.80395],[-76.21708,1.81093],[-76.21231,1.81389],[-76.21229,1.81877],[-76.21085,1.82195],[-76.20362,1.82623],[-76.20516,1.83063],[-76.19869,1.83462],[-76.19744,1.83627],[-76.20025,1.83771],[-76.1984,1.85159],[-76.19924,1.85415],[-76.20143,1.85566],[-76.20024,1.85843],[-76.19805,1.85877],[-76.19767,1.86055],[-76.19262,1.86396],[-76.17742,1.86724],[-76.17676,1.87075],[-76.17443,1.86955],[-76.17099,1.86969],[-76.16986,1.86755],[-76.16796,1.86656],[-76.1668,1.8676],[-76.16573,1.86949],[-76.1652,1.87447],[-76.16258,1.87847],[-76.16467,1.88051],[-76.16408,1.88524],[-76.16571,1.88582],[-76.16601,1.88695],[-76.16347,1.88819],[-76.16118,1.89293],[-76.15708,1.89314],[-76.15229,1.8961],[-76.15234,1.8981],[-76.15391,1.8999],[-76.15187,1.90128],[-76.15144,1.90269],[-76.15424,1.90795],[-76.1534,1.91357],[-76.15137,1.91675],[-76.14634,1.91639],[-76.14374,1.91798],[-76.14011,1.91782],[-76.13435,1.9224],[-76.13249,1.92164],[-76.12685,1.92212],[-76.12118,1.92793],[-76.1157,1.93204],[-76.11353,1.93488],[-76.10625,1.93557],[-76.1007,1.93784],[-76.10146,1.94067],[-76.10536,1.94025],[-76.10554,1.94651],[-76.11046,1.94991],[-76.11571,1.95047],[-76.11774,1.94918],[-76.12149,1.94904],[-76.12463,1.95129],[-76.12751,1.95086],[-76.12909,1.9533],[-76.13743,1.9579],[-76.13891,1.95942],[-76.13869,1.96135],[-76.14063,1.96044],[-76.14075,1.95896],[-76.14224,1.95844],[-76.1433,1.95665],[-76.14662,1.95647],[-76.14862,1.95788],[-76.15377,1.95936],[-76.15743,1.96264],[-76.15955,1.96184],[-76.16123,1.96419],[-76.16137,1.96529],[-76.15387,1.97181],[-76.15412,1.97408],[-76.1565,1.97522],[-76.15652,1.97851],[-76.15727,1.9794],[-76.15624,1.98101],[-76.14943,1.9801],[-76.14261,1.9864],[-76.14144,1.98891],[-76.13745,1.99123],[-76.13365,1.99683],[-76.13129,1.99665],[-76.12878,1.99812]]]}},{"type":"Feature","properties":{"nombre":"Timaná","codigo":"41807","departamento":"Huila","zona":"Sur","lat":1.94962,"lon":-75.92751},"geometry":{"type":"Polygon","coordinates":[[[-75.85898,2.0462],[-75.85564,2.04576],[-75.85138,2.03805],[-75.84758,2.03545],[-75.84772,2.03273],[-75.8394,2.03267],[-75.83863,2.0321],[-75.83622,2.02666],[-75.83482,2.02626],[-75.83267,2.02362],[-75.83138,2.01848],[-75.8281,2.01575],[-75.8291,2.00778],[-75.82927,2.00149],[-75.8286,1.99938],[-75.82393,1.99907],[-75.823,1.9997],[-75.82084,1.99747],[-75.82321,1.99659],[-75.82524,1.99441],[-75.83037,1.99253],[-75.83355,1.98914],[-75.83574,1.98834],[-75.83708,1.98503],[-75.83543,1.98303],[-75.83658,1.98128],[-75.83812,1.9808],[-75.83901,1.97812],[-75.84056,1.9771],[-75.84049,1.97446],[-75.84191,1.97427],[-75.84114,1.97013],[-75.83677,1.96649],[-75.83462,1.96284],[-75.83719,1.9611],[-75.83943,1.96088],[-75.84097,1.96199],[-75.84786,1.96301],[-75.84898,1.96387],[-75.85049,1.96343],[-75.85349,1.96111],[-75.85507,1.95813],[-75.85829,1.95548],[-75.8673,1.95169],[-75.8698,1.94824],[-75.87025,1.94493],[-75.87165,1.94374],[-75.87801,1.94323],[-75.87964,1.93904],[-75.88657,1.93774],[-75.88909,1.9327],[-75.88914,1.92806],[-75.89276,1.92467],[-75.89427,1.92116],[-75.89323,1.91691],[-75.89658,1.91094],[-75.89875,1.90966],[-75.90244,1.91009],[-75.90454,1.90938],[-75.90545,1.90776],[-75.90799,1.90594],[-75.91133,1.90548],[-75.91522,1.90132],[-75.91793,1.90106],[-75.91979,1.89996],[-75.92009,1.89781],[-75.92324,1.8967],[-75.92698,1.89292],[-75.9288,1.89262],[-75.92908,1.89004],[-75.92765,1.88595],[-75.92794,1.88414],[-75.92927,1.88255],[-75.93452,1.87932],[-75.93798,1.8715],[-75.9394,1.86987],[-75.94103,1.87057],[-75.94269,1.86957],[-75.943,1.86767],[-75.94744,1.86014],[-75.94955,1.85925],[-75.95088,1.85677],[-75.96143,1.85544],[-75.96247,1.85439],[-75.96707,1.85294],[-75.96832,1.85352],[-75.97312,1.85841],[-75.97556,1.86252],[-75.98035,1.86613],[-75.98143,1.86792],[-75.98172,1.86959],[-75.97836,1.87716],[-75.98049,1.88273],[-75.98201,1.88525],[-75.98638,1.88751],[-75.98971,1.88607],[-75.99041,1.88664],[-75.99166,1.88914],[-75.99193,1.89252],[-75.9951,1.89809],[-75.99435,1.89916],[-75.99478,1.90231],[-75.99675,1.90446],[-75.9954,1.90811],[-75.99218,1.91174],[-75.99242,1.92046],[-75.98847,1.92724],[-75.98784,1.92991],[-75.98951,1.93539],[-75.98854,1.93868],[-75.98884,1.94115],[-75.98635,1.94801],[-75.98605,1.95093],[-75.98707,1.95234],[-75.98712,1.95475],[-75.98625,1.95608],[-75.98166,1.95788],[-75.97947,1.96017],[-75.97752,1.96095],[-75.97573,1.96053],[-75.97323,1.96343],[-75.97073,1.96495],[-75.96927,1.9797],[-75.96701,1.98321],[-75.96475,1.98282],[-75.96307,1.98385],[-75.96151,1.98793],[-75.96019,1.98905],[-75.95679,1.98652],[-75.95265,1.98674],[-75.95115,1.98804],[-75.95029,1.98791],[-75.94279,1.99596],[-75.93839,1.99711],[-75.93254,1.99273],[-75.93004,1.99214],[-75.92936,1.99111],[-75.92974,1.98985],[-75.92881,1.98957],[-75.92835,1.9876],[-75.92537,1.98662],[-75.9242,1.98712],[-75.92392,1.98819],[-75.92078,1.98857],[-75.921,1.99129],[-75.91816,1.99215],[-75.9182,1.99421],[-75.91527,1.99431],[-75.91466,1.99592],[-75.91264,1.99683],[-75.91307,2.0004],[-75.91179,1.99947],[-75.90817,2.00014],[-75.90686,2.00256],[-75.90305,2.00297],[-75.9013,2.00398],[-75.90036,2.0065],[-75.89804,2.00462],[-75.8957,2.00532],[-75.89359,2.00764],[-75.88997,2.00779],[-75.88906,2.00955],[-75.89009,2.01129],[-75.88859,2.01524],[-75.88433,2.01578],[-75.88329,2.01776],[-75.88131,2.01815],[-75.88031,2.02292],[-75.87514,2.02789],[-75.87364,2.0291],[-75.86978,2.02927],[-75.86873,2.03028],[-75.86739,2.03356],[-75.86481,2.03479],[-75.86463,2.03976],[-75.86331,2.04261],[-75.86249,2.0433],[-75.85967,2.04239],[-75.85864,2.04453],[-75.85898,2.0462]]]}},{"type":"Feature","properties":{"nombre":"Elías","codigo":"41244","departamento":"Huila","zona":"Sur","lat":2.00262,"lon":-75.95189},"geometry":{"type":"Polygon","coordinates":[[[-75.95318,2.05017],[-75.94355,2.04938],[-75.94098,2.04807],[-75.93456,2.03842],[-75.93276,2.03771],[-75.93003,2.03875],[-75.92404,2.03469],[-75.9191,2.03349],[-75.90927,2.03629],[-75.90234,2.03339],[-75.89935,2.03357],[-75.89879,2.03676],[-75.89663,2.04151],[-75.89436,2.04245],[-75.89117,2.04082],[-75.88887,2.0358],[-75.88743,2.03544],[-75.8819,2.03887],[-75.88208,2.04052],[-75.88369,2.04147],[-75.88406,2.04304],[-75.88042,2.04407],[-75.87898,2.04554],[-75.87723,2.04415],[-75.87607,2.04456],[-75.87601,2.04824],[-75.8752,2.04885],[-75.87123,2.04759],[-75.87006,2.0458],[-75.86412,2.04517],[-75.86249,2.0433],[-75.86463,2.03976],[-75.86481,2.03479],[-75.86739,2.03356],[-75.86873,2.03028],[-75.86978,2.02927],[-75.87364,2.0291],[-75.87514,2.02789],[-75.88031,2.02292],[-75.88131,2.01815],[-75.88329,2.01776],[-75.88433,2.01578],[-75.88859,2.01524],[-75.89009,2.01129],[-75.88906,2.00955],[-75.88997,2.00779],[-75.89359,2.00764],[-75.8957,2.00532],[-75.89804,2.00462],[-75.90036,2.0065],[-75.9013,2.00398],[-75.90305,2.00297],[-75.90686,2.00256],[-75.90817,2.00014],[-75.91179,1.99947],[-75.91307,2.0004],[-75.91264,1.99683],[-75.91466,1.99592],[-75.91527,1.99431],[-75.91845,1.99398],[-75.91816,1.99215],[-75.921,1.99129],[-75.92042,1.98959],[-75.92118,1.98827],[-75.92392,1.98819],[-75.9242,1.98712],[-75.92588,1.98657],[-75.92835,1.9876],[-75.92881,1.98957],[-75.92974,1.98985],[-75.92969,1.99186],[-75.93254,1.99273],[-75.93839,1.99711],[-75.94279,1.99596],[-75.95029,1.98791],[-75.95115,1.98804],[-75.95265,1.98674],[-75.95679,1.98652],[-75.96019,1.98905],[-75.96151,1.98793],[-75.96307,1.98385],[-75.96475,1.98282],[-75.96701,1.98321],[-75.96927,1.9797],[-75.97073,1.96495],[-75.97323,1.96343],[-75.97573,1.96053],[-75.97752,1.96095],[-75.97947,1.96017],[-75.98166,1.95788],[-75.98625,1.95608],[-75.98712,1.95475],[-75.9866,1.95817],[-75.98779,1.9601],[-75.99189,1.96055],[-75.9976,1.95812],[-76.00314,1.95884],[-76.01089,1.9568],[-76.0164,1.9598],[-76.01843,1.95995],[-76.02191,1.96494],[-76.02349,1.97005],[-76.02526,1.97254],[-76.02612,1.9764],[-76.0215,1.9771],[-76.0161,1.98177],[-76.01523,1.98305],[-76.01651,1.9854],[-76.01591,1.98641],[-76.01083,1.98936],[-76.0067,1.98974],[-76.00655,1.99192],[-76.00442,1.99581],[-76.00618,1.99905],[-76.0059,2.00108],[-76.00092,2.00038],[-75.99724,2.00208],[-75.99741,2.00592],[-75.99572,2.01035],[-75.99229,2.01185],[-75.98847,2.01128],[-75.98556,2.01225],[-75.98455,2.01547],[-75.98215,2.01601],[-75.9792,2.02319],[-75.97028,2.03001],[-75.96799,2.0293],[-75.96596,2.02969],[-75.96492,2.03249],[-75.96246,2.03464],[-75.96335,2.03997],[-75.96285,2.04129],[-75.95931,2.04344],[-75.95866,2.0483],[-75.95657,2.04777],[-75.95318,2.05017]]]}},{"type":"Feature","properties":{"nombre":"Guadalupe","codigo":"41319","departamento":"Huila","zona":"Centro","lat":1.98496,"lon":-75.69932},"geometry":{"type":"Polygon","coordinates":[[[-75.708,2.0891],[-75.70737,2.08655],[-75.70495,2.08465],[-75.70179,2.08633],[-75.69875,2.08636],[-75.69773,2.08472],[-75.69871,2.08308],[-75.69827,2.08032],[-75.69559,2.07948],[-75.69398,2.07684],[-75.6961,2.07168],[-75.69482,2.07044],[-75.69475,2.06885],[-75.69261,2.06657],[-75.68914,2.06867],[-75.68559,2.06815],[-75.68276,2.06865],[-75.68212,2.0676],[-75.68299,2.06602],[-75.68086,2.0645],[-75.68246,2.06281],[-75.68044,2.05894],[-75.67824,2.05928],[-75.67846,2.05683],[-75.67559,2.05132],[-75.66713,2.04551],[-75.66336,2.0438],[-75.663,2.04144],[-75.66155,2.04107],[-75.65618,2.04259],[-75.65515,2.04059],[-75.65516,2.03855],[-75.65296,2.03741],[-75.64939,2.03813],[-75.64678,2.03567],[-75.64464,2.037],[-75.64147,2.03548],[-75.64009,2.03689],[-75.63397,2.03516],[-75.63277,2.0312],[-75.63401,2.02979],[-75.63352,2.0275],[-75.63063,2.02491],[-75.62659,2.02296],[-75.62578,2.01992],[-75.62272,2.01869],[-75.62217,2.01656],[-75.62021,2.01565],[-75.61878,2.01269],[-75.61647,2.01178],[-75.6155,2.00919],[-75.61133,2.00791],[-75.60975,2.00815],[-75.60399,2.01417],[-75.59949,2.01755],[-75.59779,2.0161],[-75.5879,2.01358],[-75.5877,2.01236],[-75.58825,2.01091],[-75.59099,2.01014],[-75.59412,2.00691],[-75.60113,2.00572],[-75.6084,2.00089],[-75.61614,1.99701],[-75.61623,1.98793],[-75.62027,1.98233],[-75.62393,1.9748],[-75.63153,1.96477],[-75.63819,1.96081],[-75.64104,1.95803],[-75.64158,1.94947],[-75.64738,1.93577],[-75.64392,1.93154],[-75.64124,1.92614],[-75.64127,1.92254],[-75.64265,1.91876],[-75.64298,1.91446],[-75.64969,1.90718],[-75.65176,1.90105],[-75.65615,1.8975],[-75.65969,1.89105],[-75.66802,1.89036],[-75.67194,1.88848],[-75.67473,1.88562],[-75.68427,1.88154],[-75.68815,1.88072],[-75.69318,1.88206],[-75.69658,1.88539],[-75.70077,1.89598],[-75.70439,1.89777],[-75.70596,1.89969],[-75.70599,1.90299],[-75.70788,1.90747],[-75.70717,1.91217],[-75.71308,1.91409],[-75.71703,1.91719],[-75.72271,1.91888],[-75.72262,1.92026],[-75.72417,1.92264],[-75.72307,1.92759],[-75.72414,1.93117],[-75.72262,1.93439],[-75.72409,1.93822],[-75.7274,1.93846],[-75.72833,1.93989],[-75.73424,1.94069],[-75.73634,1.94194],[-75.74291,1.94041],[-75.74402,1.93891],[-75.74759,1.93998],[-75.75009,1.93834],[-75.75473,1.94544],[-75.75915,1.9447],[-75.7655,1.94769],[-75.77132,1.95508],[-75.77417,1.96069],[-75.77566,1.97479],[-75.77754,1.976],[-75.78031,1.97607],[-75.78153,1.97772],[-75.78025,1.98584],[-75.7881,1.98753],[-75.7879,1.9896],[-75.79076,1.99651],[-75.78936,1.99738],[-75.78762,1.99625],[-75.78713,1.99805],[-75.78857,2.00067],[-75.78607,2.00237],[-75.78446,2.00744],[-75.78008,2.01222],[-75.77714,2.02404],[-75.77478,2.02819],[-75.7723,2.02988],[-75.7707,2.0283],[-75.76894,2.02277],[-75.767,2.02279],[-75.75968,2.02602],[-75.75691,2.02927],[-75.75192,2.03281],[-75.74881,2.03335],[-75.74654,2.03664],[-75.74648,2.04151],[-75.7441,2.04196],[-75.74306,2.04359],[-75.74534,2.04642],[-75.74265,2.04791],[-75.7402,2.0472],[-75.73783,2.05224],[-75.73552,2.05103],[-75.73383,2.05177],[-75.73305,2.05331],[-75.73409,2.05611],[-75.73312,2.05854],[-75.72433,2.06535],[-75.72132,2.06558],[-75.7141,2.07449],[-75.71113,2.07678],[-75.71025,2.0778],[-75.70984,2.08294],[-75.708,2.0891]]]}},{"type":"Feature","properties":{"nombre":"Oporapa","codigo":"41503","departamento":"Huila","zona":"Sur","lat":2.06487,"lon":-76.04627},"geometry":{"type":"Polygon","coordinates":[[[-76.12486,2.12815],[-76.11878,2.12397],[-76.11798,2.12129],[-76.11524,2.11947],[-76.11358,2.10696],[-76.10389,2.09707],[-76.10017,2.09674],[-76.09581,2.09761],[-76.0866,2.10153],[-76.08243,2.10173],[-76.07311,2.09461],[-76.0642,2.09428],[-76.06133,2.09345],[-76.0598,2.09133],[-76.05759,2.09046],[-76.05345,2.0914],[-76.0505,2.09307],[-76.04181,2.09365],[-76.04059,2.09503],[-76.03268,2.0979],[-76.0274,2.09591],[-76.01074,2.10954],[-76.0102,2.11135],[-76.00629,2.11468],[-75.99866,2.11361],[-75.99622,2.11485],[-75.99382,2.11196],[-75.99234,2.11175],[-75.98674,2.11379],[-75.98516,2.11352],[-75.98198,2.10996],[-75.98042,2.10943],[-75.9764,2.10886],[-75.97286,2.11004],[-75.97037,2.10712],[-75.97203,2.10554],[-75.97111,2.09848],[-75.97174,2.09452],[-75.97012,2.09273],[-75.96746,2.0917],[-75.97024,2.08639],[-75.97245,2.07958],[-75.97863,2.07035],[-75.97955,2.06612],[-75.97418,2.05792],[-75.97254,2.05153],[-75.97011,2.04615],[-75.96285,2.04129],[-75.96337,2.03855],[-75.96246,2.03464],[-75.96492,2.03249],[-75.96596,2.02969],[-75.96799,2.0293],[-75.97028,2.03001],[-75.9792,2.02319],[-75.98215,2.01601],[-75.98455,2.01547],[-75.98556,2.01225],[-75.98847,2.01128],[-75.99229,2.01185],[-75.99572,2.01035],[-75.99741,2.00592],[-75.99724,2.00208],[-76.00092,2.00038],[-76.0059,2.00108],[-76.00784,2.00303],[-76.0156,2.00486],[-76.01999,2.00705],[-76.02361,2.00789],[-76.02586,2.00754],[-76.0307,2.00991],[-76.03636,2.01075],[-76.04202,2.01036],[-76.0432,2.01162],[-76.04431,2.01072],[-76.04734,2.015],[-76.05018,2.01459],[-76.05141,2.01714],[-76.05275,2.01686],[-76.0538,2.0179],[-76.0557,2.01799],[-76.05658,2.01912],[-76.0576,2.01897],[-76.0604,2.02122],[-76.06059,2.02273],[-76.06557,2.02457],[-76.06807,2.02707],[-76.07086,2.0278],[-76.07241,2.02752],[-76.0734,2.02537],[-76.07734,2.02377],[-76.08157,2.0197],[-76.08583,2.01811],[-76.08841,2.01802],[-76.08946,2.01707],[-76.09085,2.01901],[-76.09291,2.01796],[-76.09657,2.01871],[-76.0974,2.02112],[-76.10058,2.02352],[-76.10155,2.02628],[-76.10547,2.02644],[-76.10896,2.02889],[-76.10875,2.0304],[-76.1107,2.03264],[-76.11088,2.03456],[-76.10931,2.03476],[-76.10928,2.03654],[-76.10788,2.03712],[-76.10846,2.03871],[-76.10729,2.04063],[-76.10748,2.04171],[-76.11501,2.05206],[-76.11404,2.05791],[-76.11462,2.0636],[-76.11392,2.06519],[-76.11028,2.06679],[-76.10944,2.06829],[-76.10947,2.07182],[-76.10851,2.07332],[-76.1093,2.07492],[-76.10811,2.0776],[-76.1097,2.07821],[-76.11013,2.08007],[-76.10937,2.08388],[-76.11007,2.08638],[-76.10895,2.08919],[-76.11074,2.08988],[-76.11128,2.09222],[-76.1126,2.09262],[-76.11339,2.09407],[-76.11558,2.09496],[-76.11542,2.09983],[-76.11809,2.09874],[-76.12106,2.10148],[-76.12226,2.10301],[-76.1225,2.1053],[-76.12479,2.10737],[-76.1253,2.10941],[-76.13013,2.10838],[-76.13708,2.10857],[-76.13901,2.1123],[-76.15023,2.11808],[-76.13563,2.12897],[-76.12856,2.12971],[-76.12486,2.12815]]]}},{"type":"Feature","properties":{"nombre":"Altamira","codigo":"41026","departamento":"Huila","zona":"Centro","lat":2.0794,"lon":-75.77623},"geometry":{"type":"Polygon","coordinates":[[[-75.69312,2.16933],[-75.68914,2.16967],[-75.68639,2.16799],[-75.68838,2.16674],[-75.68791,2.16526],[-75.68544,2.16434],[-75.68684,2.16248],[-75.68716,2.15749],[-75.66849,2.14152],[-75.67283,2.13741],[-75.67424,2.13195],[-75.67874,2.12804],[-75.67895,2.12614],[-75.68372,2.12687],[-75.68777,2.12392],[-75.68845,2.12071],[-75.69171,2.11979],[-75.69812,2.11949],[-75.7001,2.11831],[-75.69847,2.11681],[-75.69853,2.11318],[-75.70122,2.10938],[-75.70061,2.1056],[-75.70707,2.09617],[-75.70552,2.09311],[-75.70852,2.08847],[-75.71025,2.0778],[-75.7141,2.07449],[-75.72132,2.06558],[-75.72433,2.06535],[-75.73312,2.05854],[-75.73409,2.05611],[-75.73305,2.05331],[-75.73383,2.05177],[-75.73552,2.05103],[-75.73783,2.05224],[-75.7402,2.0472],[-75.74265,2.04791],[-75.74534,2.04642],[-75.74306,2.04359],[-75.7441,2.04196],[-75.74648,2.04151],[-75.74654,2.03664],[-75.74881,2.03335],[-75.75192,2.03281],[-75.75691,2.02927],[-75.75968,2.02602],[-75.767,2.02279],[-75.76894,2.02277],[-75.7707,2.0283],[-75.7723,2.02988],[-75.77478,2.02819],[-75.77714,2.02404],[-75.78008,2.01222],[-75.78446,2.00744],[-75.78607,2.00237],[-75.78857,2.00067],[-75.78713,1.99805],[-75.78762,1.99625],[-75.78936,1.99738],[-75.79063,1.99703],[-75.78896,1.99161],[-75.79214,1.99154],[-75.79452,1.98874],[-75.79758,1.9887],[-75.79901,1.98914],[-75.7994,1.9906],[-75.8009,1.99185],[-75.80862,1.99324],[-75.81044,1.99471],[-75.81245,1.99305],[-75.81537,1.99344],[-75.81607,1.99564],[-75.81919,1.99628],[-75.823,1.9997],[-75.82393,1.99907],[-75.8286,1.99938],[-75.82927,2.00149],[-75.8291,2.00778],[-75.8281,2.01575],[-75.83194,2.01942],[-75.83351,2.02507],[-75.83622,2.02666],[-75.8394,2.03267],[-75.84772,2.03273],[-75.84758,2.03545],[-75.85138,2.03805],[-75.85564,2.04576],[-75.85991,2.04688],[-75.85944,2.04864],[-75.85607,2.04909],[-75.84735,2.05875],[-75.84695,2.06281],[-75.84913,2.06908],[-75.84509,2.06873],[-75.84435,2.06953],[-75.84562,2.07151],[-75.84583,2.07543],[-75.84448,2.07783],[-75.84142,2.08018],[-75.83996,2.08645],[-75.8361,2.09097],[-75.8324,2.0935],[-75.8276,2.09372],[-75.82218,2.09633],[-75.81876,2.09675],[-75.81712,2.09898],[-75.81737,2.10356],[-75.81513,2.10335],[-75.8119,2.10168],[-75.80022,2.10578],[-75.79892,2.1079],[-75.79963,2.11672],[-75.79341,2.12124],[-75.78474,2.12224],[-75.77643,2.12071],[-75.77532,2.11985],[-75.77462,2.11759],[-75.77471,2.11461],[-75.76958,2.10824],[-75.76731,2.10671],[-75.76377,2.10782],[-75.76237,2.10985],[-75.75961,2.10881],[-75.75882,2.11062],[-75.75576,2.11209],[-75.75304,2.11204],[-75.74811,2.11352],[-75.74696,2.11469],[-75.74541,2.12033],[-75.74329,2.12146],[-75.74052,2.12854],[-75.74309,2.14245],[-75.74275,2.14572],[-75.74114,2.1496],[-75.73927,2.15095],[-75.73349,2.16147],[-75.73129,2.1629],[-75.72748,2.16267],[-75.72268,2.16587],[-75.71825,2.16473],[-75.7124,2.16544],[-75.70924,2.16434],[-75.70507,2.16545],[-75.69953,2.16259],[-75.69312,2.16933]]]}},{"type":"Feature","properties":{"nombre":"San Agustín","codigo":"41668","departamento":"Huila","zona":"Sur","lat":1.92673,"lon":-76.44949},"geometry":{"type":"Polygon","coordinates":[[[-76.41987,2.19153],[-76.42231,2.19035],[-76.42489,2.18715],[-76.42449,2.18388],[-76.4261,2.17871],[-76.42559,2.17296],[-76.42157,2.16585],[-76.41883,2.1649],[-76.41894,2.16344],[-76.4172,2.16306],[-76.41669,2.16165],[-76.41429,2.16031],[-76.41296,2.16039],[-76.41121,2.15864],[-76.41034,2.15939],[-76.40876,2.15908],[-76.40875,2.15735],[-76.4076,2.15637],[-76.40906,2.15505],[-76.40732,2.15313],[-76.40848,2.15207],[-76.4076,2.15046],[-76.40684,2.1507],[-76.40661,2.14889],[-76.40505,2.14857],[-76.40435,2.14731],[-76.40158,2.14705],[-76.40074,2.1479],[-76.39978,2.14728],[-76.39961,2.14571],[-76.40158,2.14519],[-76.4015,2.14274],[-76.3969,2.13357],[-76.39517,2.13348],[-76.3952,2.13197],[-76.39669,2.13059],[-76.3955,2.12951],[-76.39536,2.1278],[-76.39084,2.12379],[-76.39032,2.11972],[-76.38745,2.11742],[-76.38709,2.11572],[-76.38281,2.11387],[-76.38099,2.10441],[-76.38147,2.10269],[-76.3859,2.10044],[-76.3856,2.09897],[-76.38444,2.09812],[-76.38477,2.09715],[-76.38336,2.09607],[-76.3847,2.09534],[-76.38544,2.09357],[-76.3819,2.09229],[-76.3818,2.08994],[-76.37994,2.08903],[-76.37696,2.08482],[-76.3792,2.08239],[-76.37759,2.08008],[-76.37896,2.07677],[-76.37821,2.07592],[-76.37594,2.0762],[-76.37547,2.07557],[-76.37405,2.07623],[-76.36666,2.0715],[-76.36407,2.07128],[-76.36172,2.06764],[-76.35242,2.06564],[-76.35067,2.06464],[-76.34932,2.06506],[-76.34688,2.06184],[-76.34866,2.06027],[-76.34746,2.05741],[-76.34776,2.05399],[-76.34491,2.05268],[-76.34533,2.05012],[-76.34414,2.04936],[-76.34316,2.04974],[-76.34108,2.04817],[-76.34024,2.04635],[-76.33851,2.04611],[-76.3373,2.0442],[-76.33281,2.04195],[-76.33275,2.04032],[-76.33122,2.03881],[-76.32931,2.03856],[-76.32893,2.0374],[-76.32173,2.03469],[-76.32148,2.03185],[-76.3192,2.03021],[-76.31697,2.03009],[-76.31381,2.0312],[-76.31256,2.033],[-76.30459,2.03314],[-76.3034,2.03125],[-76.30187,2.03158],[-76.30163,2.02863],[-76.29758,2.0252],[-76.29567,2.02457],[-76.29448,2.02207],[-76.29173,2.02273],[-76.29035,2.02194],[-76.2874,2.01474],[-76.28652,2.01445],[-76.28484,2.01617],[-76.28112,2.01469],[-76.27746,2.01155],[-76.27409,2.01082],[-76.27363,2.00692],[-76.27203,2.00539],[-76.273,2.00341],[-76.26938,2.00097],[-76.26997,1.99806],[-76.26862,1.99495],[-76.26834,1.98765],[-76.26945,1.98665],[-76.27,1.9838],[-76.27322,1.98455],[-76.27437,1.98098],[-76.2767,1.98283],[-76.27648,1.97997],[-76.27788,1.97816],[-76.27876,1.97401],[-76.28166,1.97206],[-76.28191,1.97056],[-76.28418,1.97023],[-76.2826,1.96753],[-76.2848,1.96736],[-76.28427,1.96576],[-76.2827,1.96478],[-76.28374,1.96268],[-76.28286,1.95679],[-76.2812,1.95471],[-76.28291,1.95259],[-76.28253,1.94967],[-76.28333,1.94874],[-76.28175,1.94237],[-76.28157,1.93708],[-76.28264,1.93152],[-76.2807,1.92776],[-76.27822,1.92519],[-76.27949,1.92291],[-76.27806,1.92106],[-76.27759,1.91816],[-76.27344,1.9176],[-76.27221,1.91589],[-76.26931,1.91414],[-76.26932,1.91337],[-76.2716,1.91181],[-76.26897,1.91057],[-76.26951,1.90772],[-76.26543,1.90327],[-76.26555,1.89941],[-76.26036,1.89548],[-76.25979,1.89046],[-76.25617,1.89007],[-76.25477,1.8881],[-76.25057,1.88628],[-76.24886,1.88132],[-76.24646,1.88136],[-76.24539,1.88062],[-76.24576,1.87828],[-76.23927,1.87928],[-76.23922,1.87517],[-76.23737,1.87455],[-76.23405,1.87544],[-76.23284,1.87354],[-76.23018,1.87259],[-76.23147,1.86939],[-76.22861,1.86635],[-76.22882,1.8632],[-76.22698,1.86213],[-76.22554,1.8626],[-76.22495,1.86143],[-76.22499,1.85954],[-76.2276,1.85666],[-76.22714,1.85407],[-76.22429,1.85399],[-76.22106,1.8557],[-76.21843,1.85465],[-76.21783,1.8564],[-76.21546,1.85726],[-76.2151,1.85986],[-76.21044,1.86251],[-76.20748,1.86133],[-76.20689,1.86226],[-76.20064,1.8639],[-76.19457,1.86247],[-76.19772,1.8605],[-76.19805,1.85877],[-76.20013,1.85857],[-76.20143,1.85606],[-76.20123,1.85516],[-76.19924,1.85415],[-76.1984,1.85159],[-76.20025,1.83771],[-76.19744,1.83627],[-76.19869,1.83462],[-76.20516,1.83063],[-76.20362,1.82623],[-76.21085,1.82195],[-76.21229,1.81877],[-76.21231,1.81389],[-76.21708,1.81093],[-76.22106,1.80395],[-76.22332,1.79809],[-76.22762,1.79495],[-76.23179,1.79354],[-76.23322,1.7912],[-76.23883,1.78744],[-76.2416,1.77996],[-76.23959,1.77544],[-76.23886,1.76795],[-76.24005,1.7661],[-76.24246,1.76454],[-76.24461,1.75852],[-76.2497,1.75181],[-76.25224,1.74661],[-76.26391,1.73913],[-76.26678,1.73815],[-76.26835,1.73622],[-76.27125,1.73535],[-76.27276,1.73534],[-76.27861,1.73794],[-76.28843,1.7342],[-76.29227,1.73337],[-76.29535,1.73391],[-76.29755,1.73306],[-76.29834,1.72897],[-76.3004,1.72535],[-76.30438,1.72276],[-76.30929,1.71679],[-76.31715,1.71538],[-76.32066,1.71255],[-76.32099,1.70983],[-76.31991,1.70785],[-76.32019,1.70145],[-76.32197,1.69787],[-76.32174,1.695],[-76.32127,1.69293],[-76.31964,1.6911],[-76.31889,1.68728],[-76.31618,1.68438],[-76.31869,1.68139],[-76.32088,1.67544],[-76.32326,1.67152],[-76.32302,1.66815],[-76.3256,1.66309],[-76.32789,1.66401],[-76.33459,1.66355],[-76.34136,1.66472],[-76.34834,1.66181],[-76.35403,1.66663],[-76.36347,1.66994],[-76.36718,1.66945],[-76.36852,1.66866],[-76.36968,1.66504],[-76.37486,1.66357],[-76.37669,1.66394],[-76.38192,1.66768],[-76.38198,1.67117],[-76.37827,1.67571],[-76.3796,1.68086],[-76.3754,1.68423],[-76.37613,1.68631],[-76.37546,1.69496],[-76.37759,1.69943],[-76.37381,1.70721],[-76.37375,1.71151],[-76.37502,1.71715],[-76.36978,1.73253],[-76.37349,1.73449],[-76.37325,1.73756],[-76.37118,1.74081],[-76.37191,1.74252],[-76.37832,1.74497],[-76.38086,1.74712],[-76.38263,1.74676],[-76.38683,1.74351],[-76.39518,1.73922],[-76.39688,1.73695],[-76.40054,1.73542],[-76.40706,1.73058],[-76.41041,1.72323],[-76.41437,1.71728],[-76.41663,1.71642],[-76.41949,1.71777],[-76.42333,1.72372],[-76.42668,1.72697],[-76.42704,1.73371],[-76.43051,1.74101],[-76.42966,1.74297],[-76.42478,1.7453],[-76.42362,1.74665],[-76.42094,1.75615],[-76.42313,1.76252],[-76.42538,1.76614],[-76.42782,1.77613],[-76.43513,1.7918],[-76.44907,1.79755],[-76.45243,1.80305],[-76.46253,1.80919],[-76.46734,1.81397],[-76.47069,1.81581],[-76.47477,1.81636],[-76.47904,1.82029],[-76.48878,1.82581],[-76.49231,1.82615],[-76.49524,1.8252],[-76.49829,1.82569],[-76.50211,1.82956],[-76.50618,1.8285],[-76.51003,1.83303],[-76.51271,1.83364],[-76.51831,1.83146],[-76.52231,1.82818],[-76.52138,1.82493],[-76.52445,1.82504],[-76.53045,1.82354],[-76.53334,1.82907],[-76.53963,1.834],[-76.54543,1.83998],[-76.54863,1.84076],[-76.55388,1.83828],[-76.55731,1.83916],[-76.55954,1.84394],[-76.56868,1.84973],[-76.56927,1.8558],[-76.57302,1.85801],[-76.57777,1.85921],[-76.57999,1.86242],[-76.58823,1.86597],[-76.58897,1.86768],[-76.59031,1.86816],[-76.59019,1.87221],[-76.59205,1.88141],[-76.59133,1.88262],[-76.58702,1.88428],[-76.58424,1.88632],[-76.58282,1.89293],[-76.57872,1.89873],[-76.58373,1.90103],[-76.58583,1.90446],[-76.58626,1.90884],[-76.59201,1.91361],[-76.59504,1.91997],[-76.6031,1.92061],[-76.60951,1.92352],[-76.6116,1.9258],[-76.61928,1.92654],[-76.61967,1.92813],[-76.61906,1.93155],[-76.61623,1.9339],[-76.61415,1.93729],[-76.61415,1.94011],[-76.61046,1.94673],[-76.6115,1.94811],[-76.61504,1.94996],[-76.61681,1.95318],[-76.61954,1.95501],[-76.62202,1.95867],[-76.62418,1.96779],[-76.62426,1.97385],[-76.62046,1.97626],[-76.61584,1.98561],[-76.61228,1.98987],[-76.61068,1.99501],[-76.60773,1.99629],[-76.60003,1.99739],[-76.59604,2.00253],[-76.59235,2.00552],[-76.58936,2.00557],[-76.58915,2.00259],[-76.58738,2.00041],[-76.58252,2.0005],[-76.57923,2.00175],[-76.57862,2.0028],[-76.5791,2.01022],[-76.57251,2.01974],[-76.57385,2.02988],[-76.57602,2.03038],[-76.58034,2.02912],[-76.58273,2.03041],[-76.58606,2.03464],[-76.58629,2.03998],[-76.58406,2.04658],[-76.57797,2.05456],[-76.57728,2.05654],[-76.57995,2.06434],[-76.58057,2.0723],[-76.58392,2.08228],[-76.58242,2.0867],[-76.59006,2.09476],[-76.58941,2.10278],[-76.59065,2.10547],[-76.59021,2.10803],[-76.58548,2.11018],[-76.57994,2.11525],[-76.57542,2.11801],[-76.57042,2.12663],[-76.56291,2.13187],[-76.55908,2.13358],[-76.5553,2.13813],[-76.55292,2.13972],[-76.54759,2.13611],[-76.54181,2.134],[-76.52475,2.13566],[-76.52004,2.1342],[-76.5134,2.13531],[-76.50748,2.13277],[-76.50455,2.12885],[-76.50419,2.12667],[-76.50323,2.12621],[-76.48742,2.12906],[-76.48421,2.12513],[-76.48363,2.11989],[-76.48081,2.11411],[-76.4806,2.11086],[-76.4746,2.10918],[-76.47271,2.10283],[-76.47168,2.10172],[-76.46743,2.10001],[-76.46504,2.10086],[-76.45287,2.11364],[-76.44266,2.11917],[-76.4332,2.1196],[-76.43092,2.12039],[-76.42474,2.12888],[-76.42464,2.13252],[-76.42581,2.13474],[-76.42945,2.13834],[-76.43088,2.14122],[-76.4328,2.14921],[-76.43548,2.15278],[-76.43614,2.15512],[-76.43746,2.16111],[-76.43739,2.16518],[-76.4335,2.16904],[-76.43178,2.17235],[-76.43674,2.17792],[-76.43527,2.17965],[-76.43596,2.1816],[-76.43367,2.18811],[-76.42486,2.19102],[-76.41987,2.19153]]]}},{"type":"Feature","properties":{"nombre":"Tarqui","codigo":"41791","departamento":"Huila","zona":"Sur","lat":2.12726,"lon":-75.86645},"geometry":{"type":"Polygon","coordinates":[[[-75.8726,2.21984],[-75.8689,2.21857],[-75.86098,2.2128],[-75.85724,2.21144],[-75.85829,2.20882],[-75.85545,2.20948],[-75.85314,2.21273],[-75.84997,2.21229],[-75.84304,2.21496],[-75.84208,2.21409],[-75.84119,2.21431],[-75.83731,2.21227],[-75.83275,2.20736],[-75.83093,2.20464],[-75.83082,2.20029],[-75.82906,2.19836],[-75.82574,2.19948],[-75.82219,2.19444],[-75.81822,2.19319],[-75.8171,2.19523],[-75.81112,2.19642],[-75.80803,2.19898],[-75.80677,2.19844],[-75.80411,2.20011],[-75.80281,2.19956],[-75.80034,2.19989],[-75.79991,2.20059],[-75.7983,2.19857],[-75.79281,2.20024],[-75.79059,2.19958],[-75.78725,2.20042],[-75.78205,2.19456],[-75.78126,2.19244],[-75.77994,2.19281],[-75.77709,2.19062],[-75.77487,2.19017],[-75.77209,2.19092],[-75.77092,2.19221],[-75.76843,2.19121],[-75.76647,2.18894],[-75.76458,2.18893],[-75.76379,2.18722],[-75.76108,2.18583],[-75.76034,2.18441],[-75.76084,2.18104],[-75.7591,2.18048],[-75.75879,2.17879],[-75.75775,2.17881],[-75.75593,2.17694],[-75.75472,2.17741],[-75.75408,2.17676],[-75.75453,2.176],[-75.75311,2.17488],[-75.7536,2.17333],[-75.75209,2.17298],[-75.75202,2.16956],[-75.74815,2.16859],[-75.74587,2.16702],[-75.74571,2.16544],[-75.74187,2.1625],[-75.74062,2.16302],[-75.73759,2.1616],[-75.73349,2.16147],[-75.73927,2.15095],[-75.74114,2.1496],[-75.74275,2.14572],[-75.74309,2.14245],[-75.74052,2.12854],[-75.74329,2.12146],[-75.74541,2.12033],[-75.74696,2.11469],[-75.74811,2.11352],[-75.75304,2.11204],[-75.75576,2.11209],[-75.75882,2.11062],[-75.75961,2.10881],[-75.76237,2.10985],[-75.76377,2.10782],[-75.76731,2.10671],[-75.76958,2.10824],[-75.77471,2.11461],[-75.77462,2.11759],[-75.77532,2.11985],[-75.77643,2.12071],[-75.78474,2.12224],[-75.79484,2.12053],[-75.79987,2.11612],[-75.79892,2.1079],[-75.80022,2.10578],[-75.8119,2.10168],[-75.81513,2.10335],[-75.81737,2.10356],[-75.81712,2.09898],[-75.81876,2.09675],[-75.82218,2.09633],[-75.8276,2.09372],[-75.8324,2.0935],[-75.8361,2.09097],[-75.83996,2.08645],[-75.84142,2.08018],[-75.84448,2.07783],[-75.84583,2.07543],[-75.84562,2.07151],[-75.84435,2.06953],[-75.84509,2.06873],[-75.84913,2.06908],[-75.84695,2.06281],[-75.84735,2.05875],[-75.85607,2.04909],[-75.85972,2.04839],[-75.85991,2.04688],[-75.85898,2.0462],[-75.85864,2.04453],[-75.85967,2.04239],[-75.86249,2.0433],[-75.86412,2.04517],[-75.87006,2.0458],[-75.87123,2.04759],[-75.8752,2.04885],[-75.87601,2.04824],[-75.87607,2.04456],[-75.87723,2.04415],[-75.87898,2.04554],[-75.88042,2.04407],[-75.88406,2.04304],[-75.88369,2.04147],[-75.88208,2.04052],[-75.8819,2.03887],[-75.88743,2.03544],[-75.88887,2.0358],[-75.89117,2.04082],[-75.89436,2.04245],[-75.89663,2.04151],[-75.89879,2.03676],[-75.89935,2.03357],[-75.90234,2.03339],[-75.90927,2.03629],[-75.9191,2.03349],[-75.92404,2.03469],[-75.93003,2.03875],[-75.93276,2.03771],[-75.93456,2.03842],[-75.93928,2.04598],[-75.94231,2.04885],[-75.95186,2.05043],[-75.95657,2.04777],[-75.95866,2.0483],[-75.95931,2.04344],[-75.96285,2.04129],[-75.97011,2.04615],[-75.97254,2.05153],[-75.97418,2.05792],[-75.97955,2.06612],[-75.97863,2.07035],[-75.97245,2.07958],[-75.97024,2.08639],[-75.96746,2.0917],[-75.97012,2.09273],[-75.97174,2.09452],[-75.97111,2.09848],[-75.97203,2.10554],[-75.97037,2.10712],[-75.97286,2.11004],[-75.9764,2.10886],[-75.98198,2.10996],[-75.98516,2.11352],[-75.98878,2.11352],[-75.99234,2.11175],[-75.99382,2.11196],[-75.99622,2.11485],[-75.99866,2.11361],[-76.00629,2.11468],[-76.00146,2.11884],[-75.99886,2.12254],[-75.98571,2.13163],[-75.97942,2.14055],[-75.97309,2.14403],[-75.97353,2.1501],[-75.97738,2.15448],[-75.97721,2.15842],[-75.97567,2.16184],[-75.97715,2.16363],[-75.97312,2.16562],[-75.97152,2.17024],[-75.96391,2.17298],[-75.96388,2.17517],[-75.96319,2.17578],[-75.95888,2.17705],[-75.9492,2.17824],[-75.94782,2.18025],[-75.94513,2.18191],[-75.93988,2.18319],[-75.93428,2.18853],[-75.92696,2.1926],[-75.92525,2.19633],[-75.91902,2.20065],[-75.91646,2.20392],[-75.91342,2.20608],[-75.90663,2.20002],[-75.90265,2.19989],[-75.89985,2.2006],[-75.89918,2.20152],[-75.89606,2.20085],[-75.8935,2.20186],[-75.88987,2.20757],[-75.88948,2.21053],[-75.88389,2.21645],[-75.88121,2.21655],[-75.87455,2.22033],[-75.87316,2.2207],[-75.8726,2.21984]]]}},{"type":"Feature","properties":{"nombre":"Saladoblanco","codigo":"41660","departamento":"Huila","zona":"Sur","lat":2.11529,"lon":-76.26812},"geometry":{"type":"Polygon","coordinates":[[[-76.36048,2.2707],[-76.35424,2.26395],[-76.35248,2.25724],[-76.34917,2.25592],[-76.34708,2.25279],[-76.34696,2.24851],[-76.34248,2.23827],[-76.33732,2.2354],[-76.33622,2.23274],[-76.3325,2.23206],[-76.32823,2.22927],[-76.32546,2.22598],[-76.32119,2.21827],[-76.31819,2.21714],[-76.3157,2.21506],[-76.31453,2.21358],[-76.31453,2.21181],[-76.31209,2.21044],[-76.30824,2.21042],[-76.3047,2.20888],[-76.30019,2.20427],[-76.29004,2.19839],[-76.28876,2.19345],[-76.28738,2.19244],[-76.27104,2.18434],[-76.26488,2.17915],[-76.26249,2.17801],[-76.25733,2.17687],[-76.25268,2.17737],[-76.24954,2.17623],[-76.2391,2.17483],[-76.2249,2.17052],[-76.22087,2.16787],[-76.21761,2.16432],[-76.20944,2.1585],[-76.20353,2.15103],[-76.20303,2.14407],[-76.20128,2.13788],[-76.20002,2.13522],[-76.19776,2.13319],[-76.19499,2.13142],[-76.18846,2.1299],[-76.17626,2.12989],[-76.17299,2.12888],[-76.17161,2.12723],[-76.17162,2.11686],[-76.1681,2.11091],[-76.16081,2.10901],[-76.1558,2.11047],[-76.15168,2.11044],[-76.15104,2.11717],[-76.15023,2.11808],[-76.13901,2.1123],[-76.13708,2.10857],[-76.13013,2.10838],[-76.1253,2.10941],[-76.12479,2.10737],[-76.1225,2.1053],[-76.12226,2.10301],[-76.12106,2.10148],[-76.11809,2.09874],[-76.11542,2.09983],[-76.11558,2.09496],[-76.11339,2.09407],[-76.1126,2.09262],[-76.11128,2.09222],[-76.11074,2.08988],[-76.10895,2.08919],[-76.11007,2.08638],[-76.10937,2.08388],[-76.11013,2.08007],[-76.1097,2.07821],[-76.10811,2.0776],[-76.1093,2.07492],[-76.10851,2.07332],[-76.10947,2.07182],[-76.10944,2.06829],[-76.11028,2.06679],[-76.11392,2.06519],[-76.11462,2.0636],[-76.11404,2.05791],[-76.11501,2.05206],[-76.10748,2.04171],[-76.10729,2.04063],[-76.10846,2.03871],[-76.10788,2.03712],[-76.10928,2.03654],[-76.10931,2.03476],[-76.11088,2.03456],[-76.1107,2.03264],[-76.10875,2.0304],[-76.10896,2.02889],[-76.10547,2.02644],[-76.10155,2.02628],[-76.10058,2.02352],[-76.0974,2.02112],[-76.09657,2.01871],[-76.09291,2.01796],[-76.09085,2.01901],[-76.08946,2.01707],[-76.08841,2.01802],[-76.08583,2.01811],[-76.08157,2.0197],[-76.07734,2.02377],[-76.07356,2.02525],[-76.07205,2.02776],[-76.06807,2.02707],[-76.06557,2.02457],[-76.06059,2.02273],[-76.0604,2.02122],[-76.0576,2.01897],[-76.05658,2.01912],[-76.0557,2.01799],[-76.0538,2.0179],[-76.05275,2.01686],[-76.05129,2.01706],[-76.05018,2.01459],[-76.0472,2.01491],[-76.04431,2.01072],[-76.0432,2.01162],[-76.04202,2.01036],[-76.03636,2.01075],[-76.0307,2.00991],[-76.02586,2.00754],[-76.02361,2.00789],[-76.01999,2.00705],[-76.0156,2.00486],[-76.00784,2.00303],[-76.0059,2.00108],[-76.00618,1.99905],[-76.00442,1.99637],[-76.00655,1.99192],[-76.0067,1.98974],[-76.01083,1.98936],[-76.01591,1.98641],[-76.01651,1.9854],[-76.01534,1.98367],[-76.01554,1.98238],[-76.0215,1.9771],[-76.02977,1.97668],[-76.03216,1.97187],[-76.0309,1.97063],[-76.03116,1.9658],[-76.03256,1.96564],[-76.03441,1.96765],[-76.03617,1.96278],[-76.0378,1.96251],[-76.03731,1.9654],[-76.04006,1.96572],[-76.05201,1.95976],[-76.05445,1.96542],[-76.0545,1.96738],[-76.05661,1.9675],[-76.05862,1.96906],[-76.06029,1.96862],[-76.06162,1.97029],[-76.06609,1.96998],[-76.06811,1.97138],[-76.07,1.97113],[-76.07175,1.97309],[-76.07491,1.97055],[-76.07889,1.97304],[-76.08335,1.9794],[-76.08702,1.97992],[-76.08815,1.97903],[-76.08971,1.9808],[-76.09284,1.98193],[-76.09425,1.98136],[-76.0945,1.98348],[-76.09769,1.98233],[-76.10355,1.9837],[-76.10488,1.98333],[-76.10594,1.98431],[-76.10854,1.98274],[-76.10927,1.98302],[-76.11174,1.9841],[-76.11187,1.98564],[-76.1149,1.98697],[-76.11736,1.98698],[-76.11859,1.99045],[-76.12455,1.99318],[-76.1281,1.99781],[-76.12949,1.99811],[-76.13109,1.99671],[-76.13211,1.99675],[-76.13515,2.00071],[-76.13651,1.99886],[-76.14001,1.99964],[-76.14416,1.99751],[-76.14572,1.9986],[-76.15027,1.99911],[-76.15139,1.99991],[-76.15334,1.99947],[-76.15838,2.00483],[-76.15844,2.00702],[-76.16129,2.00804],[-76.16169,2.01086],[-76.16895,2.0131],[-76.1692,2.01398],[-76.17194,2.01569],[-76.17251,2.01732],[-76.17356,2.01743],[-76.17349,2.01916],[-76.17605,2.01883],[-76.17623,2.0213],[-76.18186,2.02526],[-76.18806,2.02317],[-76.18998,2.0253],[-76.19407,2.02676],[-76.19801,2.02621],[-76.19937,2.02815],[-76.20124,2.0268],[-76.20389,2.02764],[-76.20726,2.02591],[-76.21025,2.02729],[-76.2134,2.02749],[-76.2156,2.02919],[-76.21905,2.02677],[-76.22064,2.03069],[-76.22395,2.03402],[-76.2258,2.03437],[-76.22999,2.03273],[-76.23398,2.03635],[-76.23837,2.03709],[-76.24196,2.04464],[-76.24453,2.04489],[-76.24595,2.04836],[-76.2488,2.04827],[-76.25043,2.05072],[-76.25289,2.0504],[-76.25535,2.05177],[-76.25891,2.0518],[-76.26246,2.05562],[-76.26599,2.0537],[-76.27192,2.05377],[-76.27399,2.05268],[-76.2787,2.05416],[-76.28099,2.05398],[-76.28099,2.05799],[-76.28558,2.05751],[-76.28675,2.05804],[-76.28904,2.06096],[-76.29026,2.06516],[-76.29377,2.06704],[-76.29412,2.06842],[-76.29615,2.06934],[-76.29671,2.06792],[-76.29751,2.06869],[-76.29841,2.06841],[-76.29923,2.06978],[-76.30058,2.0689],[-76.30057,2.06997],[-76.30272,2.07072],[-76.30368,2.07203],[-76.30514,2.07126],[-76.30744,2.07146],[-76.30897,2.07332],[-76.30886,2.07545],[-76.31085,2.07573],[-76.31164,2.07468],[-76.31308,2.07459],[-76.3134,2.07533],[-76.31257,2.0761],[-76.31471,2.07632],[-76.3145,2.07775],[-76.31613,2.07785],[-76.31662,2.07887],[-76.31828,2.07878],[-76.31705,2.07938],[-76.31732,2.07993],[-76.3191,2.08015],[-76.31924,2.07925],[-76.32137,2.07815],[-76.32445,2.0783],[-76.32329,2.07952],[-76.32577,2.07969],[-76.32598,2.07816],[-76.32819,2.07568],[-76.33205,2.07678],[-76.33248,2.07811],[-76.33358,2.07855],[-76.33344,2.08003],[-76.33538,2.07995],[-76.33645,2.08224],[-76.33832,2.08231],[-76.33897,2.08346],[-76.34054,2.08208],[-76.34165,2.08336],[-76.34309,2.08314],[-76.34221,2.08446],[-76.34326,2.08487],[-76.34325,2.08573],[-76.34563,2.08514],[-76.34639,2.08629],[-76.34633,2.08925],[-76.34794,2.09209],[-76.3487,2.09203],[-76.35049,2.09406],[-76.35098,2.09835],[-76.35217,2.0993],[-76.35205,2.10332],[-76.35431,2.10404],[-76.35391,2.1051],[-76.35648,2.1104],[-76.36075,2.11106],[-76.36236,2.11267],[-76.36382,2.11228],[-76.36539,2.1141],[-76.3655,2.11592],[-76.36751,2.11749],[-76.3689,2.11991],[-76.36848,2.12447],[-76.36593,2.12694],[-76.36587,2.12976],[-76.36378,2.13377],[-76.36439,2.14254],[-76.36611,2.1443],[-76.36917,2.14403],[-76.37092,2.1448],[-76.37477,2.14957],[-76.37919,2.15138],[-76.37235,2.15496],[-76.36882,2.15849],[-76.3653,2.16466],[-76.36506,2.1714],[-76.36609,2.17332],[-76.36783,2.17308],[-76.37294,2.1808],[-76.37772,2.18476],[-76.37883,2.19035],[-76.37839,2.19774],[-76.38389,2.20743],[-76.38466,2.21028],[-76.38389,2.21395],[-76.37762,2.21337],[-76.37656,2.21617],[-76.37482,2.21747],[-76.37622,2.22852],[-76.3717,2.24013],[-76.37091,2.25478],[-76.36756,2.25849],[-76.36482,2.26484],[-76.36235,2.26669],[-76.36048,2.2707]]]}},{"type":"Feature","properties":{"nombre":"Isnos","codigo":"41359","departamento":"Huila","zona":"Sur","lat":2.06657,"lon":-76.32426},"geometry":{"type":"Polygon","coordinates":[[[-76.37377,2.27909],[-76.36845,2.27909],[-76.36347,2.27735],[-76.36048,2.2707],[-76.36235,2.26669],[-76.36482,2.26484],[-76.36756,2.25849],[-76.37091,2.25478],[-76.3717,2.24013],[-76.37622,2.22852],[-76.37482,2.21747],[-76.37656,2.21617],[-76.37762,2.21337],[-76.38389,2.21395],[-76.38466,2.21028],[-76.38389,2.20743],[-76.37839,2.19774],[-76.37883,2.19035],[-76.37772,2.18476],[-76.37294,2.1808],[-76.36783,2.17308],[-76.36566,2.17284],[-76.36495,2.16966],[-76.3653,2.16466],[-76.36882,2.15849],[-76.37235,2.15496],[-76.37919,2.15138],[-76.37477,2.14957],[-76.37092,2.1448],[-76.36917,2.14403],[-76.36611,2.1443],[-76.36439,2.14254],[-76.36378,2.13377],[-76.36587,2.12976],[-76.36593,2.12694],[-76.36848,2.12447],[-76.3689,2.11991],[-76.36751,2.11749],[-76.3655,2.11592],[-76.36539,2.1141],[-76.36382,2.11228],[-76.36236,2.11267],[-76.36075,2.11106],[-76.35648,2.1104],[-76.35391,2.1051],[-76.35431,2.10404],[-76.35205,2.10332],[-76.35217,2.0993],[-76.35098,2.09835],[-76.35049,2.09406],[-76.3487,2.09203],[-76.34794,2.09209],[-76.34633,2.08925],[-76.34639,2.08629],[-76.34563,2.08514],[-76.34325,2.08573],[-76.34326,2.08487],[-76.34221,2.08446],[-76.34309,2.08314],[-76.34165,2.08336],[-76.34054,2.08208],[-76.33897,2.08346],[-76.33832,2.08231],[-76.33645,2.08224],[-76.33538,2.07995],[-76.33344,2.08003],[-76.33358,2.07855],[-76.33248,2.07811],[-76.33205,2.07678],[-76.32819,2.07568],[-76.32598,2.07816],[-76.32577,2.07969],[-76.32329,2.07952],[-76.32445,2.0783],[-76.32137,2.07815],[-76.31924,2.07925],[-76.3191,2.08015],[-76.31732,2.07993],[-76.31705,2.07938],[-76.31828,2.07878],[-76.31662,2.07887],[-76.31613,2.07785],[-76.3145,2.07775],[-76.31471,2.07632],[-76.31257,2.0761],[-76.3134,2.07533],[-76.31308,2.07459],[-76.31164,2.07468],[-76.31085,2.07573],[-76.30886,2.07545],[-76.30897,2.07332],[-76.30744,2.07146],[-76.30514,2.07126],[-76.30368,2.07203],[-76.30272,2.07072],[-76.30057,2.06997],[-76.30058,2.0689],[-76.29923,2.06978],[-76.29841,2.06841],[-76.29751,2.06869],[-76.29671,2.06792],[-76.29615,2.06934],[-76.29412,2.06842],[-76.29377,2.06704],[-76.29026,2.06516],[-76.28904,2.06096],[-76.28675,2.05804],[-76.28558,2.05751],[-76.28099,2.05799],[-76.28099,2.05398],[-76.2787,2.05416],[-76.27399,2.05268],[-76.27192,2.05377],[-76.26599,2.0537],[-76.26246,2.05562],[-76.25891,2.0518],[-76.25535,2.05177],[-76.25289,2.0504],[-76.25043,2.05072],[-76.2488,2.04827],[-76.24595,2.04836],[-76.24453,2.04489],[-76.24196,2.04464],[-76.23837,2.03709],[-76.23398,2.03635],[-76.22999,2.03273],[-76.2258,2.03437],[-76.22395,2.03402],[-76.22064,2.03069],[-76.21905,2.02677],[-76.2156,2.02919],[-76.2134,2.02749],[-76.21025,2.02729],[-76.20726,2.02591],[-76.20389,2.02764],[-76.20124,2.0268],[-76.19937,2.02815],[-76.19801,2.02621],[-76.19407,2.02676],[-76.18998,2.0253],[-76.18806,2.02317],[-76.18186,2.02526],[-76.17623,2.0213],[-76.17605,2.01883],[-76.17349,2.01916],[-76.17356,2.01743],[-76.17251,2.01732],[-76.17194,2.01569],[-76.1692,2.01398],[-76.16895,2.0131],[-76.16169,2.01086],[-76.16129,2.00804],[-76.15844,2.00702],[-76.15838,2.00483],[-76.15334,1.99947],[-76.15139,1.99991],[-76.15027,1.99911],[-76.14572,1.9986],[-76.14416,1.99751],[-76.14001,1.99964],[-76.13651,1.99886],[-76.13515,2.00071],[-76.13223,1.99687],[-76.13365,1.99683],[-76.1381,1.99057],[-76.14144,1.98891],[-76.14261,1.9864],[-76.14943,1.9801],[-76.15613,1.98102],[-76.15719,1.97975],[-76.1565,1.97522],[-76.15412,1.97408],[-76.15377,1.97221],[-76.15437,1.97086],[-76.16137,1.96529],[-76.16046,1.96262],[-76.15892,1.96163],[-76.15743,1.96264],[-76.15377,1.95936],[-76.14862,1.95788],[-76.14662,1.95647],[-76.1433,1.95665],[-76.14224,1.95844],[-76.14075,1.95896],[-76.14063,1.96044],[-76.13869,1.96135],[-76.13903,1.95975],[-76.13813,1.95846],[-76.12909,1.9533],[-76.12727,1.95074],[-76.12463,1.95129],[-76.12045,1.94885],[-76.11774,1.94918],[-76.11608,1.95043],[-76.11195,1.95041],[-76.10718,1.94823],[-76.10521,1.94577],[-76.10536,1.94025],[-76.10146,1.94067],[-76.1007,1.93784],[-76.10625,1.93557],[-76.11353,1.93488],[-76.1157,1.93204],[-76.12118,1.92793],[-76.12685,1.92212],[-76.13249,1.92164],[-76.13435,1.9224],[-76.14011,1.91782],[-76.14374,1.91798],[-76.14634,1.91639],[-76.15137,1.91675],[-76.1534,1.91357],[-76.15424,1.90795],[-76.15144,1.90269],[-76.15187,1.90128],[-76.15391,1.8999],[-76.15234,1.8981],[-76.15229,1.8961],[-76.15708,1.89314],[-76.16118,1.89293],[-76.16347,1.88819],[-76.16601,1.88695],[-76.16571,1.88582],[-76.16408,1.88524],[-76.16467,1.88051],[-76.16258,1.87847],[-76.1652,1.87447],[-76.16605,1.86858],[-76.16796,1.86656],[-76.16986,1.86755],[-76.17099,1.86969],[-76.17443,1.86955],[-76.17676,1.87075],[-76.17718,1.86755],[-76.17937,1.86659],[-76.19176,1.86421],[-76.19457,1.86247],[-76.20064,1.8639],[-76.20689,1.86226],[-76.20748,1.86133],[-76.21044,1.86251],[-76.2151,1.85986],[-76.21546,1.85726],[-76.21783,1.8564],[-76.21843,1.85465],[-76.22106,1.8557],[-76.22429,1.85399],[-76.22774,1.85463],[-76.2276,1.85666],[-76.22499,1.85954],[-76.22495,1.86143],[-76.22554,1.8626],[-76.22698,1.86213],[-76.22882,1.8632],[-76.22861,1.86635],[-76.23147,1.86939],[-76.23018,1.87259],[-76.23284,1.87354],[-76.23405,1.87544],[-76.23737,1.87455],[-76.23922,1.87517],[-76.23927,1.87928],[-76.24576,1.87828],[-76.24539,1.88062],[-76.24646,1.88136],[-76.24886,1.88132],[-76.25057,1.88628],[-76.25477,1.8881],[-76.25617,1.89007],[-76.25979,1.89046],[-76.26036,1.89548],[-76.26555,1.89941],[-76.26543,1.90327],[-76.26951,1.90772],[-76.26897,1.91057],[-76.2716,1.91181],[-76.26932,1.91337],[-76.26931,1.91414],[-76.27221,1.91589],[-76.27344,1.9176],[-76.27759,1.91816],[-76.27806,1.92106],[-76.27949,1.92291],[-76.27822,1.92519],[-76.2807,1.92776],[-76.28259,1.93128],[-76.28157,1.93708],[-76.28175,1.94237],[-76.28333,1.94874],[-76.28253,1.94967],[-76.28291,1.95259],[-76.2812,1.95471],[-76.28286,1.95679],[-76.28374,1.96268],[-76.2827,1.96478],[-76.28427,1.96576],[-76.2848,1.96736],[-76.2826,1.96753],[-76.28418,1.97023],[-76.28191,1.97056],[-76.28166,1.97206],[-76.27876,1.97401],[-76.27788,1.97816],[-76.27648,1.97997],[-76.2767,1.98283],[-76.27437,1.98098],[-76.27322,1.98455],[-76.27,1.9838],[-76.26945,1.98665],[-76.26834,1.98765],[-76.26862,1.99495],[-76.26997,1.99806],[-76.26938,2.00097],[-76.273,2.00341],[-76.27203,2.00539],[-76.27363,2.00692],[-76.27409,2.01082],[-76.27746,2.01155],[-76.28112,2.01469],[-76.28484,2.01617],[-76.28652,2.01445],[-76.2874,2.01474],[-76.29035,2.02194],[-76.29173,2.02273],[-76.29448,2.02207],[-76.29567,2.02457],[-76.29758,2.0252],[-76.30163,2.02863],[-76.30187,2.03158],[-76.3034,2.03125],[-76.30459,2.03314],[-76.31256,2.033],[-76.31381,2.0312],[-76.31697,2.03009],[-76.3192,2.03021],[-76.32148,2.03185],[-76.32173,2.03469],[-76.32893,2.0374],[-76.32931,2.03856],[-76.33122,2.03881],[-76.33275,2.04032],[-76.33281,2.04195],[-76.3373,2.0442],[-76.33851,2.04611],[-76.34024,2.04635],[-76.34108,2.04817],[-76.34316,2.04974],[-76.34414,2.04936],[-76.34533,2.05012],[-76.34491,2.05268],[-76.34776,2.05399],[-76.34746,2.05741],[-76.34866,2.06027],[-76.34688,2.06184],[-76.34932,2.06506],[-76.35067,2.06464],[-76.35242,2.06564],[-76.36172,2.06764],[-76.36407,2.07128],[-76.36666,2.0715],[-76.37405,2.07623],[-76.37547,2.07557],[-76.37594,2.0762],[-76.37821,2.07592],[-76.37896,2.07677],[-76.37759,2.08008],[-76.3792,2.08239],[-76.37696,2.08482],[-76.37994,2.08903],[-76.3818,2.08994],[-76.3819,2.09229],[-76.38544,2.09357],[-76.3847,2.09534],[-76.38336,2.09607],[-76.38477,2.09715],[-76.38444,2.09812],[-76.3856,2.09897],[-76.3859,2.10044],[-76.38147,2.10269],[-76.38099,2.10441],[-76.38281,2.11387],[-76.38709,2.11572],[-76.38745,2.11742],[-76.39032,2.11972],[-76.39084,2.12379],[-76.39536,2.1278],[-76.3955,2.12951],[-76.39669,2.13059],[-76.3952,2.13197],[-76.39517,2.13348],[-76.3969,2.13357],[-76.4015,2.14274],[-76.40158,2.14519],[-76.39961,2.14571],[-76.39978,2.14728],[-76.40074,2.1479],[-76.40158,2.14705],[-76.40435,2.14731],[-76.40505,2.14857],[-76.40661,2.14889],[-76.40684,2.1507],[-76.4076,2.15046],[-76.40848,2.15207],[-76.40732,2.15313],[-76.40906,2.15505],[-76.4076,2.15637],[-76.40875,2.15735],[-76.40876,2.15908],[-76.41155,2.15882],[-76.41296,2.16039],[-76.41429,2.16031],[-76.41669,2.16165],[-76.4172,2.16306],[-76.41894,2.16344],[-76.41883,2.1649],[-76.42157,2.16585],[-76.42559,2.17296],[-76.4261,2.17871],[-76.42449,2.18388],[-76.42489,2.18715],[-76.42231,2.19035],[-76.40886,2.19688],[-76.40473,2.20054],[-76.40318,2.20356],[-76.40041,2.21921],[-76.39805,2.22488],[-76.39744,2.23106],[-76.39527,2.23491],[-76.3892,2.24212],[-76.3892,2.24471],[-76.39124,2.24607],[-76.39124,2.24732],[-76.38938,2.25128],[-76.38821,2.26042],[-76.38601,2.26251],[-76.38509,2.26851],[-76.38052,2.27123],[-76.37702,2.27578],[-76.37377,2.27909]]]}},{"type":"Feature","properties":{"nombre":"La Argentina","codigo":"41378","departamento":"Huila","zona":"Occidente","lat":2.18704,"lon":-76.01245},"geometry":{"type":"Polygon","coordinates":[[[-76.30391,2.2834],[-76.29906,2.28249],[-76.29504,2.27792],[-76.28883,2.27426],[-76.2849,2.27454],[-76.27741,2.27197],[-76.27469,2.26962],[-76.27022,2.26213],[-76.266,2.26088],[-76.26198,2.25575],[-76.25575,2.25006],[-76.2529,2.24924],[-76.24965,2.24675],[-76.24955,2.24326],[-76.24856,2.24113],[-76.23884,2.22798],[-76.23257,2.22587],[-76.22461,2.21799],[-76.22363,2.2156],[-76.22112,2.21299],[-76.21951,2.20762],[-76.21742,2.20602],[-76.2127,2.20544],[-76.20927,2.1984],[-76.20277,2.19419],[-76.20441,2.18697],[-76.20289,2.18235],[-76.19692,2.17806],[-76.19508,2.17847],[-76.19211,2.17556],[-76.19035,2.1733],[-76.18746,2.16636],[-76.18554,2.1666],[-76.18313,2.16813],[-76.18065,2.16708],[-76.18297,2.16079],[-76.18161,2.15732],[-76.17616,2.15554],[-76.16783,2.15614],[-76.16408,2.15243],[-76.16094,2.15146],[-76.15953,2.15245],[-76.15286,2.15181],[-76.14671,2.15277],[-76.14251,2.15898],[-76.14248,2.16019],[-76.13786,2.16403],[-76.13632,2.16813],[-76.13507,2.16834],[-76.1312,2.17233],[-76.12946,2.17189],[-76.12953,2.17459],[-76.12746,2.17402],[-76.12769,2.17616],[-76.12606,2.17684],[-76.12448,2.18033],[-76.12258,2.18088],[-76.12127,2.18291],[-76.11998,2.18121],[-76.11684,2.18128],[-76.11604,2.18025],[-76.11444,2.18015],[-76.11477,2.17887],[-76.11383,2.17719],[-76.1127,2.17696],[-76.1106,2.1789],[-76.10826,2.17798],[-76.10311,2.18035],[-76.10071,2.18058],[-76.09754,2.18331],[-76.09371,2.18375],[-76.09297,2.18185],[-76.09006,2.18277],[-76.0886,2.18881],[-76.08779,2.18972],[-76.08536,2.18942],[-76.08432,2.19061],[-76.08074,2.18973],[-76.07991,2.19096],[-76.07809,2.19091],[-76.076,2.19253],[-76.0728,2.19232],[-76.07063,2.19343],[-76.06783,2.19319],[-76.06505,2.19148],[-76.06216,2.1946],[-76.05973,2.19256],[-76.05766,2.1942],[-76.05559,2.19352],[-76.05063,2.1946],[-76.04646,2.1936],[-76.04182,2.19553],[-76.03833,2.19516],[-76.03221,2.19713],[-76.02587,2.19419],[-76.0233,2.18996],[-76.01608,2.18948],[-76.01542,2.19009],[-76.01592,2.19159],[-76.01419,2.19282],[-76.01423,2.194],[-76.01118,2.19419],[-76.01102,2.19526],[-76.00648,2.19866],[-76.00598,2.20013],[-76.00361,2.19897],[-76.00303,2.20023],[-75.99994,2.20164],[-75.99927,2.2035],[-75.9976,2.20202],[-75.99269,2.20238],[-75.99179,2.20667],[-75.98955,2.20756],[-75.98969,2.20872],[-75.98755,2.21285],[-75.9877,2.21743],[-75.98407,2.21925],[-75.98407,2.22158],[-75.98282,2.22337],[-75.98131,2.22378],[-75.98149,2.22504],[-75.98039,2.22663],[-75.98095,2.22903],[-75.97849,2.23057],[-75.97787,2.23272],[-75.9761,2.23317],[-75.97485,2.23739],[-75.97593,2.23821],[-75.97382,2.24114],[-75.97251,2.23857],[-75.97099,2.2379],[-75.97137,2.23609],[-75.96961,2.23608],[-75.96645,2.23263],[-75.96814,2.2289],[-75.96765,2.22744],[-75.96955,2.22517],[-75.96842,2.22455],[-75.96876,2.22286],[-75.96708,2.22136],[-75.96629,2.21782],[-75.96206,2.21724],[-75.96095,2.21608],[-75.96038,2.21698],[-75.95957,2.21644],[-75.9575,2.21744],[-75.95534,2.22254],[-75.95329,2.224],[-75.95347,2.22595],[-75.95217,2.22732],[-75.95198,2.23123],[-75.95056,2.23202],[-75.95056,2.23375],[-75.94976,2.23345],[-75.94694,2.23689],[-75.9414,2.23948],[-75.94154,2.24168],[-75.93976,2.2413],[-75.93931,2.24395],[-75.93407,2.24619],[-75.93296,2.24833],[-75.92987,2.24898],[-75.92888,2.2511],[-75.92522,2.25291],[-75.92289,2.25285],[-75.92011,2.25457],[-75.91896,2.25385],[-75.91311,2.2561],[-75.91051,2.25616],[-75.90854,2.25847],[-75.90603,2.25633],[-75.90421,2.25626],[-75.90252,2.25781],[-75.90073,2.25771],[-75.90076,2.25862],[-75.89924,2.26001],[-75.89836,2.2596],[-75.89758,2.26026],[-75.89687,2.25958],[-75.89612,2.26064],[-75.89348,2.26108],[-75.8889,2.26034],[-75.89289,2.25615],[-75.89707,2.24922],[-75.8965,2.24762],[-75.8981,2.24295],[-75.90346,2.23509],[-75.90722,2.23245],[-75.90445,2.22862],[-75.91144,2.22566],[-75.91461,2.22274],[-75.91455,2.22021],[-75.91985,2.21825],[-75.91976,2.21368],[-75.91629,2.20846],[-75.91342,2.20608],[-75.91377,2.20552],[-75.91646,2.20392],[-75.91902,2.20065],[-75.92525,2.19633],[-75.92696,2.1926],[-75.93428,2.18853],[-75.93805,2.18435],[-75.94286,2.18203],[-75.94513,2.18191],[-75.94782,2.18025],[-75.9492,2.17824],[-75.95888,2.17705],[-75.96319,2.17578],[-75.96388,2.17517],[-75.96391,2.17298],[-75.97152,2.17024],[-75.97312,2.16562],[-75.97715,2.16363],[-75.97567,2.16184],[-75.97721,2.15842],[-75.97738,2.15448],[-75.97353,2.1501],[-75.97309,2.14403],[-75.97942,2.14055],[-75.98571,2.13163],[-75.99886,2.12254],[-76.00146,2.11884],[-76.0102,2.11135],[-76.01074,2.10954],[-76.0274,2.09591],[-76.03268,2.0979],[-76.04059,2.09503],[-76.04181,2.09365],[-76.0505,2.09307],[-76.05345,2.0914],[-76.05759,2.09046],[-76.0598,2.09133],[-76.06133,2.09345],[-76.0642,2.09428],[-76.07311,2.09461],[-76.08243,2.10173],[-76.0866,2.10153],[-76.09581,2.09761],[-76.10017,2.09674],[-76.10389,2.09707],[-76.11358,2.10696],[-76.11524,2.11947],[-76.11798,2.12129],[-76.11878,2.12397],[-76.12486,2.12815],[-76.12856,2.12971],[-76.13563,2.12897],[-76.15023,2.11808],[-76.15104,2.11717],[-76.15168,2.11044],[-76.1558,2.11047],[-76.16081,2.10901],[-76.1681,2.11091],[-76.17162,2.11686],[-76.17161,2.12723],[-76.17299,2.12888],[-76.17626,2.12989],[-76.18846,2.1299],[-76.19499,2.13142],[-76.19776,2.13319],[-76.20002,2.13522],[-76.20128,2.13788],[-76.20303,2.14407],[-76.20353,2.15103],[-76.20944,2.1585],[-76.21761,2.16432],[-76.22087,2.16787],[-76.2249,2.17052],[-76.2391,2.17483],[-76.24954,2.17623],[-76.25268,2.17737],[-76.25733,2.17687],[-76.26249,2.17801],[-76.26488,2.17915],[-76.27104,2.18434],[-76.28738,2.19244],[-76.28876,2.19345],[-76.29004,2.19839],[-76.30019,2.20427],[-76.3047,2.20888],[-76.30824,2.21042],[-76.31209,2.21044],[-76.31453,2.21181],[-76.31453,2.21358],[-76.3157,2.21506],[-76.31819,2.21714],[-76.32119,2.21827],[-76.32546,2.22598],[-76.32823,2.22927],[-76.3325,2.23206],[-76.33622,2.23274],[-76.33732,2.2354],[-76.34248,2.23827],[-76.34696,2.24851],[-76.34708,2.25279],[-76.34917,2.25592],[-76.35248,2.25724],[-76.35424,2.26395],[-76.36048,2.2707],[-76.34379,2.27211],[-76.33619,2.27548],[-76.33324,2.27774],[-76.32328,2.28112],[-76.31816,2.28039],[-76.31423,2.28157],[-76.30829,2.2813],[-76.30391,2.2834]]]}},{"type":"Feature","properties":{"nombre":"Garzón","codigo":"41298","departamento":"Huila","zona":"Centro","lat":2.16287,"lon":-75.56283},"geometry":{"type":"Polygon","coordinates":[[[-75.61566,2.31766],[-75.61231,2.31573],[-75.60641,2.31514],[-75.60586,2.31345],[-75.60275,2.31343],[-75.60171,2.31142],[-75.59984,2.31167],[-75.59673,2.31043],[-75.59592,2.309],[-75.59291,2.30833],[-75.59222,2.30689],[-75.59103,2.30759],[-75.58999,2.30707],[-75.58877,2.30462],[-75.58606,2.30423],[-75.58623,2.30228],[-75.58425,2.30239],[-75.5849,2.30068],[-75.58337,2.30092],[-75.58191,2.29975],[-75.58131,2.29797],[-75.57974,2.29756],[-75.57971,2.29659],[-75.58078,2.29596],[-75.57958,2.29393],[-75.5776,2.29398],[-75.57782,2.2921],[-75.57685,2.2913],[-75.57687,2.28956],[-75.57348,2.2887],[-75.57252,2.28642],[-75.57331,2.28532],[-75.5729,2.28315],[-75.57049,2.28108],[-75.56864,2.28165],[-75.56749,2.28029],[-75.56604,2.2801],[-75.56338,2.28132],[-75.56282,2.27841],[-75.56114,2.27779],[-75.55962,2.27824],[-75.55932,2.27684],[-75.55654,2.27396],[-75.55431,2.27546],[-75.55289,2.27451],[-75.5518,2.27173],[-75.5509,2.27232],[-75.54585,2.2702],[-75.5441,2.27109],[-75.54134,2.27084],[-75.54032,2.27171],[-75.53861,2.27135],[-75.53681,2.26788],[-75.53698,2.26498],[-75.53451,2.26215],[-75.53454,2.25972],[-75.53072,2.2561],[-75.52927,2.25618],[-75.52742,2.25424],[-75.52372,2.25316],[-75.52221,2.25185],[-75.52102,2.25184],[-75.5193,2.25324],[-75.5182,2.25253],[-75.51732,2.25333],[-75.5163,2.2531],[-75.50996,2.25855],[-75.50971,2.26003],[-75.50457,2.26498],[-75.49997,2.26492],[-75.49382,2.25913],[-75.49235,2.25648],[-75.48965,2.25552],[-75.48862,2.25411],[-75.48355,2.25421],[-75.48169,2.2551],[-75.47906,2.25709],[-75.47761,2.26093],[-75.47628,2.26092],[-75.47164,2.25816],[-75.47063,2.2585],[-75.46928,2.26153],[-75.468,2.26223],[-75.46568,2.26127],[-75.46465,2.26262],[-75.46326,2.26298],[-75.45956,2.26117],[-75.45613,2.26418],[-75.45619,2.26515],[-75.45343,2.26616],[-75.44921,2.27142],[-75.44433,2.27307],[-75.44165,2.27636],[-75.43928,2.27588],[-75.43764,2.27738],[-75.43217,2.27843],[-75.41888,2.28617],[-75.41452,2.28701],[-75.41202,2.28913],[-75.40971,2.28944],[-75.40866,2.29068],[-75.40753,2.29053],[-75.39921,2.29502],[-75.39574,2.29575],[-75.39668,2.29874],[-75.39597,2.30191],[-75.39447,2.30227],[-75.39374,2.29908],[-75.39054,2.29371],[-75.39667,2.28768],[-75.39833,2.28235],[-75.40247,2.27652],[-75.40531,2.26778],[-75.40862,2.26463],[-75.40769,2.26119],[-75.40899,2.25748],[-75.41332,2.25067],[-75.41345,2.2491],[-75.41137,2.24836],[-75.41041,2.24565],[-75.41853,2.2384],[-75.425,2.23502],[-75.43106,2.23376],[-75.43346,2.23241],[-75.43631,2.22885],[-75.43864,2.22363],[-75.44033,2.21477],[-75.43964,2.2104],[-75.43583,2.20104],[-75.43363,2.19886],[-75.43111,2.19899],[-75.4275,2.19736],[-75.42628,2.19504],[-75.42627,2.18813],[-75.42777,2.18641],[-75.42786,2.17951],[-75.43185,2.17471],[-75.43523,2.17238],[-75.43592,2.16746],[-75.4391,2.16317],[-75.43948,2.15936],[-75.4421,2.15383],[-75.44098,2.15106],[-75.44204,2.14979],[-75.44236,2.14702],[-75.44513,2.14422],[-75.44971,2.14466],[-75.45295,2.1459],[-75.46834,2.14205],[-75.47632,2.13548],[-75.48292,2.1364],[-75.48663,2.13524],[-75.48989,2.13183],[-75.4921,2.13093],[-75.4933,2.12774],[-75.50137,2.12299],[-75.51488,2.12343],[-75.51825,2.12184],[-75.51922,2.12248],[-75.52625,2.1229],[-75.53498,2.11766],[-75.53598,2.11333],[-75.5358,2.10892],[-75.54065,2.10392],[-75.5418,2.09764],[-75.54075,2.09055],[-75.54142,2.08889],[-75.54461,2.08402],[-75.55126,2.08299],[-75.55414,2.08033],[-75.55426,2.07833],[-75.55565,2.07607],[-75.55541,2.06925],[-75.55786,2.06535],[-75.56208,2.06338],[-75.56498,2.05996],[-75.57162,2.04974],[-75.57025,2.04594],[-75.56983,2.04138],[-75.57951,2.03768],[-75.58436,2.03117],[-75.58384,2.02716],[-75.58815,2.02418],[-75.58917,2.02252],[-75.58932,2.01644],[-75.5879,2.01358],[-75.59779,2.0161],[-75.59995,2.01749],[-75.60754,2.01059],[-75.60809,2.00922],[-75.61133,2.00791],[-75.6155,2.00919],[-75.61647,2.01178],[-75.61878,2.01269],[-75.62021,2.01565],[-75.62217,2.01656],[-75.62272,2.01869],[-75.62578,2.01992],[-75.62659,2.02296],[-75.63063,2.02491],[-75.63333,2.02726],[-75.63401,2.02979],[-75.63277,2.0312],[-75.63365,2.03481],[-75.63494,2.03588],[-75.63804,2.03581],[-75.64009,2.03689],[-75.64197,2.03543],[-75.64464,2.037],[-75.64632,2.03561],[-75.64939,2.03813],[-75.65296,2.03741],[-75.65516,2.03855],[-75.65574,2.04233],[-75.66261,2.04117],[-75.66348,2.04216],[-75.66336,2.0438],[-75.66713,2.04551],[-75.67559,2.05132],[-75.67846,2.05683],[-75.67824,2.05928],[-75.68044,2.05894],[-75.68246,2.06281],[-75.68086,2.0645],[-75.68299,2.06602],[-75.68212,2.0676],[-75.68273,2.06861],[-75.68559,2.06815],[-75.68673,2.06879],[-75.68756,2.06816],[-75.68914,2.06867],[-75.69287,2.06671],[-75.69484,2.069],[-75.69482,2.07044],[-75.69606,2.07134],[-75.69398,2.07684],[-75.69559,2.07948],[-75.69827,2.08032],[-75.69871,2.08308],[-75.69784,2.08503],[-75.69875,2.08636],[-75.70019,2.08672],[-75.70495,2.08465],[-75.70737,2.08655],[-75.70816,2.08913],[-75.70552,2.09311],[-75.70707,2.09617],[-75.70325,2.10092],[-75.70249,2.10359],[-75.7004,2.10609],[-75.70122,2.10938],[-75.69849,2.11356],[-75.69847,2.11681],[-75.7001,2.11831],[-75.69812,2.11949],[-75.69171,2.11979],[-75.68845,2.12071],[-75.68777,2.12392],[-75.68372,2.12687],[-75.67895,2.12614],[-75.67874,2.12804],[-75.67424,2.13195],[-75.67283,2.13741],[-75.66849,2.14152],[-75.68716,2.15749],[-75.68684,2.16248],[-75.68544,2.16434],[-75.68791,2.16526],[-75.68838,2.16674],[-75.68466,2.16924],[-75.68291,2.17196],[-75.67531,2.17262],[-75.67488,2.17394],[-75.67576,2.17482],[-75.67193,2.18133],[-75.66961,2.18176],[-75.66598,2.17944],[-75.66374,2.18178],[-75.6614,2.18749],[-75.66033,2.19062],[-75.66196,2.19337],[-75.6626,2.19879],[-75.66545,2.19951],[-75.66785,2.19696],[-75.66938,2.19676],[-75.67696,2.19976],[-75.67613,2.20293],[-75.66955,2.20988],[-75.67138,2.21501],[-75.67045,2.21709],[-75.66952,2.21745],[-75.66173,2.21414],[-75.65778,2.21662],[-75.65825,2.21802],[-75.65771,2.2216],[-75.65695,2.22229],[-75.65105,2.22392],[-75.6476,2.22593],[-75.64724,2.22683],[-75.64936,2.24353],[-75.65086,2.24762],[-75.64818,2.25232],[-75.64838,2.25723],[-75.64631,2.25974],[-75.64388,2.26085],[-75.64225,2.26336],[-75.6439,2.26458],[-75.6484,2.26414],[-75.65215,2.26706],[-75.64743,2.27521],[-75.63688,2.2816],[-75.63558,2.28531],[-75.63596,2.28691],[-75.63724,2.2875],[-75.63907,2.28717],[-75.6428,2.28451],[-75.64453,2.28645],[-75.64518,2.289],[-75.64212,2.29428],[-75.64282,2.29589],[-75.64735,2.29695],[-75.65065,2.3007],[-75.6479,2.30711],[-75.64785,2.30908],[-75.64659,2.31089],[-75.6454,2.31028],[-75.64254,2.31089],[-75.64181,2.30982],[-75.64006,2.31033],[-75.63743,2.30926],[-75.63422,2.30956],[-75.63052,2.31198],[-75.62615,2.31333],[-75.62545,2.31487],[-75.62019,2.31624],[-75.61853,2.31739],[-75.61566,2.31766]]]}},{"type":"Feature","properties":{"nombre":"Pital","codigo":"41548","departamento":"Huila","zona":"Centro","lat":2.25725,"lon":-75.83677},"geometry":{"type":"Polygon","coordinates":[[[-75.82649,2.35343],[-75.81604,2.34942],[-75.81142,2.34576],[-75.81016,2.34343],[-75.80988,2.33908],[-75.80899,2.33764],[-75.8104,2.33487],[-75.80809,2.33401],[-75.80944,2.33302],[-75.8085,2.3317],[-75.80671,2.33286],[-75.80277,2.33157],[-75.80143,2.3304],[-75.80178,2.32888],[-75.79982,2.32754],[-75.78849,2.33025],[-75.787,2.32841],[-75.78587,2.32896],[-75.78205,2.32596],[-75.79222,2.31701],[-75.7964,2.31646],[-75.79853,2.31265],[-75.79456,2.30849],[-75.79409,2.30562],[-75.78784,2.29828],[-75.78627,2.29766],[-75.78145,2.2843],[-75.78101,2.28203],[-75.7818,2.2798],[-75.78043,2.27408],[-75.7845,2.2661],[-75.78249,2.26395],[-75.78287,2.26233],[-75.78155,2.25229],[-75.78324,2.24945],[-75.78284,2.24449],[-75.7794,2.23519],[-75.7621,2.23757],[-75.76058,2.23865],[-75.7582,2.23843],[-75.75535,2.23958],[-75.74884,2.23952],[-75.74129,2.2382],[-75.73964,2.2366],[-75.73849,2.23724],[-75.73585,2.2366],[-75.73281,2.23284],[-75.73304,2.23055],[-75.73587,2.22913],[-75.73625,2.22815],[-75.73785,2.22861],[-75.74144,2.2274],[-75.74213,2.22572],[-75.74512,2.22619],[-75.74639,2.22549],[-75.74685,2.22408],[-75.74818,2.22367],[-75.74999,2.22522],[-75.75393,2.22596],[-75.75575,2.22802],[-75.75913,2.22784],[-75.76497,2.22501],[-75.76579,2.22572],[-75.77783,2.2258],[-75.78158,2.22833],[-75.78381,2.22833],[-75.78686,2.22603],[-75.78992,2.22724],[-75.78638,2.21851],[-75.78518,2.21859],[-75.78401,2.21696],[-75.78108,2.21746],[-75.7795,2.21577],[-75.77296,2.21549],[-75.77238,2.21327],[-75.76924,2.21128],[-75.76807,2.20558],[-75.76623,2.20487],[-75.76629,2.20325],[-75.76493,2.2007],[-75.7567,2.19716],[-75.75512,2.19547],[-75.75561,2.19325],[-75.7548,2.19197],[-75.75057,2.19126],[-75.74957,2.18974],[-75.74495,2.18778],[-75.74318,2.1853],[-75.73942,2.18329],[-75.73356,2.17013],[-75.73258,2.16594],[-75.72959,2.16319],[-75.73349,2.16147],[-75.73759,2.1616],[-75.74062,2.16302],[-75.74214,2.16262],[-75.74571,2.16544],[-75.74587,2.16702],[-75.74815,2.16859],[-75.7523,2.16981],[-75.75209,2.17298],[-75.7536,2.17333],[-75.75311,2.17488],[-75.75453,2.176],[-75.75408,2.17676],[-75.75472,2.17741],[-75.75593,2.17694],[-75.75775,2.17881],[-75.75879,2.17879],[-75.7591,2.18048],[-75.76084,2.18104],[-75.76034,2.18441],[-75.76108,2.18583],[-75.76379,2.18722],[-75.76458,2.18893],[-75.76647,2.18894],[-75.76843,2.19121],[-75.77092,2.19221],[-75.77209,2.19092],[-75.77487,2.19017],[-75.77709,2.19062],[-75.77994,2.19281],[-75.78126,2.19244],[-75.78205,2.19456],[-75.78653,2.19903],[-75.78688,2.20038],[-75.79059,2.19958],[-75.79281,2.20024],[-75.7983,2.19857],[-75.79991,2.20059],[-75.80034,2.19989],[-75.80281,2.19956],[-75.80411,2.20011],[-75.80677,2.19844],[-75.80803,2.19898],[-75.81112,2.19642],[-75.8171,2.19523],[-75.81822,2.19319],[-75.82219,2.19444],[-75.82574,2.19948],[-75.82906,2.19836],[-75.83082,2.20029],[-75.83093,2.20464],[-75.83275,2.20736],[-75.83731,2.21227],[-75.84119,2.21431],[-75.84208,2.21409],[-75.84304,2.21496],[-75.84997,2.21229],[-75.85314,2.21273],[-75.85545,2.20948],[-75.85829,2.20882],[-75.85724,2.21144],[-75.86098,2.2128],[-75.86363,2.21526],[-75.86566,2.21595],[-75.8689,2.21857],[-75.87168,2.2192],[-75.87316,2.2207],[-75.87838,2.21869],[-75.88121,2.21655],[-75.88389,2.21645],[-75.88948,2.21053],[-75.88987,2.20757],[-75.89261,2.20299],[-75.89606,2.20085],[-75.89918,2.20152],[-75.89985,2.2006],[-75.90265,2.19989],[-75.90753,2.20022],[-75.91629,2.20846],[-75.91931,2.21277],[-75.92018,2.21524],[-75.91961,2.21868],[-75.91455,2.22021],[-75.91461,2.22274],[-75.91144,2.22566],[-75.90445,2.22862],[-75.90722,2.23245],[-75.90346,2.23509],[-75.8981,2.24295],[-75.8965,2.24762],[-75.89707,2.24922],[-75.89289,2.25615],[-75.88888,2.2604],[-75.88906,2.26328],[-75.89075,2.26633],[-75.8891,2.26844],[-75.89106,2.27009],[-75.89589,2.27074],[-75.90023,2.26926],[-75.90129,2.2675],[-75.90624,2.26912],[-75.90864,2.27239],[-75.90782,2.27845],[-75.90666,2.2806],[-75.90221,2.28073],[-75.8988,2.28224],[-75.89578,2.28536],[-75.89354,2.29006],[-75.89347,2.29388],[-75.89658,2.30028],[-75.8978,2.30134],[-75.90343,2.30244],[-75.89774,2.31261],[-75.89315,2.31667],[-75.88625,2.30958],[-75.88147,2.30947],[-75.87776,2.30779],[-75.87048,2.30965],[-75.86685,2.31566],[-75.85995,2.32254],[-75.85521,2.32345],[-75.85374,2.32559],[-75.84975,2.32514],[-75.84137,2.32691],[-75.83897,2.33312],[-75.83974,2.33858],[-75.83873,2.33981],[-75.83862,2.34239],[-75.83733,2.34392],[-75.83713,2.34569],[-75.83614,2.34653],[-75.83394,2.34619],[-75.83365,2.34822],[-75.83128,2.34693],[-75.82981,2.34877],[-75.8287,2.3487],[-75.82999,2.35079],[-75.82823,2.35181],[-75.82833,2.35292],[-75.82649,2.35343]]]}},{"type":"Feature","properties":{"nombre":"Agrado","codigo":"41013","departamento":"Huila","zona":"Centro","lat":2.26318,"lon":-75.71242},"geometry":{"type":"Polygon","coordinates":[[[-75.78055,2.3639],[-75.77228,2.36313],[-75.76859,2.35837],[-75.7653,2.35692],[-75.76309,2.35743],[-75.75759,2.36329],[-75.75636,2.36194],[-75.75127,2.36168],[-75.75085,2.36101],[-75.75154,2.36269],[-75.74819,2.36323],[-75.74853,2.36208],[-75.74586,2.35905],[-75.73578,2.3575],[-75.73494,2.35652],[-75.73302,2.35659],[-75.7333,2.35767],[-75.73205,2.35853],[-75.73173,2.36016],[-75.72451,2.36075],[-75.72206,2.35995],[-75.72057,2.35906],[-75.71933,2.35555],[-75.71475,2.35038],[-75.70986,2.34687],[-75.70893,2.34706],[-75.70546,2.34518],[-75.70385,2.34308],[-75.70428,2.34121],[-75.69916,2.33687],[-75.69714,2.33331],[-75.69385,2.33063],[-75.69258,2.33208],[-75.68935,2.33352],[-75.68812,2.33211],[-75.6884,2.33044],[-75.68488,2.32731],[-75.68415,2.3254],[-75.68027,2.33026],[-75.68227,2.33825],[-75.68076,2.34337],[-75.68174,2.34469],[-75.6813,2.34643],[-75.67732,2.34987],[-75.67465,2.34994],[-75.67085,2.35316],[-75.66985,2.35299],[-75.66603,2.3557],[-75.66448,2.35208],[-75.66521,2.34897],[-75.66172,2.34191],[-75.65912,2.34199],[-75.65449,2.33884],[-75.65187,2.33839],[-75.64658,2.34044],[-75.64428,2.33776],[-75.64245,2.33737],[-75.64001,2.33521],[-75.6395,2.33116],[-75.64036,2.33006],[-75.64534,2.32791],[-75.6461,2.32661],[-75.64554,2.32405],[-75.64182,2.31777],[-75.63989,2.31612],[-75.64008,2.31525],[-75.64602,2.31319],[-75.65069,2.30136],[-75.649,2.29828],[-75.64735,2.29695],[-75.64282,2.29589],[-75.64212,2.29428],[-75.64518,2.289],[-75.64381,2.28524],[-75.6428,2.28451],[-75.63907,2.28717],[-75.63724,2.2875],[-75.63596,2.28691],[-75.63558,2.28531],[-75.63688,2.2816],[-75.64743,2.27521],[-75.65215,2.26706],[-75.6484,2.26414],[-75.6439,2.26458],[-75.64225,2.26336],[-75.64388,2.26085],[-75.64631,2.25974],[-75.64838,2.25723],[-75.64818,2.25232],[-75.65086,2.24762],[-75.64936,2.24353],[-75.64724,2.22683],[-75.6476,2.22593],[-75.65105,2.22392],[-75.65771,2.2216],[-75.65778,2.21662],[-75.65881,2.21543],[-75.66275,2.21417],[-75.66952,2.21745],[-75.6714,2.2157],[-75.66955,2.20988],[-75.67613,2.20293],[-75.67696,2.19976],[-75.66938,2.19676],[-75.66785,2.19696],[-75.66545,2.19951],[-75.6626,2.19879],[-75.66196,2.19337],[-75.66033,2.19062],[-75.66374,2.18178],[-75.66598,2.17944],[-75.66961,2.18176],[-75.67193,2.18133],[-75.67576,2.17482],[-75.67488,2.17394],[-75.67531,2.17262],[-75.68291,2.17196],[-75.68639,2.16799],[-75.68914,2.16967],[-75.69205,2.17003],[-75.69953,2.16259],[-75.70507,2.16545],[-75.70924,2.16434],[-75.7124,2.16544],[-75.71825,2.16473],[-75.72268,2.16587],[-75.72748,2.16267],[-75.72959,2.16319],[-75.73258,2.16594],[-75.73356,2.17013],[-75.73942,2.18329],[-75.74318,2.1853],[-75.74495,2.18778],[-75.74957,2.18974],[-75.75057,2.19126],[-75.7548,2.19197],[-75.75561,2.19325],[-75.75512,2.19547],[-75.7567,2.19716],[-75.76493,2.2007],[-75.76629,2.20325],[-75.76623,2.20487],[-75.76807,2.20558],[-75.76924,2.21128],[-75.77238,2.21327],[-75.77296,2.21549],[-75.7795,2.21577],[-75.78108,2.21746],[-75.78401,2.21696],[-75.78705,2.2196],[-75.78992,2.22724],[-75.78686,2.22603],[-75.78381,2.22833],[-75.78158,2.22833],[-75.77783,2.2258],[-75.76579,2.22572],[-75.76497,2.22501],[-75.75913,2.22784],[-75.75575,2.22802],[-75.75393,2.22596],[-75.74999,2.22522],[-75.74818,2.22367],[-75.74685,2.22408],[-75.74639,2.22549],[-75.74512,2.22619],[-75.74213,2.22572],[-75.74144,2.2274],[-75.73785,2.22861],[-75.73625,2.22815],[-75.73272,2.23153],[-75.73281,2.23284],[-75.73585,2.2366],[-75.73849,2.23724],[-75.73964,2.2366],[-75.74129,2.2382],[-75.74884,2.23952],[-75.75535,2.23958],[-75.7582,2.23843],[-75.76058,2.23865],[-75.7621,2.23757],[-75.7794,2.23519],[-75.78284,2.24449],[-75.78324,2.24945],[-75.78155,2.25229],[-75.78287,2.26233],[-75.78249,2.26395],[-75.7845,2.2661],[-75.78043,2.27408],[-75.7818,2.2798],[-75.78101,2.28203],[-75.78145,2.2843],[-75.78627,2.29766],[-75.78784,2.29828],[-75.79409,2.30562],[-75.79456,2.30849],[-75.79853,2.31265],[-75.7964,2.31646],[-75.79222,2.31701],[-75.78166,2.32635],[-75.78354,2.3268],[-75.78372,2.32861],[-75.78365,2.32944],[-75.78149,2.33029],[-75.78343,2.33132],[-75.78505,2.33419],[-75.78595,2.33428],[-75.78786,2.33828],[-75.78524,2.34756],[-75.78593,2.34853],[-75.78529,2.34942],[-75.78557,2.35335],[-75.78658,2.35429],[-75.78658,2.35778],[-75.78581,2.35911],[-75.78662,2.36149],[-75.78055,2.3639]]]}},{"type":"Feature","properties":{"nombre":"Paicol","codigo":"41518","departamento":"Huila","zona":"Occidente","lat":2.40495,"lon":-75.71142},"geometry":{"type":"Polygon","coordinates":[[[-75.81143,2.48461],[-75.81117,2.48388],[-75.80752,2.48312],[-75.80645,2.4803],[-75.80278,2.48034],[-75.80295,2.47523],[-75.79492,2.47566],[-75.79053,2.47313],[-75.7843,2.46762],[-75.7828,2.46681],[-75.77858,2.46649],[-75.77477,2.46285],[-75.77115,2.46256],[-75.76585,2.45704],[-75.76455,2.45709],[-75.76354,2.46048],[-75.76266,2.46085],[-75.7583,2.45698],[-75.75508,2.456],[-75.75351,2.4537],[-75.7486,2.45218],[-75.74477,2.44926],[-75.74482,2.45207],[-75.74685,2.45517],[-75.74594,2.45705],[-75.74426,2.45729],[-75.74054,2.45471],[-75.73925,2.45062],[-75.73589,2.44775],[-75.72955,2.45117],[-75.7273,2.45117],[-75.72595,2.4478],[-75.72422,2.44588],[-75.72204,2.44585],[-75.71873,2.44748],[-75.71653,2.44591],[-75.71417,2.44272],[-75.71252,2.44321],[-75.71178,2.44531],[-75.71208,2.44746],[-75.71485,2.44799],[-75.71616,2.44979],[-75.71637,2.45174],[-75.71493,2.45321],[-75.71373,2.45332],[-75.70941,2.44995],[-75.71004,2.44612],[-75.70897,2.44435],[-75.70545,2.44739],[-75.70799,2.45002],[-75.70794,2.45112],[-75.70387,2.45086],[-75.70132,2.45471],[-75.69796,2.45366],[-75.69695,2.45491],[-75.69609,2.45998],[-75.69342,2.4616],[-75.69092,2.46154],[-75.69135,2.45812],[-75.69015,2.45685],[-75.68812,2.45733],[-75.68693,2.46107],[-75.6856,2.46168],[-75.68292,2.45719],[-75.67828,2.4554],[-75.67677,2.45601],[-75.67434,2.46045],[-75.67058,2.45693],[-75.67112,2.45261],[-75.66775,2.45314],[-75.66642,2.45123],[-75.66857,2.44926],[-75.66843,2.44715],[-75.66967,2.44563],[-75.67294,2.44561],[-75.67369,2.4444],[-75.67316,2.44238],[-75.66586,2.44326],[-75.65911,2.44632],[-75.65797,2.44331],[-75.65809,2.43969],[-75.65982,2.436],[-75.65714,2.43146],[-75.65394,2.43113],[-75.65103,2.43271],[-75.64577,2.43898],[-75.64249,2.44032],[-75.64103,2.44318],[-75.64004,2.44332],[-75.63745,2.44168],[-75.63627,2.44011],[-75.63615,2.43787],[-75.63787,2.43679],[-75.64467,2.43537],[-75.64535,2.43245],[-75.6448,2.42888],[-75.63851,2.42916],[-75.63896,2.42422],[-75.63667,2.42249],[-75.63194,2.42387],[-75.63142,2.42513],[-75.63319,2.42844],[-75.63227,2.43012],[-75.63075,2.42985],[-75.62218,2.43315],[-75.61665,2.42948],[-75.61491,2.42926],[-75.61234,2.43419],[-75.60863,2.43367],[-75.60746,2.43641],[-75.60251,2.43975],[-75.59875,2.44494],[-75.59369,2.44794],[-75.59359,2.44926],[-75.59833,2.4495],[-75.59937,2.45147],[-75.59505,2.45457],[-75.59229,2.45807],[-75.58923,2.45756],[-75.59064,2.45521],[-75.5899,2.45276],[-75.58319,2.45303],[-75.5803,2.44783],[-75.57911,2.44708],[-75.57548,2.44972],[-75.57338,2.45517],[-75.57285,2.46047],[-75.57124,2.46182],[-75.56871,2.46231],[-75.57133,2.45973],[-75.57144,2.45811],[-75.56583,2.45416],[-75.56366,2.44831],[-75.56504,2.44779],[-75.56837,2.44337],[-75.57213,2.44276],[-75.5739,2.44013],[-75.57719,2.43848],[-75.58277,2.4379],[-75.5869,2.43488],[-75.58761,2.43031],[-75.59227,2.42578],[-75.59158,2.42507],[-75.59239,2.42216],[-75.59988,2.41676],[-75.60058,2.41415],[-75.60355,2.40943],[-75.60404,2.4053],[-75.60728,2.40343],[-75.60946,2.40024],[-75.61089,2.39109],[-75.60838,2.38168],[-75.61145,2.38007],[-75.61187,2.37811],[-75.61414,2.3767],[-75.61509,2.3741],[-75.6204,2.37725],[-75.6282,2.38011],[-75.63098,2.38017],[-75.6328,2.37934],[-75.6376,2.38091],[-75.64178,2.37753],[-75.64582,2.37601],[-75.64724,2.36992],[-75.65219,2.36889],[-75.65773,2.36658],[-75.65836,2.36526],[-75.66143,2.36379],[-75.66184,2.35927],[-75.66454,2.35622],[-75.66985,2.35299],[-75.67082,2.35318],[-75.67474,2.3499],[-75.67732,2.34987],[-75.6813,2.34643],[-75.68174,2.34469],[-75.68076,2.34337],[-75.68227,2.33825],[-75.68027,2.33026],[-75.68415,2.3254],[-75.68488,2.32731],[-75.6884,2.33044],[-75.68812,2.33211],[-75.68935,2.33352],[-75.69258,2.33208],[-75.69385,2.33063],[-75.69714,2.33331],[-75.69916,2.33687],[-75.70428,2.34121],[-75.70385,2.34308],[-75.70546,2.34518],[-75.70893,2.34706],[-75.70986,2.34687],[-75.71475,2.35038],[-75.71933,2.35555],[-75.72057,2.35906],[-75.72206,2.35995],[-75.72451,2.36075],[-75.73173,2.36016],[-75.73205,2.35853],[-75.7333,2.35767],[-75.73302,2.35659],[-75.73494,2.35652],[-75.73578,2.3575],[-75.74586,2.35905],[-75.74853,2.36208],[-75.74819,2.36323],[-75.75154,2.36269],[-75.75085,2.36101],[-75.75127,2.36168],[-75.75636,2.36194],[-75.75759,2.36329],[-75.76309,2.35743],[-75.7653,2.35692],[-75.76859,2.35837],[-75.77228,2.36313],[-75.78055,2.3639],[-75.78662,2.36149],[-75.78581,2.35911],[-75.78658,2.35778],[-75.78658,2.35429],[-75.78557,2.35335],[-75.78529,2.34942],[-75.78593,2.34853],[-75.78524,2.34756],[-75.78786,2.33828],[-75.78595,2.33428],[-75.78505,2.33419],[-75.78343,2.33132],[-75.78149,2.33029],[-75.78365,2.32944],[-75.78372,2.32861],[-75.78354,2.3268],[-75.78174,2.32616],[-75.78302,2.32638],[-75.78363,2.32681],[-75.78587,2.32896],[-75.787,2.32841],[-75.78849,2.33025],[-75.79982,2.32754],[-75.80178,2.32888],[-75.80143,2.3304],[-75.80277,2.33157],[-75.80671,2.33286],[-75.8085,2.3317],[-75.8094,2.33275],[-75.80805,2.33392],[-75.8104,2.33487],[-75.80899,2.33764],[-75.80988,2.33908],[-75.81016,2.34343],[-75.81142,2.34576],[-75.81554,2.34915],[-75.82064,2.35163],[-75.82573,2.35341],[-75.82835,2.35269],[-75.83104,2.35476],[-75.83146,2.35643],[-75.83051,2.35756],[-75.83007,2.36295],[-75.82882,2.36615],[-75.82942,2.36808],[-75.82868,2.36913],[-75.83012,2.37189],[-75.82918,2.37537],[-75.83034,2.37815],[-75.82822,2.38013],[-75.82813,2.38452],[-75.82553,2.38501],[-75.81975,2.39251],[-75.8195,2.40119],[-75.81797,2.40325],[-75.81776,2.40574],[-75.81877,2.40775],[-75.81729,2.4088],[-75.81644,2.41204],[-75.81803,2.41794],[-75.81634,2.42134],[-75.81654,2.4245],[-75.82021,2.42376],[-75.82457,2.4267],[-75.8301,2.43318],[-75.8308,2.43901],[-75.83515,2.44157],[-75.83729,2.44456],[-75.84202,2.44718],[-75.84282,2.44842],[-75.842,2.45098],[-75.84296,2.45353],[-75.8422,2.45751],[-75.84129,2.45803],[-75.84129,2.45913],[-75.83963,2.45995],[-75.83689,2.46004],[-75.8361,2.46315],[-75.83677,2.46448],[-75.84016,2.46243],[-75.84205,2.46255],[-75.84344,2.46408],[-75.8431,2.46634],[-75.83981,2.46889],[-75.83357,2.47105],[-75.83197,2.47396],[-75.82913,2.47398],[-75.82866,2.47589],[-75.82959,2.47853],[-75.82835,2.48013],[-75.82636,2.47996],[-75.82632,2.47641],[-75.82477,2.4761],[-75.82368,2.47819],[-75.82307,2.48333],[-75.82041,2.48416],[-75.81946,2.48252],[-75.81776,2.48241],[-75.81143,2.48461]]]}},{"type":"Feature","properties":{"nombre":"La Plata","codigo":"41396","departamento":"Huila","zona":"Occidente","lat":2.328,"lon":-75.98958},"geometry":{"type":"Polygon","coordinates":[[[-75.97641,2.50402],[-75.97299,2.50115],[-75.96868,2.50116],[-75.96799,2.50062],[-75.9683,2.49937],[-75.96616,2.49967],[-75.96255,2.49857],[-75.96089,2.49662],[-75.95835,2.4904],[-75.95426,2.49002],[-75.95269,2.4871],[-75.94737,2.48612],[-75.94134,2.48828],[-75.93728,2.4881],[-75.93739,2.48439],[-75.93147,2.47827],[-75.93075,2.47843],[-75.92944,2.48173],[-75.92764,2.47972],[-75.924,2.48123],[-75.92203,2.47468],[-75.92051,2.47387],[-75.91722,2.47403],[-75.91574,2.47116],[-75.91761,2.46682],[-75.91763,2.45702],[-75.91218,2.45512],[-75.9102,2.4462],[-75.90707,2.44568],[-75.90573,2.44208],[-75.90255,2.44334],[-75.90087,2.44242],[-75.89913,2.43952],[-75.89429,2.43657],[-75.89462,2.43328],[-75.88858,2.43422],[-75.88817,2.43335],[-75.88893,2.43227],[-75.89117,2.43233],[-75.89178,2.43152],[-75.89091,2.43051],[-75.88721,2.42995],[-75.88859,2.42788],[-75.8875,2.42511],[-75.88441,2.42938],[-75.88345,2.4295],[-75.88117,2.42762],[-75.87963,2.42983],[-75.8728,2.43173],[-75.87208,2.43097],[-75.87452,2.42769],[-75.87424,2.42615],[-75.86774,2.42784],[-75.86489,2.42613],[-75.86348,2.42635],[-75.85611,2.43395],[-75.85578,2.43838],[-75.85969,2.43925],[-75.86046,2.44047],[-75.85987,2.44193],[-75.85137,2.4481],[-75.85164,2.45001],[-75.85373,2.45227],[-75.85354,2.45437],[-75.85104,2.45579],[-75.85139,2.45148],[-75.84964,2.45033],[-75.84709,2.45054],[-75.84529,2.45252],[-75.84918,2.45609],[-75.84895,2.45832],[-75.84563,2.46027],[-75.84129,2.45913],[-75.84296,2.45373],[-75.842,2.45098],[-75.84277,2.44827],[-75.83729,2.44456],[-75.83515,2.44157],[-75.8308,2.43901],[-75.83022,2.43352],[-75.82831,2.4304],[-75.82081,2.42398],[-75.81654,2.4245],[-75.81633,2.42164],[-75.81803,2.41794],[-75.81644,2.41204],[-75.81729,2.4088],[-75.81877,2.40775],[-75.81776,2.40574],[-75.81797,2.40325],[-75.8195,2.40119],[-75.81975,2.39251],[-75.82553,2.38501],[-75.82813,2.38452],[-75.82822,2.38013],[-75.83034,2.37815],[-75.82919,2.37562],[-75.83012,2.37189],[-75.82869,2.36963],[-75.82942,2.36808],[-75.82882,2.36615],[-75.83007,2.36295],[-75.83051,2.35756],[-75.83146,2.35643],[-75.83104,2.35476],[-75.82805,2.35236],[-75.82999,2.35079],[-75.82866,2.34879],[-75.82981,2.34877],[-75.83128,2.34693],[-75.83365,2.34822],[-75.83394,2.34619],[-75.83614,2.34653],[-75.83713,2.34569],[-75.83733,2.34392],[-75.83862,2.34239],[-75.83873,2.33981],[-75.83974,2.33858],[-75.83897,2.33312],[-75.84073,2.32768],[-75.84214,2.32668],[-75.84953,2.32516],[-75.85374,2.32559],[-75.85521,2.32345],[-75.85983,2.32261],[-75.86187,2.32021],[-75.86389,2.31928],[-75.87048,2.30965],[-75.87619,2.30793],[-75.87965,2.3081],[-75.88147,2.30947],[-75.88625,2.30958],[-75.89315,2.31667],[-75.89653,2.3141],[-75.90343,2.30244],[-75.8978,2.30134],[-75.89658,2.30028],[-75.89347,2.29388],[-75.8937,2.2895],[-75.8961,2.2849],[-75.89951,2.28174],[-75.90221,2.28073],[-75.90666,2.2806],[-75.90782,2.27845],[-75.90864,2.27239],[-75.90624,2.26912],[-75.90129,2.2675],[-75.90023,2.26926],[-75.89589,2.27074],[-75.89106,2.27009],[-75.8891,2.26844],[-75.89075,2.26633],[-75.88906,2.26328],[-75.8889,2.26034],[-75.89348,2.26108],[-75.89612,2.26064],[-75.89687,2.25958],[-75.89758,2.26026],[-75.89836,2.2596],[-75.89924,2.26001],[-75.90076,2.25862],[-75.90073,2.25771],[-75.90252,2.25781],[-75.90421,2.25626],[-75.90603,2.25633],[-75.90854,2.25847],[-75.91051,2.25616],[-75.91311,2.2561],[-75.91896,2.25385],[-75.92011,2.25457],[-75.92289,2.25285],[-75.92522,2.25291],[-75.92888,2.2511],[-75.92987,2.24898],[-75.93296,2.24833],[-75.93407,2.24619],[-75.93931,2.24395],[-75.93976,2.2413],[-75.94154,2.24168],[-75.9414,2.23948],[-75.94694,2.23689],[-75.94976,2.23345],[-75.95056,2.23375],[-75.95056,2.23202],[-75.95198,2.23123],[-75.95217,2.22732],[-75.95347,2.22595],[-75.95329,2.224],[-75.95497,2.2231],[-75.95661,2.21883],[-75.95912,2.21655],[-75.96038,2.21698],[-75.96095,2.21608],[-75.96206,2.21724],[-75.96629,2.21782],[-75.96708,2.22136],[-75.96876,2.22286],[-75.96842,2.22455],[-75.96955,2.22517],[-75.96765,2.22744],[-75.96814,2.2289],[-75.96645,2.23263],[-75.96961,2.23608],[-75.97137,2.23609],[-75.97099,2.2379],[-75.97251,2.23857],[-75.97382,2.24114],[-75.97593,2.23821],[-75.97485,2.23739],[-75.9761,2.23317],[-75.97787,2.23272],[-75.97849,2.23057],[-75.98095,2.22903],[-75.98039,2.22663],[-75.98149,2.22504],[-75.98131,2.22378],[-75.98282,2.22337],[-75.98407,2.22158],[-75.98407,2.21925],[-75.9877,2.21743],[-75.98755,2.21285],[-75.98969,2.20872],[-75.98955,2.20756],[-75.99179,2.20667],[-75.99269,2.20238],[-75.9976,2.20202],[-75.99927,2.2035],[-75.99994,2.20164],[-76.00303,2.20023],[-76.00361,2.19897],[-76.00598,2.20013],[-76.00648,2.19866],[-76.01102,2.19526],[-76.01118,2.19419],[-76.01423,2.194],[-76.01419,2.19282],[-76.01592,2.19159],[-76.01542,2.19009],[-76.01608,2.18948],[-76.0233,2.18996],[-76.02587,2.19419],[-76.03134,2.19716],[-76.03485,2.19674],[-76.03833,2.19516],[-76.04182,2.19553],[-76.04646,2.1936],[-76.05063,2.1946],[-76.05559,2.19352],[-76.05766,2.1942],[-76.05973,2.19256],[-76.06216,2.1946],[-76.06505,2.19148],[-76.06906,2.19343],[-76.07157,2.19332],[-76.0728,2.19232],[-76.07508,2.19273],[-76.07809,2.19091],[-76.07961,2.19113],[-76.08074,2.18973],[-76.08432,2.19061],[-76.0859,2.18925],[-76.08779,2.18972],[-76.08917,2.18759],[-76.08916,2.18461],[-76.09006,2.18277],[-76.09297,2.18185],[-76.09371,2.18375],[-76.09754,2.18331],[-76.10071,2.18058],[-76.10311,2.18035],[-76.10826,2.17798],[-76.1106,2.1789],[-76.1127,2.17696],[-76.11383,2.17719],[-76.11477,2.17887],[-76.11444,2.18015],[-76.11604,2.18025],[-76.11684,2.18128],[-76.11998,2.18121],[-76.1209,2.18281],[-76.12167,2.1828],[-76.12258,2.18088],[-76.12448,2.18033],[-76.12606,2.17684],[-76.12769,2.17616],[-76.12746,2.17402],[-76.12953,2.17459],[-76.12946,2.17189],[-76.1312,2.17233],[-76.13507,2.16834],[-76.13632,2.16813],[-76.13786,2.16403],[-76.14248,2.16019],[-76.14251,2.15898],[-76.14671,2.15277],[-76.15286,2.15181],[-76.15953,2.15245],[-76.16193,2.15154],[-76.16408,2.15243],[-76.16783,2.15614],[-76.17616,2.15554],[-76.18161,2.15732],[-76.18297,2.16079],[-76.18065,2.16708],[-76.18313,2.16813],[-76.18554,2.1666],[-76.18746,2.16636],[-76.19035,2.1733],[-76.19211,2.17556],[-76.19508,2.17847],[-76.19692,2.17806],[-76.20289,2.18235],[-76.20441,2.18697],[-76.20277,2.19419],[-76.20758,2.19685],[-76.20821,2.198],[-76.20244,2.19819],[-76.19645,2.19544],[-76.17858,2.19797],[-76.16718,2.19729],[-76.16296,2.19886],[-76.159,2.19803],[-76.15362,2.19877],[-76.15158,2.20023],[-76.14784,2.20132],[-76.14039,2.20853],[-76.13824,2.21718],[-76.13617,2.221],[-76.13134,2.22308],[-76.12568,2.22343],[-76.12114,2.22481],[-76.14645,2.29402],[-76.12614,2.38001],[-76.12241,2.38274],[-76.12051,2.39004],[-76.1089,2.39621],[-76.10541,2.40151],[-76.10361,2.40584],[-76.09881,2.40569],[-76.09774,2.41002],[-76.09336,2.41005],[-76.08925,2.41592],[-76.08095,2.4156],[-76.07411,2.41291],[-76.07113,2.41307],[-76.06674,2.41089],[-76.06297,2.41059],[-76.05691,2.40654],[-76.04608,2.40452],[-76.0408,2.40066],[-76.03254,2.40263],[-76.03141,2.4084],[-76.02792,2.41629],[-76.02735,2.42216],[-76.02396,2.42477],[-76.02258,2.43194],[-76.0213,2.43362],[-76.02085,2.441],[-76.0219,2.4436],[-76.0206,2.44478],[-76.01981,2.44736],[-76.01665,2.45033],[-76.01409,2.45141],[-76.00955,2.45645],[-76.00553,2.45834],[-76.0051,2.46048],[-76.00331,2.46189],[-76.0042,2.46344],[-75.9986,2.467],[-75.99804,2.46943],[-75.99932,2.47054],[-75.99733,2.47164],[-75.9969,2.47431],[-75.99466,2.47703],[-75.98921,2.47879],[-75.98966,2.48053],[-75.98867,2.48215],[-75.98749,2.4823],[-75.98689,2.48936],[-75.9858,2.49304],[-75.98488,2.49324],[-75.98382,2.49582],[-75.98257,2.4962],[-75.98134,2.49796],[-75.97949,2.50354],[-75.97641,2.50402]]]}},{"type":"Feature","properties":{"nombre":"Gigante","codigo":"41306","departamento":"Huila","zona":"Centro","lat":2.3929,"lon":-75.52816},"geometry":{"type":"Polygon","coordinates":[[[-75.5278,2.53372],[-75.52764,2.53306],[-75.52929,2.53229],[-75.52864,2.53062],[-75.52925,2.52805],[-75.52638,2.52409],[-75.52626,2.5216],[-75.52839,2.51892],[-75.52706,2.51548],[-75.52383,2.51243],[-75.5216,2.51348],[-75.51976,2.51307],[-75.51626,2.51503],[-75.51265,2.51451],[-75.51122,2.51031],[-75.50893,2.51064],[-75.5079,2.50917],[-75.50526,2.50929],[-75.50121,2.50505],[-75.50122,2.50192],[-75.50027,2.50192],[-75.50043,2.50093],[-75.4991,2.50047],[-75.49993,2.49992],[-75.49959,2.4983],[-75.50141,2.49769],[-75.49991,2.49718],[-75.50062,2.49594],[-75.49928,2.49392],[-75.49947,2.49292],[-75.49832,2.49281],[-75.49677,2.49072],[-75.49692,2.48984],[-75.49831,2.48952],[-75.49837,2.48692],[-75.49592,2.48427],[-75.49127,2.48258],[-75.48859,2.48304],[-75.48454,2.48232],[-75.47981,2.47951],[-75.47689,2.47951],[-75.47416,2.48053],[-75.47346,2.47929],[-75.47251,2.48009],[-75.47092,2.4785],[-75.46892,2.4785],[-75.46798,2.47662],[-75.4668,2.47738],[-75.46599,2.47648],[-75.46421,2.47792],[-75.46088,2.47724],[-75.45672,2.47897],[-75.45509,2.47686],[-75.45368,2.4777],[-75.44991,2.47624],[-75.44738,2.4731],[-75.44618,2.47292],[-75.44629,2.47198],[-75.44441,2.47171],[-75.44336,2.4726],[-75.44155,2.47262],[-75.43722,2.47065],[-75.43541,2.46864],[-75.43555,2.46468],[-75.43403,2.46149],[-75.43442,2.45919],[-75.43117,2.45389],[-75.42937,2.45293],[-75.42851,2.44962],[-75.42961,2.44558],[-75.43393,2.44171],[-75.43385,2.43839],[-75.4317,2.4341],[-75.43151,2.43034],[-75.43422,2.42567],[-75.43515,2.42193],[-75.43887,2.41657],[-75.43833,2.41363],[-75.43956,2.4075],[-75.442,2.40313],[-75.44158,2.39964],[-75.44383,2.39422],[-75.4456,2.39273],[-75.44508,2.38561],[-75.43991,2.37891],[-75.43785,2.37301],[-75.43661,2.37183],[-75.43239,2.37072],[-75.43083,2.36841],[-75.42957,2.3645],[-75.42989,2.35945],[-75.42756,2.35498],[-75.4201,2.35201],[-75.4089,2.35187],[-75.40475,2.35085],[-75.40333,2.3497],[-75.40129,2.34569],[-75.39979,2.33679],[-75.39443,2.33306],[-75.39288,2.32597],[-75.38643,2.31606],[-75.38628,2.31458],[-75.38856,2.31262],[-75.39301,2.30637],[-75.39447,2.30227],[-75.39655,2.30109],[-75.39574,2.29575],[-75.39921,2.29502],[-75.40753,2.29053],[-75.40866,2.29068],[-75.40971,2.28944],[-75.41202,2.28913],[-75.41452,2.28701],[-75.41888,2.28617],[-75.43217,2.27843],[-75.43764,2.27738],[-75.43928,2.27588],[-75.44165,2.27636],[-75.44433,2.27307],[-75.44921,2.27142],[-75.45343,2.26616],[-75.45619,2.26515],[-75.45613,2.26418],[-75.45956,2.26117],[-75.46326,2.26298],[-75.46465,2.26262],[-75.46568,2.26127],[-75.468,2.26223],[-75.46928,2.26153],[-75.47063,2.2585],[-75.47164,2.25816],[-75.47628,2.26092],[-75.47761,2.26093],[-75.47906,2.25709],[-75.48355,2.25421],[-75.48912,2.25431],[-75.48965,2.25552],[-75.49235,2.25648],[-75.49382,2.25913],[-75.50104,2.26535],[-75.50529,2.26481],[-75.50677,2.26233],[-75.50971,2.26003],[-75.50996,2.25855],[-75.5163,2.2531],[-75.51732,2.25333],[-75.5182,2.25253],[-75.5193,2.25324],[-75.52102,2.25184],[-75.52221,2.25185],[-75.52372,2.25316],[-75.52742,2.25424],[-75.52885,2.25594],[-75.53072,2.2561],[-75.53243,2.25728],[-75.53306,2.25893],[-75.53465,2.25985],[-75.53451,2.26215],[-75.53698,2.26498],[-75.53681,2.26788],[-75.53861,2.27135],[-75.54032,2.27171],[-75.54134,2.27084],[-75.5441,2.27109],[-75.54585,2.2702],[-75.5509,2.27232],[-75.5518,2.27173],[-75.55289,2.27451],[-75.55431,2.27546],[-75.55654,2.27396],[-75.55932,2.27684],[-75.55962,2.27824],[-75.56114,2.27779],[-75.56282,2.27841],[-75.56338,2.28132],[-75.56604,2.2801],[-75.56749,2.28029],[-75.56864,2.28165],[-75.57049,2.28108],[-75.5729,2.28315],[-75.57331,2.28532],[-75.57252,2.28642],[-75.57348,2.2887],[-75.57687,2.28956],[-75.57685,2.2913],[-75.57782,2.2921],[-75.5776,2.29398],[-75.57958,2.29393],[-75.58078,2.29596],[-75.57971,2.29659],[-75.57974,2.29756],[-75.58131,2.29797],[-75.58191,2.29975],[-75.58337,2.30092],[-75.5849,2.30068],[-75.58446,2.30279],[-75.58623,2.30228],[-75.58595,2.30412],[-75.58877,2.30462],[-75.59058,2.30749],[-75.59198,2.30677],[-75.59291,2.30833],[-75.59592,2.309],[-75.59673,2.31043],[-75.59984,2.31167],[-75.60171,2.31142],[-75.60275,2.31343],[-75.60586,2.31345],[-75.60641,2.31514],[-75.61231,2.31573],[-75.61695,2.31769],[-75.62545,2.31487],[-75.62615,2.31333],[-75.63052,2.31198],[-75.63422,2.30956],[-75.63743,2.30926],[-75.64006,2.31033],[-75.64181,2.30982],[-75.64254,2.31089],[-75.6454,2.31028],[-75.64659,2.31089],[-75.64602,2.31319],[-75.64008,2.31525],[-75.63989,2.31612],[-75.64182,2.31777],[-75.64554,2.32405],[-75.6461,2.32661],[-75.64534,2.32791],[-75.64036,2.33006],[-75.6395,2.33116],[-75.64001,2.33521],[-75.64245,2.33737],[-75.64428,2.33776],[-75.64658,2.34044],[-75.65187,2.33839],[-75.65449,2.33884],[-75.65912,2.34199],[-75.66169,2.34189],[-75.66523,2.34904],[-75.66448,2.35208],[-75.66588,2.35571],[-75.66184,2.35927],[-75.66143,2.36379],[-75.65836,2.36526],[-75.65626,2.3674],[-75.64724,2.36992],[-75.64582,2.37601],[-75.64178,2.37753],[-75.63833,2.38067],[-75.6328,2.37934],[-75.63098,2.38017],[-75.6282,2.38011],[-75.6204,2.37725],[-75.61509,2.3741],[-75.61414,2.3767],[-75.61187,2.37811],[-75.61145,2.38007],[-75.60838,2.38168],[-75.61089,2.39109],[-75.60946,2.40024],[-75.60728,2.40343],[-75.60404,2.4053],[-75.60355,2.40943],[-75.60058,2.41415],[-75.59988,2.41676],[-75.59239,2.42216],[-75.59158,2.42507],[-75.59227,2.42578],[-75.58761,2.43031],[-75.5869,2.43488],[-75.58277,2.4379],[-75.57719,2.43848],[-75.5739,2.44013],[-75.57213,2.44276],[-75.56837,2.44337],[-75.56504,2.44779],[-75.56366,2.44831],[-75.56583,2.45416],[-75.57021,2.45694],[-75.5717,2.45894],[-75.56871,2.46231],[-75.56097,2.46447],[-75.55833,2.46912],[-75.56262,2.48075],[-75.56975,2.48655],[-75.56866,2.48801],[-75.56672,2.48634],[-75.56409,2.48759],[-75.56225,2.49216],[-75.55781,2.49475],[-75.55618,2.50002],[-75.55432,2.50252],[-75.55326,2.50266],[-75.54638,2.49751],[-75.54431,2.49742],[-75.54284,2.49898],[-75.54207,2.50141],[-75.54273,2.50457],[-75.54554,2.50782],[-75.54484,2.51814],[-75.53616,2.53158],[-75.5278,2.53372]]]}},{"type":"Feature","properties":{"nombre":"Tesalia","codigo":"41797","departamento":"Huila","zona":"Occidente","lat":2.54442,"lon":-75.70393},"geometry":{"type":"Polygon","coordinates":[[[-75.73076,2.66626],[-75.72306,2.66353],[-75.72195,2.65832],[-75.72027,2.6551],[-75.72154,2.64986],[-75.72078,2.64899],[-75.72182,2.6452],[-75.72144,2.64222],[-75.72346,2.63798],[-75.72133,2.63565],[-75.72208,2.63402],[-75.72155,2.63249],[-75.71957,2.63132],[-75.71334,2.6311],[-75.71158,2.6305],[-75.71084,2.62935],[-75.70393,2.62816],[-75.70034,2.62272],[-75.69701,2.62342],[-75.69322,2.62559],[-75.68654,2.63085],[-75.67775,2.63406],[-75.67349,2.63673],[-75.67126,2.63946],[-75.66619,2.64211],[-75.65644,2.64508],[-75.65517,2.64417],[-75.65479,2.64105],[-75.65118,2.63502],[-75.64968,2.63665],[-75.6482,2.63682],[-75.64549,2.63506],[-75.64609,2.63182],[-75.6477,2.62895],[-75.64783,2.62426],[-75.64949,2.6189],[-75.64871,2.61758],[-75.64868,2.61179],[-75.6503,2.60903],[-75.64883,2.60207],[-75.64984,2.60046],[-75.65032,2.59325],[-75.65296,2.5898],[-75.65317,2.58723],[-75.65228,2.58664],[-75.65263,2.58563],[-75.6506,2.58189],[-75.64997,2.57483],[-75.64903,2.57454],[-75.65062,2.57256],[-75.64917,2.57093],[-75.64714,2.57076],[-75.64485,2.56686],[-75.64456,2.56461],[-75.64548,2.56121],[-75.64484,2.5598],[-75.64403,2.55943],[-75.64284,2.56053],[-75.64153,2.56048],[-75.64022,2.55532],[-75.64007,2.54663],[-75.64067,2.54329],[-75.64194,2.54227],[-75.63964,2.53927],[-75.63599,2.5401],[-75.63357,2.53841],[-75.62977,2.53757],[-75.62847,2.53916],[-75.62653,2.53644],[-75.62449,2.53747],[-75.62272,2.5372],[-75.62214,2.53833],[-75.61949,2.53826],[-75.61812,2.53907],[-75.61588,2.5383],[-75.61559,2.53899],[-75.61385,2.53837],[-75.61336,2.53651],[-75.61063,2.53701],[-75.60655,2.5354],[-75.60605,2.5341],[-75.60364,2.53383],[-75.60229,2.53561],[-75.60021,2.53583],[-75.59747,2.53999],[-75.59422,2.53979],[-75.58974,2.54198],[-75.58859,2.5447],[-75.58433,2.54905],[-75.56866,2.48801],[-75.56967,2.48611],[-75.56733,2.48399],[-75.56562,2.48369],[-75.56262,2.48075],[-75.55833,2.46912],[-75.56097,2.46447],[-75.57199,2.46147],[-75.57332,2.45934],[-75.57338,2.45517],[-75.57548,2.44972],[-75.57841,2.44725],[-75.5803,2.44783],[-75.58319,2.45303],[-75.5899,2.45276],[-75.59064,2.45521],[-75.58923,2.45756],[-75.59229,2.45807],[-75.59505,2.45457],[-75.59937,2.45147],[-75.59833,2.4495],[-75.59359,2.44926],[-75.59369,2.44794],[-75.59875,2.44494],[-75.60251,2.43975],[-75.60746,2.43641],[-75.60863,2.43367],[-75.61234,2.43419],[-75.61491,2.42926],[-75.61665,2.42948],[-75.62218,2.43315],[-75.63075,2.42985],[-75.63227,2.43012],[-75.63319,2.42844],[-75.63142,2.42513],[-75.63194,2.42387],[-75.63667,2.42249],[-75.63896,2.42422],[-75.63851,2.42916],[-75.6448,2.42888],[-75.64535,2.43245],[-75.64467,2.43537],[-75.63787,2.43679],[-75.63615,2.43787],[-75.63627,2.44011],[-75.63745,2.44168],[-75.64004,2.44332],[-75.64103,2.44318],[-75.64249,2.44032],[-75.64577,2.43898],[-75.65103,2.43271],[-75.65394,2.43113],[-75.65714,2.43146],[-75.65982,2.436],[-75.65809,2.43969],[-75.65797,2.44331],[-75.65911,2.44632],[-75.66586,2.44326],[-75.67316,2.44238],[-75.67369,2.4444],[-75.67294,2.44561],[-75.66967,2.44563],[-75.66843,2.44715],[-75.66857,2.44926],[-75.66642,2.45123],[-75.66775,2.45314],[-75.67112,2.45261],[-75.67058,2.45693],[-75.67434,2.46045],[-75.67677,2.45601],[-75.67828,2.4554],[-75.68292,2.45719],[-75.6856,2.46168],[-75.68693,2.46107],[-75.68812,2.45733],[-75.69015,2.45685],[-75.69135,2.45812],[-75.69092,2.46154],[-75.69342,2.4616],[-75.69609,2.45998],[-75.69695,2.45491],[-75.69796,2.45366],[-75.70132,2.45471],[-75.70387,2.45086],[-75.70794,2.45112],[-75.70799,2.45002],[-75.70545,2.44739],[-75.70897,2.44435],[-75.71004,2.44612],[-75.70941,2.44995],[-75.71373,2.45332],[-75.71493,2.45321],[-75.71637,2.45174],[-75.71616,2.44979],[-75.71485,2.44799],[-75.71208,2.44746],[-75.71178,2.44531],[-75.71252,2.44321],[-75.71417,2.44272],[-75.71653,2.44591],[-75.71873,2.44748],[-75.72204,2.44585],[-75.72422,2.44588],[-75.72595,2.4478],[-75.7273,2.45117],[-75.72955,2.45117],[-75.73589,2.44775],[-75.73925,2.45062],[-75.74054,2.45471],[-75.74426,2.45729],[-75.74594,2.45705],[-75.74685,2.45517],[-75.74482,2.45207],[-75.74477,2.44926],[-75.7486,2.45218],[-75.75351,2.4537],[-75.75508,2.456],[-75.7583,2.45698],[-75.76266,2.46085],[-75.76354,2.46048],[-75.76455,2.45709],[-75.76585,2.45704],[-75.77115,2.46256],[-75.77477,2.46285],[-75.77858,2.46649],[-75.7828,2.46681],[-75.7843,2.46762],[-75.79053,2.47313],[-75.79492,2.47566],[-75.79545,2.47711],[-75.79404,2.47701],[-75.79182,2.48125],[-75.78973,2.48343],[-75.7872,2.48454],[-75.78596,2.48734],[-75.78316,2.48955],[-75.77865,2.49071],[-75.77656,2.49266],[-75.77709,2.49616],[-75.77563,2.49895],[-75.77589,2.50035],[-75.77338,2.50214],[-75.77227,2.50582],[-75.7694,2.50925],[-75.76822,2.51544],[-75.76624,2.51885],[-75.76583,2.52608],[-75.76737,2.52928],[-75.76754,2.53162],[-75.76633,2.53615],[-75.76787,2.54216],[-75.76624,2.5471],[-75.76842,2.55588],[-75.76777,2.55761],[-75.76863,2.55827],[-75.76594,2.5597],[-75.76669,2.56023],[-75.76649,2.56667],[-75.76886,2.56865],[-75.76862,2.56937],[-75.75992,2.58108],[-75.75912,2.58602],[-75.75565,2.58683],[-75.75537,2.58789],[-75.75124,2.58649],[-75.74138,2.5872],[-75.73898,2.5861],[-75.73559,2.58854],[-75.73684,2.58951],[-75.73628,2.59325],[-75.73695,2.59791],[-75.73868,2.60129],[-75.73831,2.60428],[-75.74206,2.60559],[-75.75033,2.61226],[-75.75388,2.61324],[-75.75592,2.61299],[-75.75992,2.6176],[-75.76082,2.6204],[-75.75938,2.62286],[-75.75976,2.62624],[-75.75822,2.62693],[-75.75661,2.62921],[-75.75461,2.63007],[-75.75524,2.63219],[-75.75438,2.63238],[-75.75282,2.63675],[-75.74645,2.64266],[-75.74267,2.64425],[-75.74021,2.64724],[-75.74048,2.65228],[-75.73972,2.65526],[-75.73346,2.6601],[-75.73076,2.66626]]]}},{"type":"Feature","properties":{"nombre":"Hobo","codigo":"41349","departamento":"Huila","zona":"Norte","lat":2.56564,"lon":-75.44901},"geometry":{"type":"Polygon","coordinates":[[[-75.44321,2.67853],[-75.44132,2.67666],[-75.43644,2.6777],[-75.43589,2.67658],[-75.43761,2.67369],[-75.43629,2.67388],[-75.43678,2.67232],[-75.43574,2.6719],[-75.4357,2.67063],[-75.43787,2.67002],[-75.4364,2.66837],[-75.43772,2.66763],[-75.43803,2.66476],[-75.43918,2.66385],[-75.43705,2.66326],[-75.43683,2.66235],[-75.4348,2.66311],[-75.43519,2.66206],[-75.4335,2.66171],[-75.435,2.66067],[-75.43391,2.65852],[-75.43517,2.65535],[-75.43442,2.65365],[-75.43318,2.65397],[-75.43324,2.65257],[-75.43133,2.65017],[-75.43312,2.64271],[-75.43822,2.63736],[-75.43765,2.62526],[-75.39462,2.56267],[-75.39517,2.56207],[-75.39453,2.559],[-75.39189,2.55834],[-75.38964,2.5565],[-75.38994,2.55478],[-75.38838,2.55401],[-75.38538,2.54995],[-75.38473,2.54617],[-75.38651,2.54462],[-75.38606,2.54196],[-75.38737,2.53994],[-75.38707,2.53582],[-75.38516,2.53226],[-75.38654,2.52999],[-75.38678,2.52726],[-75.38559,2.5262],[-75.38486,2.5226],[-75.38561,2.51696],[-75.38487,2.51569],[-75.37818,2.51127],[-75.37904,2.50867],[-75.38289,2.50486],[-75.38258,2.50238],[-75.38438,2.49837],[-75.38765,2.49542],[-75.39143,2.48944],[-75.39318,2.48898],[-75.3953,2.48127],[-75.39686,2.47912],[-75.39869,2.47735],[-75.40179,2.47663],[-75.4055,2.47426],[-75.40761,2.47046],[-75.41043,2.46863],[-75.41173,2.46463],[-75.41137,2.46167],[-75.41649,2.45879],[-75.41737,2.45498],[-75.41906,2.45394],[-75.42159,2.45278],[-75.4279,2.45297],[-75.4289,2.45184],[-75.43162,2.45447],[-75.43442,2.45919],[-75.43403,2.46149],[-75.43555,2.46468],[-75.43541,2.46864],[-75.43892,2.4715],[-75.44155,2.47262],[-75.44336,2.4726],[-75.44441,2.47171],[-75.44629,2.47198],[-75.44618,2.47292],[-75.44738,2.4731],[-75.44991,2.47624],[-75.45368,2.4777],[-75.45509,2.47686],[-75.45672,2.47897],[-75.46088,2.47724],[-75.46421,2.47792],[-75.46599,2.47648],[-75.4668,2.47738],[-75.46798,2.47662],[-75.46892,2.4785],[-75.47092,2.4785],[-75.47251,2.48009],[-75.47346,2.47929],[-75.47416,2.48053],[-75.47689,2.47951],[-75.47981,2.47951],[-75.48454,2.48232],[-75.48859,2.48304],[-75.49127,2.48258],[-75.49592,2.48427],[-75.49837,2.48692],[-75.49831,2.48952],[-75.49692,2.48984],[-75.49677,2.49072],[-75.49832,2.49281],[-75.49947,2.49292],[-75.49928,2.49392],[-75.50062,2.49594],[-75.49991,2.49718],[-75.50141,2.49769],[-75.49959,2.4983],[-75.49993,2.49992],[-75.4991,2.50047],[-75.50043,2.50093],[-75.50027,2.50192],[-75.50122,2.50192],[-75.50121,2.50505],[-75.50526,2.50929],[-75.5079,2.50917],[-75.50893,2.51064],[-75.51122,2.51031],[-75.51265,2.51451],[-75.51626,2.51503],[-75.51976,2.51307],[-75.5216,2.51348],[-75.52383,2.51243],[-75.52706,2.51548],[-75.52839,2.51892],[-75.52649,2.52103],[-75.52623,2.52314],[-75.52913,2.5276],[-75.52864,2.53062],[-75.52929,2.53229],[-75.52334,2.53694],[-75.52358,2.53813],[-75.52905,2.54158],[-75.53081,2.5441],[-75.53066,2.54517],[-75.52777,2.54645],[-75.52611,2.54631],[-75.52078,2.54318],[-75.51695,2.54318],[-75.5151,2.54404],[-75.51341,2.5499],[-75.51201,2.55231],[-75.50972,2.55422],[-75.50773,2.55454],[-75.50142,2.54984],[-75.49854,2.54979],[-75.49501,2.55431],[-75.49553,2.55773],[-75.49788,2.5621],[-75.50121,2.5629],[-75.50208,2.56353],[-75.50193,2.56486],[-75.50077,2.56641],[-75.49651,2.5676],[-75.49491,2.56921],[-75.49589,2.57171],[-75.4936,2.5803],[-75.48946,2.58113],[-75.48224,2.58036],[-75.47715,2.57661],[-75.47596,2.57745],[-75.47489,2.58057],[-75.47525,2.58298],[-75.48015,2.58869],[-75.48137,2.59981],[-75.47275,2.6077],[-75.46927,2.6063],[-75.46823,2.60668],[-75.46597,2.6162],[-75.46784,2.62471],[-75.46617,2.63152],[-75.46397,2.63348],[-75.46103,2.63384],[-75.45249,2.63316],[-75.4458,2.63628],[-75.44416,2.63839],[-75.44321,2.64261],[-75.44419,2.64725],[-75.44556,2.64806],[-75.45362,2.64746],[-75.45353,2.64981],[-75.44979,2.65412],[-75.44723,2.65502],[-75.44431,2.65451],[-75.4425,2.65695],[-75.4422,2.65957],[-75.44327,2.65948],[-75.44443,2.65796],[-75.44556,2.6582],[-75.4464,2.65876],[-75.44748,2.66225],[-75.44367,2.67035],[-75.44569,2.67779],[-75.44517,2.6786],[-75.44321,2.67853]]]}},{"type":"Feature","properties":{"nombre":"Nátaga","codigo":"41483","departamento":"Huila","zona":"Occidente","lat":2.57778,"lon":-75.79429},"geometry":{"type":"Polygon","coordinates":[[[-75.7616,2.68038],[-75.76071,2.67974],[-75.76002,2.67696],[-75.75752,2.6771],[-75.75566,2.67611],[-75.75314,2.6769],[-75.75137,2.6759],[-75.75115,2.67399],[-75.7493,2.67326],[-75.74861,2.67203],[-75.74735,2.6728],[-75.74557,2.67216],[-75.74569,2.67364],[-75.74487,2.6737],[-75.74042,2.66829],[-75.73864,2.66841],[-75.73758,2.66946],[-75.73448,2.66728],[-75.73076,2.66626],[-75.73346,2.6601],[-75.73972,2.65526],[-75.74048,2.65228],[-75.74021,2.64724],[-75.74267,2.64425],[-75.74645,2.64266],[-75.75282,2.63675],[-75.75438,2.63238],[-75.75524,2.63219],[-75.75461,2.63007],[-75.75661,2.62921],[-75.75822,2.62693],[-75.75976,2.62624],[-75.75938,2.62286],[-75.76082,2.6204],[-75.75992,2.6176],[-75.75592,2.61299],[-75.75388,2.61324],[-75.75033,2.61226],[-75.74206,2.60559],[-75.73831,2.60428],[-75.73868,2.60129],[-75.73695,2.59791],[-75.73628,2.59325],[-75.73684,2.58951],[-75.73559,2.58854],[-75.73898,2.5861],[-75.74138,2.5872],[-75.75124,2.58649],[-75.75537,2.58789],[-75.75565,2.58683],[-75.75937,2.58587],[-75.75911,2.58338],[-75.75992,2.58108],[-75.76886,2.56888],[-75.76649,2.56667],[-75.76669,2.56023],[-75.76594,2.5597],[-75.76863,2.55827],[-75.76777,2.55761],[-75.76842,2.55588],[-75.76624,2.5471],[-75.76787,2.54216],[-75.76633,2.53615],[-75.7674,2.53262],[-75.76737,2.52928],[-75.76583,2.52608],[-75.76624,2.51885],[-75.76822,2.51544],[-75.7694,2.50925],[-75.77227,2.50582],[-75.77338,2.50214],[-75.77582,2.50053],[-75.77563,2.49895],[-75.77709,2.49616],[-75.77656,2.49266],[-75.77865,2.49071],[-75.78316,2.48955],[-75.78596,2.48734],[-75.7872,2.48454],[-75.78973,2.48343],[-75.79182,2.48125],[-75.79404,2.47701],[-75.79545,2.47711],[-75.79492,2.47566],[-75.80295,2.47523],[-75.80278,2.48034],[-75.80645,2.4803],[-75.80752,2.48312],[-75.81117,2.48388],[-75.81179,2.48476],[-75.81396,2.48386],[-75.81873,2.49045],[-75.82211,2.49251],[-75.8227,2.49492],[-75.82163,2.49865],[-75.82214,2.50418],[-75.82006,2.51065],[-75.81894,2.51187],[-75.8199,2.51524],[-75.81933,2.51972],[-75.82181,2.52011],[-75.8235,2.52169],[-75.82386,2.52438],[-75.82572,2.52648],[-75.82469,2.52882],[-75.82646,2.52994],[-75.82727,2.53167],[-75.82952,2.53185],[-75.83025,2.53445],[-75.83526,2.53724],[-75.8367,2.53916],[-75.83751,2.54107],[-75.83599,2.54155],[-75.8339,2.54419],[-75.83375,2.54786],[-75.83457,2.54913],[-75.83349,2.55205],[-75.83425,2.55301],[-75.83596,2.55308],[-75.8363,2.55637],[-75.838,2.55588],[-75.83997,2.55922],[-75.83793,2.56152],[-75.8385,2.56402],[-75.83756,2.56712],[-75.83671,2.56845],[-75.83523,2.56864],[-75.83592,2.57031],[-75.83258,2.57045],[-75.82942,2.57225],[-75.82699,2.57534],[-75.82617,2.57899],[-75.82428,2.58111],[-75.82586,2.58294],[-75.82559,2.58669],[-75.82365,2.58848],[-75.82447,2.5908],[-75.81962,2.59434],[-75.81973,2.59598],[-75.81788,2.59587],[-75.81756,2.59492],[-75.81536,2.59499],[-75.80996,2.60019],[-75.80916,2.60433],[-75.80645,2.60497],[-75.80807,2.60766],[-75.80436,2.61317],[-75.80272,2.61433],[-75.80336,2.61602],[-75.80253,2.61643],[-75.80083,2.62019],[-75.80059,2.6231],[-75.79802,2.62347],[-75.79715,2.62536],[-75.79464,2.62637],[-75.79693,2.62806],[-75.79684,2.62877],[-75.79261,2.62938],[-75.79102,2.6304],[-75.79116,2.63408],[-75.78906,2.6351],[-75.79154,2.6405],[-75.79074,2.6423],[-75.79091,2.64696],[-75.78958,2.64879],[-75.79118,2.65089],[-75.78872,2.65244],[-75.78915,2.6581],[-75.78551,2.6591],[-75.78265,2.65787],[-75.78036,2.65998],[-75.77748,2.66465],[-75.77459,2.66695],[-75.77452,2.67151],[-75.77174,2.67698],[-75.77051,2.67748],[-75.76755,2.67674],[-75.76523,2.67742],[-75.76364,2.67967],[-75.7616,2.68038]]]}},{"type":"Feature","properties":{"nombre":"Algeciras","codigo":"41020","departamento":"Huila","zona":"Norte","lat":2.51175,"lon":-75.30002},"geometry":{"type":"Polygon","coordinates":[[[-75.15267,2.70885],[-75.15379,2.70741],[-75.15409,2.70412],[-75.15111,2.70301],[-75.14929,2.7004],[-75.14328,2.69917],[-75.13835,2.69516],[-75.13317,2.69363],[-75.13373,2.68895],[-75.13703,2.68237],[-75.13788,2.67649],[-75.13959,2.67289],[-75.14028,2.6688],[-75.14139,2.66701],[-75.1477,2.66279],[-75.15352,2.65692],[-75.1556,2.64593],[-75.15286,2.63747],[-75.15016,2.63361],[-75.149,2.62795],[-75.14953,2.62074],[-75.14309,2.61536],[-75.13686,2.60708],[-75.13402,2.60485],[-75.13437,2.59905],[-75.13269,2.59515],[-75.14274,2.5877],[-75.15366,2.58199],[-75.15493,2.57738],[-75.15422,2.57372],[-75.15644,2.57086],[-75.15756,2.56363],[-75.16199,2.56141],[-75.16175,2.55736],[-75.16247,2.55633],[-75.17046,2.5507],[-75.17102,2.54609],[-75.17426,2.5418],[-75.17625,2.5364],[-75.17973,2.53426],[-75.18076,2.53243],[-75.18179,2.52989],[-75.18116,2.5283],[-75.17753,2.52726],[-75.17263,2.52383],[-75.17524,2.52066],[-75.17858,2.51104],[-75.18111,2.50707],[-75.18435,2.50636],[-75.19446,2.51194],[-75.20118,2.51132],[-75.203,2.50957],[-75.20569,2.50854],[-75.2128,2.51062],[-75.22157,2.51071],[-75.2271,2.51167],[-75.2279,2.50658],[-75.2264,2.50547],[-75.22569,2.50253],[-75.22728,2.50022],[-75.22657,2.49561],[-75.23038,2.48632],[-75.2311,2.48091],[-75.23696,2.47178],[-75.24582,2.46225],[-75.24788,2.45788],[-75.25334,2.45296],[-75.25232,2.44931],[-75.25035,2.44684],[-75.25059,2.44445],[-75.25502,2.44223],[-75.25953,2.44113],[-75.26293,2.43406],[-75.268,2.43049],[-75.26871,2.42516],[-75.27054,2.42246],[-75.27196,2.42246],[-75.27614,2.4247],[-75.27954,2.42271],[-75.28097,2.41827],[-75.28713,2.40973],[-75.28674,2.40657],[-75.2879,2.40295],[-75.28628,2.39641],[-75.28982,2.38917],[-75.29437,2.38209],[-75.29614,2.38071],[-75.30165,2.37886],[-75.30387,2.37123],[-75.30607,2.36939],[-75.31015,2.36161],[-75.31638,2.35884],[-75.31785,2.35915],[-75.31914,2.36124],[-75.32554,2.36492],[-75.32839,2.36592],[-75.32962,2.36531],[-75.3337,2.35838],[-75.33709,2.34906],[-75.33763,2.34552],[-75.3413,2.33893],[-75.34342,2.33068],[-75.34809,2.32378],[-75.35878,2.32002],[-75.36189,2.32161],[-75.36311,2.32453],[-75.36548,2.32645],[-75.36979,2.32658],[-75.37316,2.32488],[-75.37636,2.31901],[-75.37926,2.31829],[-75.38196,2.31627],[-75.38628,2.31458],[-75.38675,2.31687],[-75.39288,2.32597],[-75.39443,2.33306],[-75.39898,2.33598],[-75.40034,2.33788],[-75.40129,2.34569],[-75.40333,2.3497],[-75.40475,2.35085],[-75.4089,2.35187],[-75.4201,2.35201],[-75.42756,2.35498],[-75.42989,2.35945],[-75.42957,2.3645],[-75.43083,2.36841],[-75.43239,2.37072],[-75.43661,2.37183],[-75.43785,2.37301],[-75.43991,2.37891],[-75.44508,2.38561],[-75.4456,2.39273],[-75.44383,2.39422],[-75.44158,2.39964],[-75.442,2.40313],[-75.43956,2.4075],[-75.43833,2.41363],[-75.43887,2.41657],[-75.43515,2.42193],[-75.43422,2.42567],[-75.43151,2.43034],[-75.4317,2.4341],[-75.43385,2.43839],[-75.43393,2.44171],[-75.42961,2.44558],[-75.42851,2.44962],[-75.4289,2.45184],[-75.4279,2.45297],[-75.42541,2.45339],[-75.42159,2.45278],[-75.41737,2.45498],[-75.41649,2.45879],[-75.41137,2.46167],[-75.41173,2.46463],[-75.41043,2.46863],[-75.40761,2.47046],[-75.4055,2.47426],[-75.40179,2.47663],[-75.39869,2.47735],[-75.3953,2.48127],[-75.39318,2.48898],[-75.39143,2.48944],[-75.38765,2.49542],[-75.38438,2.49837],[-75.38258,2.50238],[-75.38289,2.50486],[-75.38097,2.50711],[-75.37877,2.50941],[-75.36985,2.51303],[-75.36823,2.51295],[-75.36499,2.5162],[-75.36388,2.51601],[-75.36211,2.51763],[-75.36031,2.5212],[-75.35958,2.52726],[-75.3534,2.53016],[-75.35176,2.53724],[-75.3502,2.53822],[-75.34945,2.54069],[-75.34774,2.5408],[-75.34739,2.54202],[-75.34513,2.54159],[-75.34607,2.54279],[-75.34435,2.54536],[-75.3445,2.54711],[-75.34606,2.551],[-75.34356,2.55231],[-75.34001,2.5518],[-75.33702,2.55234],[-75.33496,2.55481],[-75.3316,2.55364],[-75.32551,2.55313],[-75.32298,2.55455],[-75.32061,2.55687],[-75.31996,2.5586],[-75.31597,2.56141],[-75.31372,2.56109],[-75.31182,2.56293],[-75.30936,2.56355],[-75.30544,2.56742],[-75.30156,2.56769],[-75.29943,2.56947],[-75.29814,2.56897],[-75.29783,2.57299],[-75.29964,2.57446],[-75.30009,2.57742],[-75.2982,2.57888],[-75.29705,2.58129],[-75.29343,2.58345],[-75.29225,2.58632],[-75.2896,2.58786],[-75.28714,2.58823],[-75.28701,2.58941],[-75.28438,2.59219],[-75.28482,2.59495],[-75.28311,2.59683],[-75.28179,2.60001],[-75.27686,2.60275],[-75.27574,2.60456],[-75.27289,2.60511],[-75.27218,2.60616],[-75.26496,2.60766],[-75.26203,2.61019],[-75.2616,2.61166],[-75.26234,2.61418],[-75.26112,2.61742],[-75.25577,2.61832],[-75.24749,2.62189],[-75.24469,2.62213],[-75.24395,2.62775],[-75.24228,2.63091],[-75.23473,2.63125],[-75.2301,2.6341],[-75.22463,2.63798],[-75.22174,2.64135],[-75.21761,2.64309],[-75.21706,2.6439],[-75.21771,2.64645],[-75.21381,2.65057],[-75.20949,2.65177],[-75.20703,2.65082],[-75.20419,2.65188],[-75.20218,2.65713],[-75.20204,2.65951],[-75.20014,2.66289],[-75.19635,2.66311],[-75.19134,2.6663],[-75.18895,2.6667],[-75.18288,2.67409],[-75.17429,2.67753],[-75.17162,2.68252],[-75.17155,2.68379],[-75.17408,2.68757],[-75.1729,2.69116],[-75.17058,2.69412],[-75.17245,2.69691],[-75.17196,2.70331],[-75.17001,2.70473],[-75.1647,2.70604],[-75.15961,2.70387],[-75.15824,2.70421],[-75.15662,2.70495],[-75.15433,2.70828],[-75.15267,2.70885]]]}},{"type":"Feature","properties":{"nombre":"Yaguará","codigo":"41885","departamento":"Huila","zona":"Norte","lat":2.6313,"lon":-75.52676},"geometry":{"type":"Polygon","coordinates":[[[-75.44982,2.77635],[-75.44614,2.77515],[-75.44509,2.77567],[-75.44036,2.77492],[-75.43853,2.77559],[-75.43647,2.77474],[-75.43655,2.77356],[-75.4381,2.77316],[-75.43802,2.77136],[-75.43425,2.76352],[-75.43516,2.7617],[-75.43316,2.76143],[-75.43364,2.75882],[-75.43202,2.75633],[-75.4344,2.75298],[-75.43255,2.74851],[-75.43309,2.74796],[-75.43406,2.74894],[-75.43607,2.74879],[-75.43565,2.74504],[-75.43369,2.74304],[-75.43146,2.74291],[-75.4321,2.73893],[-75.4306,2.73548],[-75.42867,2.73495],[-75.42826,2.73225],[-75.42733,2.73334],[-75.42464,2.73312],[-75.42319,2.73381],[-75.41944,2.72785],[-75.41941,2.72674],[-75.42021,2.72656],[-75.42357,2.72737],[-75.42426,2.72693],[-75.42456,2.72351],[-75.42634,2.72055],[-75.43286,2.71956],[-75.43725,2.71726],[-75.43699,2.71516],[-75.43495,2.71424],[-75.43331,2.71145],[-75.43163,2.71093],[-75.4306,2.70937],[-75.43213,2.70379],[-75.43376,2.70211],[-75.43746,2.70033],[-75.43886,2.69645],[-75.43955,2.69064],[-75.44225,2.68859],[-75.44077,2.6862],[-75.4374,2.68471],[-75.43642,2.68328],[-75.43563,2.67862],[-75.43742,2.67723],[-75.43992,2.67675],[-75.44132,2.67666],[-75.44415,2.67881],[-75.44569,2.67779],[-75.44367,2.67035],[-75.44748,2.66225],[-75.4464,2.65876],[-75.44556,2.6582],[-75.44443,2.65796],[-75.44327,2.65948],[-75.4422,2.65957],[-75.4425,2.65695],[-75.44431,2.65451],[-75.44723,2.65502],[-75.44979,2.65412],[-75.45353,2.64981],[-75.45362,2.64746],[-75.45261,2.64708],[-75.44556,2.64806],[-75.44419,2.64725],[-75.44321,2.64261],[-75.44416,2.63839],[-75.4458,2.63628],[-75.45249,2.63316],[-75.46103,2.63384],[-75.46397,2.63348],[-75.46617,2.63152],[-75.46784,2.62471],[-75.46597,2.6162],[-75.46823,2.60668],[-75.46927,2.6063],[-75.47275,2.6077],[-75.48137,2.59981],[-75.48015,2.58869],[-75.47525,2.58298],[-75.47489,2.58057],[-75.47596,2.57745],[-75.47715,2.57661],[-75.48224,2.58036],[-75.49253,2.58096],[-75.4936,2.5803],[-75.49589,2.57171],[-75.49491,2.56921],[-75.49651,2.5676],[-75.50077,2.56641],[-75.50193,2.56486],[-75.50208,2.56353],[-75.49788,2.5621],[-75.49628,2.5599],[-75.49501,2.55431],[-75.4958,2.55282],[-75.49854,2.54979],[-75.49987,2.54958],[-75.50142,2.54984],[-75.50773,2.55454],[-75.50972,2.55422],[-75.51201,2.55231],[-75.51341,2.5499],[-75.5151,2.54404],[-75.51695,2.54318],[-75.52078,2.54318],[-75.52611,2.54631],[-75.52777,2.54645],[-75.53066,2.54517],[-75.53036,2.5428],[-75.52555,2.5399],[-75.52358,2.53813],[-75.52334,2.53694],[-75.5278,2.53372],[-75.53616,2.53158],[-75.54484,2.51814],[-75.54554,2.50782],[-75.54273,2.50457],[-75.54207,2.50141],[-75.54284,2.49898],[-75.54431,2.49742],[-75.54638,2.49751],[-75.55326,2.50266],[-75.55432,2.50252],[-75.55618,2.50002],[-75.55781,2.49475],[-75.56225,2.49216],[-75.56409,2.48759],[-75.56672,2.48634],[-75.56767,2.48668],[-75.56866,2.48801],[-75.58467,2.54981],[-75.58441,2.55102],[-75.58579,2.55453],[-75.588,2.55747],[-75.58866,2.56649],[-75.58735,2.56998],[-75.58744,2.57185],[-75.59025,2.57527],[-75.5875,2.58343],[-75.58882,2.58539],[-75.5882,2.59032],[-75.59225,2.59562],[-75.59231,2.59951],[-75.59138,2.60507],[-75.58837,2.6102],[-75.59031,2.61746],[-75.59037,2.62482],[-75.59031,2.62648],[-75.58934,2.62728],[-75.58671,2.62768],[-75.5878,2.63313],[-75.58764,2.64523],[-75.59489,2.66125],[-75.5945,2.66358],[-75.59245,2.66626],[-75.59253,2.6674],[-75.59079,2.67032],[-75.58768,2.68373],[-75.58485,2.68406],[-75.58267,2.68254],[-75.58023,2.68233],[-75.57707,2.68407],[-75.57557,2.68317],[-75.57344,2.68335],[-75.56892,2.68098],[-75.56666,2.68203],[-75.56414,2.68152],[-75.56383,2.68268],[-75.55954,2.68236],[-75.55805,2.68464],[-75.56074,2.68655],[-75.55713,2.69266],[-75.55759,2.69495],[-75.55321,2.69479],[-75.55134,2.69962],[-75.54885,2.70223],[-75.54927,2.70488],[-75.54396,2.71834],[-75.53491,2.73301],[-75.52996,2.73646],[-75.52899,2.73891],[-75.5225,2.74598],[-75.51997,2.74651],[-75.51647,2.74921],[-75.51243,2.75049],[-75.51064,2.75171],[-75.51102,2.75304],[-75.50902,2.75535],[-75.50092,2.75967],[-75.50074,2.76085],[-75.49827,2.76328],[-75.49827,2.76722],[-75.49493,2.76693],[-75.48672,2.76328],[-75.47631,2.76497],[-75.47376,2.76417],[-75.46705,2.76601],[-75.46377,2.76483],[-75.46083,2.76572],[-75.45729,2.77179],[-75.45501,2.77298],[-75.45357,2.77573],[-75.44982,2.77635]]]}},{"type":"Feature","properties":{"nombre":"Campoalegre","codigo":"41132","departamento":"Huila","zona":"Norte","lat":2.64457,"lon":-75.32488},"geometry":{"type":"Polygon","coordinates":[[[-75.33442,2.78031],[-75.33234,2.77772],[-75.33347,2.76707],[-75.3317,2.76575],[-75.33083,2.76313],[-75.32775,2.76141],[-75.32842,2.75921],[-75.3262,2.75726],[-75.32474,2.75421],[-75.32511,2.75338],[-75.32321,2.75171],[-75.32491,2.74811],[-75.3219,2.74604],[-75.32215,2.74408],[-75.31957,2.74053],[-75.31718,2.74128],[-75.31571,2.74337],[-75.31444,2.74346],[-75.31419,2.74488],[-75.31271,2.7453],[-75.31239,2.74722],[-75.31057,2.74726],[-75.3089,2.7485],[-75.30427,2.74783],[-75.30064,2.74838],[-75.29948,2.74717],[-75.29572,2.74898],[-75.2943,2.74867],[-75.28984,2.75104],[-75.28635,2.75112],[-75.28256,2.75304],[-75.27559,2.75316],[-75.26846,2.74969],[-75.26671,2.74954],[-75.26585,2.7479],[-75.26328,2.74773],[-75.26229,2.74664],[-75.25642,2.74678],[-75.25277,2.74427],[-75.25196,2.7407],[-75.24876,2.73826],[-75.24794,2.73578],[-75.2466,2.73514],[-75.24496,2.73045],[-75.243,2.73037],[-75.23782,2.72503],[-75.23584,2.7253],[-75.23416,2.7243],[-75.2343,2.72299],[-75.23305,2.72171],[-75.22872,2.72046],[-75.22013,2.71099],[-75.21669,2.70909],[-75.2104,2.70298],[-75.21122,2.69845],[-75.214,2.6909],[-75.21118,2.69063],[-75.20594,2.69346],[-75.20356,2.69328],[-75.20106,2.6942],[-75.19416,2.69352],[-75.19068,2.69414],[-75.18708,2.69512],[-75.18412,2.69789],[-75.18197,2.69874],[-75.17706,2.697],[-75.17418,2.69965],[-75.17196,2.70331],[-75.17245,2.69691],[-75.17058,2.69412],[-75.1729,2.69116],[-75.17408,2.68757],[-75.17155,2.68379],[-75.17162,2.68252],[-75.17429,2.67753],[-75.18288,2.67409],[-75.1881,2.6672],[-75.19134,2.6663],[-75.19635,2.66311],[-75.20014,2.66289],[-75.20111,2.662],[-75.20419,2.65188],[-75.20703,2.65082],[-75.20949,2.65177],[-75.21381,2.65057],[-75.21771,2.64645],[-75.21706,2.6439],[-75.21761,2.64309],[-75.22174,2.64135],[-75.22463,2.63798],[-75.2301,2.6341],[-75.23473,2.63125],[-75.24228,2.63091],[-75.24395,2.62775],[-75.24469,2.62213],[-75.24749,2.62189],[-75.25577,2.61832],[-75.26112,2.61742],[-75.26234,2.61418],[-75.2616,2.61166],[-75.26203,2.61019],[-75.26496,2.60766],[-75.27218,2.60616],[-75.27289,2.60511],[-75.27633,2.6042],[-75.27686,2.60275],[-75.28157,2.60022],[-75.28482,2.59495],[-75.28438,2.59219],[-75.28701,2.58941],[-75.28714,2.58823],[-75.2896,2.58786],[-75.29225,2.58632],[-75.29343,2.58345],[-75.29705,2.58129],[-75.2982,2.57888],[-75.30009,2.57742],[-75.29964,2.57446],[-75.29783,2.57299],[-75.29814,2.56897],[-75.29943,2.56947],[-75.30156,2.56769],[-75.30544,2.56742],[-75.30936,2.56355],[-75.31182,2.56293],[-75.31372,2.56109],[-75.31597,2.56141],[-75.31996,2.5586],[-75.32061,2.55687],[-75.32298,2.55455],[-75.32551,2.55313],[-75.3316,2.55364],[-75.33496,2.55481],[-75.33702,2.55234],[-75.34001,2.5518],[-75.34356,2.55231],[-75.34606,2.551],[-75.3445,2.54711],[-75.34435,2.54536],[-75.34607,2.54279],[-75.34513,2.54159],[-75.34739,2.54202],[-75.34774,2.5408],[-75.34945,2.54069],[-75.3502,2.53822],[-75.35176,2.53724],[-75.3534,2.53016],[-75.35958,2.52726],[-75.36031,2.5212],[-75.36211,2.51763],[-75.36388,2.51601],[-75.36499,2.5162],[-75.36823,2.51295],[-75.36985,2.51303],[-75.37877,2.50941],[-75.37846,2.51186],[-75.38487,2.51569],[-75.38561,2.51696],[-75.38486,2.5226],[-75.38559,2.5262],[-75.38678,2.52726],[-75.38654,2.52999],[-75.38516,2.53226],[-75.38707,2.53582],[-75.38737,2.53994],[-75.38606,2.54196],[-75.38651,2.54462],[-75.38473,2.54617],[-75.38538,2.54995],[-75.38838,2.55401],[-75.38994,2.55478],[-75.38964,2.5565],[-75.39189,2.55834],[-75.39453,2.559],[-75.39517,2.56207],[-75.39462,2.56267],[-75.43765,2.62526],[-75.43822,2.63736],[-75.43312,2.64271],[-75.43133,2.65017],[-75.43324,2.65257],[-75.43318,2.65397],[-75.43442,2.65365],[-75.43517,2.65535],[-75.43391,2.65852],[-75.435,2.66067],[-75.4335,2.66171],[-75.43519,2.66206],[-75.4348,2.66311],[-75.43683,2.66235],[-75.43705,2.66326],[-75.43918,2.66385],[-75.43803,2.66476],[-75.43772,2.66763],[-75.4364,2.66837],[-75.43787,2.67002],[-75.4357,2.67063],[-75.43574,2.6719],[-75.43678,2.67232],[-75.43629,2.67388],[-75.43761,2.67369],[-75.43585,2.6762],[-75.43644,2.6777],[-75.43563,2.67862],[-75.4359,2.68202],[-75.4374,2.68471],[-75.44077,2.6862],[-75.44225,2.68859],[-75.43955,2.69064],[-75.43886,2.69645],[-75.43746,2.70033],[-75.43376,2.70211],[-75.43213,2.70379],[-75.43108,2.70642],[-75.4306,2.70937],[-75.43163,2.71093],[-75.43331,2.71145],[-75.43495,2.71424],[-75.43699,2.71516],[-75.43725,2.71726],[-75.43286,2.71956],[-75.42634,2.72055],[-75.42456,2.72351],[-75.42426,2.72693],[-75.42357,2.72737],[-75.41941,2.72674],[-75.41966,2.72837],[-75.42319,2.73381],[-75.42291,2.73615],[-75.42166,2.73645],[-75.41943,2.73469],[-75.41241,2.73469],[-75.41002,2.7365],[-75.40654,2.74295],[-75.40464,2.74356],[-75.40312,2.74249],[-75.40154,2.73701],[-75.39546,2.72489],[-75.39287,2.72261],[-75.38676,2.72765],[-75.38105,2.73614],[-75.37858,2.73845],[-75.37761,2.74077],[-75.37852,2.74604],[-75.37805,2.74884],[-75.37534,2.75236],[-75.36784,2.75544],[-75.36424,2.76671],[-75.36204,2.76814],[-75.35221,2.76685],[-75.34709,2.77024],[-75.3445,2.77362],[-75.33577,2.77834],[-75.33442,2.78031]]]}},{"type":"Feature","properties":{"nombre":"Íquira","codigo":"41357","departamento":"Huila","zona":"Norte","lat":2.666,"lon":-75.6611},"geometry":{"type":"Polygon","coordinates":[[[-75.67708,2.79808],[-75.6749,2.79698],[-75.67327,2.7981],[-75.67148,2.7981],[-75.66857,2.79664],[-75.66589,2.79773],[-75.65848,2.79643],[-75.65726,2.79723],[-75.65735,2.79621],[-75.65549,2.79454],[-75.65092,2.79597],[-75.64651,2.79021],[-75.63965,2.78991],[-75.63988,2.78592],[-75.63821,2.78527],[-75.63702,2.78214],[-75.63453,2.78182],[-75.6353,2.78018],[-75.63404,2.77861],[-75.63424,2.77544],[-75.63173,2.77315],[-75.63158,2.77099],[-75.62998,2.76967],[-75.62907,2.7675],[-75.63089,2.76134],[-75.62981,2.75993],[-75.63056,2.75863],[-75.62906,2.7583],[-75.62892,2.7553],[-75.6278,2.75456],[-75.62973,2.75236],[-75.63112,2.75257],[-75.62472,2.74842],[-75.62137,2.7434],[-75.61842,2.73114],[-75.61684,2.72803],[-75.61732,2.7255],[-75.61538,2.72236],[-75.61555,2.71922],[-75.61787,2.71716],[-75.6184,2.71183],[-75.61711,2.70932],[-75.61593,2.70186],[-75.61583,2.69401],[-75.60905,2.69004],[-75.60326,2.68862],[-75.59781,2.68353],[-75.59434,2.68211],[-75.59146,2.68199],[-75.58768,2.68373],[-75.59079,2.67032],[-75.59253,2.6674],[-75.59245,2.66626],[-75.5945,2.66358],[-75.59489,2.66125],[-75.58764,2.64523],[-75.5878,2.63313],[-75.58671,2.62768],[-75.59031,2.62648],[-75.59031,2.61746],[-75.58837,2.6102],[-75.59138,2.60507],[-75.59225,2.59562],[-75.5882,2.59032],[-75.58882,2.58539],[-75.5875,2.58343],[-75.59025,2.57527],[-75.58744,2.57185],[-75.58735,2.56998],[-75.58866,2.56649],[-75.58832,2.55934],[-75.588,2.55747],[-75.58475,2.55212],[-75.58433,2.54905],[-75.58859,2.5447],[-75.58974,2.54198],[-75.59422,2.53979],[-75.59747,2.53999],[-75.60021,2.53583],[-75.60229,2.53561],[-75.60346,2.53387],[-75.60605,2.5341],[-75.60655,2.5354],[-75.61063,2.53701],[-75.61336,2.53651],[-75.61385,2.53837],[-75.61559,2.53899],[-75.61588,2.5383],[-75.61812,2.53907],[-75.61949,2.53826],[-75.62214,2.53833],[-75.62272,2.5372],[-75.62449,2.53747],[-75.62653,2.53644],[-75.62847,2.53916],[-75.62977,2.53757],[-75.63357,2.53841],[-75.63599,2.5401],[-75.63902,2.53908],[-75.64194,2.54227],[-75.64023,2.54461],[-75.64039,2.55616],[-75.64146,2.55824],[-75.64153,2.56048],[-75.64284,2.56053],[-75.64403,2.55943],[-75.64526,2.56042],[-75.64452,2.56512],[-75.6454,2.56808],[-75.64714,2.57076],[-75.64917,2.57093],[-75.65062,2.57256],[-75.64903,2.57454],[-75.64997,2.57483],[-75.6506,2.58189],[-75.65263,2.58563],[-75.65228,2.58664],[-75.65317,2.58723],[-75.65324,2.5885],[-75.65182,2.59185],[-75.65032,2.59325],[-75.64984,2.60046],[-75.64883,2.60207],[-75.6503,2.60903],[-75.64868,2.61179],[-75.64871,2.61758],[-75.64949,2.6189],[-75.64783,2.62426],[-75.6477,2.62895],[-75.64609,2.63182],[-75.64549,2.63506],[-75.6482,2.63682],[-75.64968,2.63665],[-75.65118,2.63502],[-75.65479,2.64105],[-75.65517,2.64417],[-75.65644,2.64508],[-75.66619,2.64211],[-75.67126,2.63946],[-75.67468,2.63582],[-75.67966,2.63314],[-75.68654,2.63085],[-75.69322,2.62559],[-75.69996,2.62268],[-75.70256,2.6254],[-75.70393,2.62816],[-75.71084,2.62935],[-75.71158,2.6305],[-75.71334,2.6311],[-75.71957,2.63132],[-75.72124,2.63215],[-75.72208,2.63402],[-75.72146,2.63601],[-75.72346,2.63798],[-75.72144,2.64222],[-75.72182,2.6452],[-75.72078,2.64899],[-75.72154,2.64986],[-75.72027,2.6551],[-75.72195,2.65832],[-75.72306,2.66353],[-75.72713,2.66552],[-75.73448,2.66728],[-75.73758,2.66946],[-75.73864,2.66841],[-75.74042,2.66829],[-75.74487,2.6737],[-75.74569,2.67364],[-75.74557,2.67216],[-75.74735,2.6728],[-75.74861,2.67203],[-75.7493,2.67326],[-75.75115,2.67399],[-75.75212,2.67644],[-75.75362,2.677],[-75.75566,2.67611],[-75.75752,2.6771],[-75.76002,2.67696],[-75.76081,2.67898],[-75.76105,2.68026],[-75.75832,2.68045],[-75.75721,2.6823],[-75.75641,2.68883],[-75.7576,2.69195],[-75.75716,2.69568],[-75.75526,2.69848],[-75.75417,2.6987],[-75.75326,2.69721],[-75.75244,2.69743],[-75.75368,2.70099],[-75.75553,2.70202],[-75.75505,2.70553],[-75.75301,2.70804],[-75.75407,2.71283],[-75.75204,2.71375],[-75.75125,2.71721],[-75.74928,2.71835],[-75.7483,2.71803],[-75.74783,2.7192],[-75.75037,2.72707],[-75.75272,2.73035],[-75.7541,2.73622],[-75.75243,2.73813],[-75.7512,2.74249],[-75.75935,2.74964],[-75.76393,2.75239],[-75.76649,2.75221],[-75.76855,2.75398],[-75.77153,2.75481],[-75.77677,2.75414],[-75.77901,2.75846],[-75.77914,2.76072],[-75.78285,2.76306],[-75.78445,2.76295],[-75.78631,2.76008],[-75.78981,2.75844],[-75.7913,2.7617],[-75.79354,2.76154],[-75.79772,2.76511],[-75.80128,2.76547],[-75.80291,2.76858],[-75.80386,2.76873],[-75.80452,2.7672],[-75.80509,2.76745],[-75.80634,2.77152],[-75.80815,2.77315],[-75.8097,2.77725],[-75.8118,2.77904],[-75.81175,2.78227],[-75.81045,2.78674],[-75.7288,2.79524],[-75.67708,2.79808]]]}},{"type":"Feature","properties":{"nombre":"Rivera","codigo":"41615","departamento":"Huila","zona":"Norte","lat":2.77938,"lon":-75.24879},"geometry":{"type":"Polygon","coordinates":[[[-75.28997,2.86824],[-75.28693,2.86525],[-75.28132,2.86486],[-75.27964,2.86294],[-75.27607,2.8639],[-75.27415,2.86267],[-75.27034,2.86277],[-75.26732,2.86002],[-75.26452,2.86051],[-75.26197,2.85824],[-75.25477,2.85851],[-75.25131,2.85648],[-75.24599,2.85837],[-75.24353,2.85698],[-75.24154,2.85775],[-75.23882,2.8573],[-75.2364,2.8585],[-75.23503,2.86076],[-75.2325,2.86008],[-75.22711,2.86108],[-75.22245,2.86105],[-75.22149,2.86043],[-75.22028,2.86245],[-75.21851,2.86063],[-75.21628,2.861],[-75.21319,2.85542],[-75.21091,2.85455],[-75.20818,2.8501],[-75.20857,2.84485],[-75.2017,2.83526],[-75.20211,2.83333],[-75.20119,2.83187],[-75.19781,2.82911],[-75.19624,2.82922],[-75.19402,2.82782],[-75.19293,2.82505],[-75.19049,2.82578],[-75.18725,2.82312],[-75.18151,2.82209],[-75.18162,2.81805],[-75.18047,2.81594],[-75.17537,2.81348],[-75.16607,2.81211],[-75.16064,2.80838],[-75.15953,2.80552],[-75.16065,2.80045],[-75.16446,2.79759],[-75.17005,2.79604],[-75.17132,2.78714],[-75.17086,2.78606],[-75.16785,2.78621],[-75.16455,2.78352],[-75.16484,2.77987],[-75.15975,2.77681],[-75.15866,2.77505],[-75.1582,2.77181],[-75.16156,2.76982],[-75.16308,2.76733],[-75.16672,2.76642],[-75.16701,2.76533],[-75.16334,2.76215],[-75.16172,2.75955],[-75.15525,2.75651],[-75.15389,2.75714],[-75.15408,2.75938],[-75.15122,2.76025],[-75.14822,2.75845],[-75.1402,2.75693],[-75.1384,2.75308],[-75.13525,2.74963],[-75.13525,2.7483],[-75.1378,2.74391],[-75.13886,2.73635],[-75.14174,2.73296],[-75.14497,2.73062],[-75.14613,2.72674],[-75.14529,2.72341],[-75.14681,2.72237],[-75.14868,2.71917],[-75.15267,2.70885],[-75.15433,2.70828],[-75.15662,2.70495],[-75.15961,2.70387],[-75.1647,2.70604],[-75.17001,2.70473],[-75.17196,2.70331],[-75.17418,2.69965],[-75.17706,2.697],[-75.18197,2.69874],[-75.18412,2.69789],[-75.18708,2.69512],[-75.19068,2.69414],[-75.19416,2.69352],[-75.20106,2.6942],[-75.20356,2.69328],[-75.20594,2.69346],[-75.21118,2.69063],[-75.214,2.6909],[-75.21122,2.69845],[-75.2104,2.70298],[-75.21669,2.70909],[-75.22013,2.71099],[-75.22872,2.72046],[-75.23305,2.72171],[-75.2343,2.72299],[-75.23416,2.7243],[-75.23584,2.7253],[-75.23782,2.72503],[-75.243,2.73037],[-75.24496,2.73045],[-75.2466,2.73514],[-75.24794,2.73578],[-75.24876,2.73826],[-75.25196,2.7407],[-75.25248,2.74385],[-75.25604,2.74663],[-75.26229,2.74664],[-75.26328,2.74773],[-75.26585,2.7479],[-75.26671,2.74954],[-75.26846,2.74969],[-75.27559,2.75316],[-75.28256,2.75304],[-75.28635,2.75112],[-75.28984,2.75104],[-75.2943,2.74867],[-75.29572,2.74898],[-75.29948,2.74717],[-75.30064,2.74838],[-75.30427,2.74783],[-75.3089,2.7485],[-75.31057,2.74726],[-75.31239,2.74722],[-75.31271,2.7453],[-75.31419,2.74488],[-75.31444,2.74346],[-75.31615,2.74307],[-75.31718,2.74128],[-75.3196,2.74056],[-75.32215,2.74408],[-75.32184,2.74594],[-75.32491,2.74811],[-75.32321,2.75171],[-75.32511,2.75338],[-75.32474,2.75421],[-75.3262,2.75726],[-75.32842,2.75921],[-75.32775,2.76141],[-75.33083,2.76313],[-75.3317,2.76575],[-75.33347,2.76707],[-75.33234,2.77772],[-75.33442,2.78031],[-75.33549,2.78351],[-75.33474,2.78926],[-75.32872,2.79407],[-75.32553,2.80445],[-75.31973,2.81143],[-75.31282,2.8336],[-75.30647,2.83757],[-75.30105,2.83917],[-75.29844,2.84198],[-75.29792,2.84427],[-75.29917,2.85149],[-75.29838,2.85522],[-75.29112,2.86493],[-75.28997,2.86824]]]}},{"type":"Feature","properties":{"nombre":"Teruel","codigo":"41801","departamento":"Huila","zona":"Norte","lat":2.83174,"lon":-75.7513},"geometry":{"type":"Polygon","coordinates":[[[-75.98781,2.98213],[-75.98514,2.97847],[-75.98502,2.97576],[-75.98279,2.97231],[-75.98339,2.97075],[-75.98278,2.96869],[-75.9844,2.9656],[-75.98185,2.96355],[-75.98101,2.95879],[-75.98153,2.9561],[-75.97748,2.95229],[-75.97728,2.9502],[-75.97541,2.94772],[-75.9712,2.94513],[-75.96572,2.94467],[-75.96463,2.93839],[-75.96315,2.93605],[-75.95895,2.93678],[-75.95609,2.92725],[-75.95698,2.92342],[-75.9534,2.91775],[-75.94948,2.91674],[-75.94699,2.92015],[-75.94444,2.92181],[-75.94267,2.92202],[-75.93835,2.92057],[-75.93323,2.92239],[-75.92741,2.92142],[-75.92833,2.91503],[-75.92737,2.91374],[-75.92186,2.91265],[-75.91955,2.9138],[-75.91821,2.91356],[-75.91585,2.91185],[-75.90856,2.90947],[-75.9074,2.90052],[-75.90663,2.89972],[-75.9038,2.89977],[-75.90239,2.89814],[-75.90154,2.89486],[-75.89943,2.89477],[-75.89799,2.89377],[-75.89302,2.89814],[-75.88437,2.89757],[-75.88205,2.88947],[-75.88072,2.88739],[-75.87663,2.88724],[-75.87417,2.88374],[-75.87085,2.88093],[-75.86341,2.87783],[-75.86007,2.87301],[-75.85739,2.87151],[-75.85389,2.87215],[-75.84636,2.87108],[-75.84013,2.8719],[-75.83721,2.87371],[-75.8343,2.87349],[-75.83167,2.87448],[-75.82342,2.8799],[-75.82085,2.88324],[-75.81448,2.88523],[-75.8034,2.8854],[-75.80117,2.88623],[-75.79802,2.88906],[-75.79687,2.89329],[-75.79185,2.89646],[-75.79114,2.89854],[-75.78703,2.89909],[-75.78585,2.90251],[-75.78214,2.90717],[-75.78081,2.91174],[-75.77921,2.91174],[-75.77684,2.91364],[-75.773,2.91276],[-75.76755,2.91529],[-75.76608,2.91418],[-75.76161,2.91369],[-75.75546,2.90871],[-75.75436,2.90903],[-75.75115,2.91269],[-75.75052,2.9159],[-75.74657,2.91634],[-75.74341,2.91465],[-75.742,2.91069],[-75.7381,2.90723],[-75.73474,2.90168],[-75.73069,2.9006],[-75.72844,2.90104],[-75.72781,2.90031],[-75.72617,2.89655],[-75.72717,2.89402],[-75.72503,2.89165],[-75.72125,2.89037],[-75.71788,2.88679],[-75.71801,2.88524],[-75.71603,2.88311],[-75.71545,2.88071],[-75.71581,2.87722],[-75.71255,2.8701],[-75.7084,2.86743],[-75.69634,2.86277],[-75.69485,2.8615],[-75.69222,2.8539],[-75.69395,2.84807],[-75.69357,2.84167],[-75.68935,2.83867],[-75.68778,2.83374],[-75.68581,2.83228],[-75.67707,2.83035],[-75.67589,2.82768],[-75.67439,2.82696],[-75.66596,2.82429],[-75.66436,2.826],[-75.65594,2.82032],[-75.65337,2.82168],[-75.6497,2.82129],[-75.64127,2.82339],[-75.63858,2.82499],[-75.63289,2.83134],[-75.63019,2.84033],[-75.62505,2.84462],[-75.62445,2.84731],[-75.61859,2.85001],[-75.61469,2.85004],[-75.60787,2.84689],[-75.60205,2.84746],[-75.59676,2.84432],[-75.59364,2.84402],[-75.59,2.84505],[-75.58663,2.84404],[-75.58378,2.84118],[-75.58209,2.83738],[-75.57924,2.83439],[-75.57864,2.82919],[-75.57736,2.82598],[-75.5775,2.81818],[-75.57595,2.81371],[-75.56928,2.82006],[-75.56241,2.82154],[-75.56085,2.82352],[-75.55259,2.82792],[-75.54988,2.83021],[-75.54839,2.83],[-75.54706,2.83088],[-75.54514,2.82949],[-75.54396,2.82958],[-75.54375,2.82796],[-75.54194,2.82742],[-75.53688,2.82341],[-75.53646,2.82104],[-75.5356,2.82084],[-75.53375,2.81737],[-75.53223,2.81753],[-75.53175,2.81865],[-75.53048,2.81856],[-75.52995,2.82004],[-75.52717,2.82108],[-75.52611,2.82072],[-75.52363,2.82209],[-75.5222,2.82119],[-75.51943,2.82307],[-75.51782,2.8232],[-75.51751,2.82113],[-75.52022,2.82026],[-75.52138,2.81775],[-75.52059,2.81402],[-75.52109,2.80873],[-75.52101,2.80785],[-75.51693,2.80724],[-75.51661,2.80117],[-75.50996,2.79937],[-75.50429,2.80181],[-75.50247,2.80443],[-75.50073,2.80541],[-75.49464,2.80422],[-75.49371,2.79753],[-75.49412,2.79334],[-75.49145,2.79027],[-75.49079,2.78766],[-75.49497,2.7718],[-75.49827,2.76722],[-75.49827,2.76328],[-75.50074,2.76085],[-75.50092,2.75967],[-75.50291,2.75917],[-75.50955,2.75485],[-75.51102,2.75304],[-75.51064,2.75171],[-75.51647,2.74921],[-75.51997,2.74651],[-75.5225,2.74598],[-75.52899,2.73891],[-75.52996,2.73646],[-75.53491,2.73301],[-75.54396,2.71834],[-75.54927,2.70488],[-75.54885,2.70223],[-75.55134,2.69962],[-75.55321,2.69479],[-75.55759,2.69495],[-75.55713,2.69266],[-75.56074,2.68655],[-75.55805,2.68464],[-75.55954,2.68236],[-75.56383,2.68268],[-75.56414,2.68152],[-75.56666,2.68203],[-75.56892,2.68098],[-75.57344,2.68335],[-75.57557,2.68317],[-75.57707,2.68407],[-75.58023,2.68233],[-75.58267,2.68254],[-75.58485,2.68406],[-75.58768,2.68373],[-75.59146,2.68199],[-75.59434,2.68211],[-75.59781,2.68353],[-75.60326,2.68862],[-75.60905,2.69004],[-75.61583,2.69401],[-75.61593,2.70186],[-75.61711,2.70932],[-75.6184,2.71183],[-75.61787,2.71716],[-75.61555,2.71922],[-75.61538,2.72236],[-75.61732,2.7255],[-75.61684,2.72803],[-75.61842,2.73114],[-75.62137,2.7434],[-75.62472,2.74842],[-75.63112,2.75257],[-75.62973,2.75236],[-75.6278,2.75456],[-75.62892,2.7553],[-75.62906,2.7583],[-75.63056,2.75863],[-75.62981,2.75993],[-75.63089,2.76134],[-75.62907,2.7675],[-75.62998,2.76967],[-75.63158,2.77099],[-75.63173,2.77315],[-75.63424,2.77544],[-75.63404,2.77861],[-75.6353,2.78018],[-75.63453,2.78182],[-75.63702,2.78214],[-75.63821,2.78527],[-75.63988,2.78592],[-75.63922,2.78867],[-75.63977,2.79001],[-75.64164,2.78974],[-75.64306,2.79054],[-75.64469,2.78965],[-75.64651,2.79021],[-75.65092,2.79597],[-75.65549,2.79454],[-75.65735,2.79621],[-75.65726,2.79723],[-75.65848,2.79643],[-75.66589,2.79773],[-75.66857,2.79664],[-75.67148,2.7981],[-75.67327,2.7981],[-75.6749,2.79698],[-75.67775,2.79827],[-75.7288,2.79524],[-75.81045,2.78674],[-75.80863,2.78916],[-75.8086,2.79285],[-75.80736,2.79728],[-75.80794,2.8016],[-75.80583,2.80712],[-75.80481,2.80799],[-75.80711,2.80931],[-75.80729,2.81094],[-75.80623,2.81309],[-75.80555,2.81913],[-75.80668,2.82105],[-75.80935,2.82052],[-75.81154,2.82197],[-75.81396,2.82177],[-75.81729,2.82543],[-75.81738,2.8264],[-75.81612,2.82706],[-75.81641,2.82953],[-75.82027,2.831],[-75.82206,2.83533],[-75.82415,2.83628],[-75.82543,2.83824],[-75.82727,2.83838],[-75.82775,2.83716],[-75.83076,2.8391],[-75.83214,2.83861],[-75.83718,2.84103],[-75.84128,2.84023],[-75.8456,2.84298],[-75.85451,2.84189],[-75.8634,2.83642],[-75.86563,2.83526],[-75.86774,2.83558],[-75.86908,2.83419],[-75.8741,2.83295],[-75.87918,2.83377],[-75.88097,2.83548],[-75.88104,2.83759],[-75.88243,2.83977],[-75.88539,2.84099],[-75.89104,2.84964],[-75.89136,2.85128],[-75.89372,2.85204],[-75.89524,2.85539],[-76.02899,2.94049],[-75.99128,2.98245],[-75.98781,2.98213]]]}},{"type":"Feature","properties":{"nombre":"Santa María","codigo":"41676","departamento":"Huila","zona":"Norte","lat":2.9224,"lon":-75.64433},"geometry":{"type":"Polygon","coordinates":[[[-75.6075,3.02438],[-75.60573,3.02392],[-75.6004,3.01876],[-75.59785,3.0173],[-75.59398,3.01144],[-75.58979,3.00834],[-75.5852,3.00277],[-75.58272,2.99655],[-75.58256,2.99372],[-75.5811,2.99115],[-75.57918,2.98995],[-75.57889,2.98404],[-75.57736,2.97898],[-75.57258,2.97744],[-75.56925,2.97903],[-75.56756,2.98116],[-75.56518,2.98093],[-75.56337,2.98198],[-75.5597,2.98225],[-75.55757,2.98215],[-75.55679,2.98004],[-75.55474,2.9789],[-75.5499,2.98166],[-75.54516,2.98198],[-75.54338,2.97852],[-75.54085,2.97715],[-75.53758,2.97634],[-75.53347,2.97848],[-75.52901,2.9749],[-75.51529,2.97108],[-75.514,2.96933],[-75.5049,2.97199],[-75.50299,2.97082],[-75.50188,2.96853],[-75.4979,2.96841],[-75.4975,2.96346],[-75.49448,2.95768],[-75.49686,2.95361],[-75.5004,2.95162],[-75.50236,2.95143],[-75.50871,2.94509],[-75.50908,2.94308],[-75.51095,2.94241],[-75.51028,2.94081],[-75.5116,2.93763],[-75.51475,2.93621],[-75.51766,2.93047],[-75.51932,2.92918],[-75.5204,2.92463],[-75.52244,2.92271],[-75.52248,2.92006],[-75.52478,2.91649],[-75.524,2.91534],[-75.52486,2.91508],[-75.52495,2.91363],[-75.52605,2.91281],[-75.52577,2.91088],[-75.52819,2.90677],[-75.52999,2.90634],[-75.53021,2.90494],[-75.53347,2.90052],[-75.53274,2.89928],[-75.53349,2.89813],[-75.53338,2.89512],[-75.53496,2.89363],[-75.53648,2.89015],[-75.54062,2.88742],[-75.54191,2.88527],[-75.54316,2.8851],[-75.54299,2.88371],[-75.54464,2.88206],[-75.54702,2.88041],[-75.55032,2.87945],[-75.55489,2.88144],[-75.55792,2.88058],[-75.56422,2.88271],[-75.56908,2.88698],[-75.57075,2.88657],[-75.5723,2.88798],[-75.58031,2.88896],[-75.58527,2.89236],[-75.59036,2.88988],[-75.59971,2.8899],[-75.60326,2.88745],[-75.61299,2.88297],[-75.61432,2.88129],[-75.61979,2.87982],[-75.62221,2.87725],[-75.6219,2.87223],[-75.62417,2.86863],[-75.62314,2.86438],[-75.62245,2.85404],[-75.62163,2.85234],[-75.61859,2.85001],[-75.62445,2.84731],[-75.62505,2.84462],[-75.63019,2.84033],[-75.63218,2.83253],[-75.63928,2.82437],[-75.64617,2.82187],[-75.65337,2.82168],[-75.65594,2.82032],[-75.66436,2.826],[-75.66596,2.82429],[-75.67439,2.82696],[-75.67589,2.82768],[-75.67707,2.83035],[-75.68581,2.83228],[-75.68778,2.83374],[-75.68935,2.83867],[-75.69357,2.84167],[-75.69395,2.84807],[-75.69222,2.8539],[-75.69485,2.8615],[-75.69634,2.86277],[-75.7084,2.86743],[-75.71255,2.8701],[-75.71581,2.87722],[-75.71545,2.88071],[-75.71603,2.88311],[-75.71801,2.88524],[-75.71788,2.88679],[-75.72125,2.89037],[-75.72503,2.89165],[-75.72717,2.89402],[-75.72617,2.89655],[-75.72844,2.90104],[-75.72989,2.90056],[-75.73402,2.90119],[-75.73575,2.90277],[-75.7381,2.90723],[-75.742,2.91069],[-75.74341,2.91465],[-75.74657,2.91634],[-75.75052,2.9159],[-75.75115,2.91269],[-75.75436,2.90903],[-75.75546,2.90871],[-75.76161,2.91369],[-75.7671,2.91456],[-75.76755,2.91529],[-75.76512,2.91455],[-75.76279,2.91527],[-75.76303,2.91703],[-75.76711,2.92374],[-75.7655,2.92893],[-75.76613,2.93072],[-75.76554,2.93348],[-75.7615,2.94232],[-75.75742,2.94457],[-75.75486,2.94489],[-75.75266,2.94686],[-75.7495,2.94683],[-75.74403,2.95317],[-75.74031,2.95329],[-75.73773,2.9544],[-75.73591,2.95441],[-75.73352,2.95317],[-75.7286,2.95362],[-75.72521,2.95633],[-75.72084,2.96163],[-75.71067,2.96422],[-75.70271,2.96997],[-75.69863,2.9759],[-75.69509,2.98677],[-75.69333,2.98909],[-75.69321,2.99339],[-75.68445,2.9893],[-75.67226,2.98859],[-75.6608,2.98664],[-75.65329,2.99133],[-75.64729,2.99626],[-75.63872,2.99525],[-75.63551,2.99412],[-75.63135,2.99713],[-75.6268,3.00235],[-75.62625,3.0037],[-75.62735,3.0067],[-75.62711,3.00882],[-75.62098,3.01161],[-75.61914,3.01441],[-75.61681,3.02089],[-75.61393,3.02348],[-75.6075,3.02438]]]}},{"type":"Feature","properties":{"nombre":"Palermo","codigo":"41524","departamento":"Huila","zona":"Norte","lat":2.91361,"lon":-75.41094},"geometry":{"type":"Polygon","coordinates":[[[-75.55832,3.10453],[-75.55825,3.10269],[-75.55164,3.09668],[-75.54948,3.09247],[-75.55181,3.09048],[-75.54382,3.08317],[-75.5393,3.08075],[-75.53975,3.0755],[-75.53803,3.07207],[-75.53527,3.071],[-75.533,3.07106],[-75.53159,3.06968],[-75.52351,3.06874],[-75.52318,3.06599],[-75.52399,3.065],[-75.52347,3.06243],[-75.52468,3.06174],[-75.52912,3.05547],[-75.52633,3.05058],[-75.53143,3.0377],[-75.52751,3.03774],[-75.52436,3.03684],[-75.52096,3.03872],[-75.51776,3.03778],[-75.51315,3.03848],[-75.51196,3.03764],[-75.50868,3.03738],[-75.5071,3.03597],[-75.50286,3.0343],[-75.4992,3.03647],[-75.4926,3.03624],[-75.48955,3.03493],[-75.48872,3.032],[-75.49121,3.02658],[-75.48885,3.02585],[-75.47652,3.02818],[-75.47214,3.0255],[-75.47078,3.02349],[-75.46646,3.02332],[-75.46324,3.02115],[-75.4607,3.02539],[-75.45866,3.02658],[-75.45805,3.0287],[-75.45358,3.03004],[-75.45421,3.03194],[-75.4526,3.03269],[-75.45206,3.03513],[-75.45283,3.03633],[-75.4507,3.0396],[-75.44626,3.04078],[-75.44612,3.0421],[-75.44198,3.04496],[-75.43907,3.04826],[-75.43906,3.04964],[-75.43728,3.05205],[-75.4381,3.05551],[-75.43713,3.0566],[-75.43744,3.05845],[-75.43629,3.06161],[-75.43672,3.06343],[-75.43564,3.06528],[-75.43643,3.07029],[-75.43479,3.07283],[-75.4348,3.07634],[-75.43027,3.09086],[-75.42976,3.09514],[-75.42839,3.09689],[-75.42501,3.09676],[-75.42393,3.09536],[-75.42424,3.09014],[-75.42322,3.08851],[-75.42106,3.0879],[-75.41989,3.08836],[-75.41856,3.08662],[-75.41378,3.08573],[-75.40945,3.08177],[-75.40967,3.08061],[-75.40714,3.08],[-75.40461,3.07766],[-75.40283,3.07742],[-75.39836,3.07278],[-75.39814,3.06766],[-75.39914,3.06557],[-75.39875,3.064],[-75.39975,3.06356],[-75.39836,3.0632],[-75.40088,3.06086],[-75.39836,3.05787],[-75.39917,3.05599],[-75.40246,3.05367],[-75.4032,3.05205],[-75.39627,3.05206],[-75.39547,3.05286],[-75.39283,3.05292],[-75.38808,3.0506],[-75.38658,3.05119],[-75.38495,3.04858],[-75.38152,3.04702],[-75.37995,3.04461],[-75.37698,3.04402],[-75.37655,3.04281],[-75.37286,3.04501],[-75.37043,3.0445],[-75.3693,3.04216],[-75.36714,3.04343],[-75.3648,3.04228],[-75.36044,3.0419],[-75.3599,3.04008],[-75.35791,3.04092],[-75.35629,3.04392],[-75.35659,3.0473],[-75.35515,3.04742],[-75.35426,3.04702],[-75.35387,3.04494],[-75.35187,3.04504],[-75.35151,3.04332],[-75.3471,3.0425],[-75.34531,3.04081],[-75.34347,3.04079],[-75.34222,3.04183],[-75.33893,3.04157],[-75.33763,3.04012],[-75.33775,3.0389],[-75.3355,3.03424],[-75.33569,3.03286],[-75.33261,3.03064],[-75.33593,3.01826],[-75.33579,3.01659],[-75.33407,3.01232],[-75.32919,3.0071],[-75.32241,2.99002],[-75.32168,2.98641],[-75.32216,2.9859],[-75.31949,2.98086],[-75.31606,2.96995],[-75.31338,2.96791],[-75.313,2.96885],[-75.3065,2.96722],[-75.30632,2.9692],[-75.304,2.97143],[-75.30283,2.97221],[-75.30087,2.9716],[-75.30048,2.96197],[-75.30176,2.95925],[-75.30465,2.95731],[-75.30665,2.95427],[-75.30888,2.94648],[-75.30929,2.93962],[-75.30878,2.9381],[-75.30422,2.93489],[-75.30559,2.93073],[-75.30379,2.92822],[-75.30406,2.92451],[-75.30087,2.92403],[-75.29537,2.92049],[-75.29552,2.91694],[-75.29654,2.91558],[-75.29709,2.91195],[-75.29627,2.91031],[-75.29381,2.90961],[-75.29235,2.90806],[-75.29259,2.90542],[-75.29476,2.90438],[-75.29768,2.90132],[-75.29694,2.90011],[-75.29439,2.9],[-75.2929,2.89859],[-75.29368,2.89604],[-75.29372,2.89098],[-75.28999,2.88595],[-75.28954,2.87729],[-75.29023,2.86839],[-75.29112,2.86493],[-75.29838,2.85522],[-75.29917,2.85149],[-75.2979,2.84322],[-75.30105,2.83917],[-75.30647,2.83757],[-75.31282,2.8336],[-75.31973,2.81143],[-75.32553,2.80445],[-75.32872,2.79407],[-75.33474,2.78926],[-75.33549,2.78351],[-75.33442,2.78031],[-75.33577,2.77834],[-75.3445,2.77362],[-75.34709,2.77024],[-75.35221,2.76685],[-75.36204,2.76814],[-75.36424,2.76671],[-75.36784,2.75544],[-75.37534,2.75236],[-75.37805,2.74884],[-75.37852,2.74604],[-75.37761,2.74077],[-75.37858,2.73845],[-75.38105,2.73614],[-75.38676,2.72765],[-75.39287,2.72261],[-75.39546,2.72489],[-75.40154,2.73701],[-75.40312,2.74249],[-75.40464,2.74356],[-75.40599,2.74347],[-75.407,2.74241],[-75.41136,2.73517],[-75.41349,2.73447],[-75.41798,2.73515],[-75.41943,2.73469],[-75.42239,2.73643],[-75.42325,2.73567],[-75.42319,2.73381],[-75.42464,2.73312],[-75.42733,2.73334],[-75.42826,2.73225],[-75.42867,2.73495],[-75.4306,2.73548],[-75.4321,2.73893],[-75.43146,2.74291],[-75.43405,2.74325],[-75.43576,2.74556],[-75.43607,2.74879],[-75.43406,2.74894],[-75.43309,2.74796],[-75.43255,2.74851],[-75.4344,2.75298],[-75.43202,2.75633],[-75.43364,2.75882],[-75.43316,2.76143],[-75.43516,2.7617],[-75.43425,2.76352],[-75.43788,2.77078],[-75.4381,2.77316],[-75.43645,2.77394],[-75.43707,2.77533],[-75.44614,2.77515],[-75.44935,2.77636],[-75.45321,2.7759],[-75.4552,2.77278],[-75.45729,2.77179],[-75.46083,2.76572],[-75.46377,2.76483],[-75.46705,2.76601],[-75.47376,2.76417],[-75.47631,2.76497],[-75.48672,2.76328],[-75.49493,2.76693],[-75.49827,2.76722],[-75.49497,2.7718],[-75.49079,2.78766],[-75.49145,2.79027],[-75.49412,2.79334],[-75.49371,2.79753],[-75.49464,2.80422],[-75.50073,2.80541],[-75.50247,2.80443],[-75.50429,2.80181],[-75.50996,2.79937],[-75.51661,2.80117],[-75.51693,2.80724],[-75.52101,2.80785],[-75.52109,2.80873],[-75.52059,2.81402],[-75.52138,2.81775],[-75.52022,2.82026],[-75.51751,2.82113],[-75.51782,2.8232],[-75.51943,2.82307],[-75.5222,2.82119],[-75.52363,2.82209],[-75.52611,2.82072],[-75.52717,2.82108],[-75.52995,2.82004],[-75.53048,2.81856],[-75.53175,2.81865],[-75.53223,2.81753],[-75.53375,2.81737],[-75.5356,2.82084],[-75.53646,2.82104],[-75.53688,2.82341],[-75.54194,2.82742],[-75.54375,2.82796],[-75.54396,2.82958],[-75.54514,2.82949],[-75.54706,2.83088],[-75.54839,2.83],[-75.54988,2.83021],[-75.55259,2.82792],[-75.56085,2.82352],[-75.56241,2.82154],[-75.56928,2.82006],[-75.57595,2.81371],[-75.5775,2.81818],[-75.57736,2.82598],[-75.57864,2.82919],[-75.57924,2.83439],[-75.58209,2.83738],[-75.58378,2.84118],[-75.58663,2.84404],[-75.59,2.84505],[-75.59364,2.84402],[-75.59676,2.84432],[-75.60205,2.84746],[-75.60787,2.84689],[-75.61213,2.84931],[-75.61859,2.85001],[-75.62224,2.85334],[-75.62417,2.86878],[-75.6219,2.87223],[-75.62227,2.87645],[-75.6217,2.87822],[-75.61897,2.88021],[-75.61432,2.88129],[-75.61299,2.88297],[-75.60326,2.88745],[-75.59971,2.8899],[-75.59036,2.88988],[-75.58527,2.89236],[-75.58031,2.88896],[-75.5723,2.88798],[-75.57075,2.88657],[-75.56908,2.88698],[-75.56422,2.88271],[-75.55792,2.88058],[-75.55489,2.88144],[-75.55032,2.87945],[-75.54702,2.88041],[-75.54464,2.88206],[-75.54299,2.88371],[-75.54316,2.8851],[-75.54191,2.88527],[-75.54062,2.88742],[-75.53648,2.89015],[-75.53496,2.89363],[-75.53338,2.89512],[-75.53349,2.89813],[-75.53274,2.89928],[-75.53347,2.90052],[-75.53021,2.90494],[-75.52999,2.90634],[-75.52819,2.90677],[-75.52577,2.91088],[-75.52605,2.91281],[-75.52495,2.91363],[-75.52486,2.91508],[-75.524,2.91534],[-75.52478,2.91649],[-75.52248,2.92006],[-75.52244,2.92271],[-75.5204,2.92463],[-75.51932,2.92918],[-75.51766,2.93047],[-75.51475,2.93621],[-75.5116,2.93763],[-75.51028,2.94081],[-75.51095,2.94241],[-75.50908,2.94308],[-75.50871,2.94509],[-75.50236,2.95143],[-75.5004,2.95162],[-75.49686,2.95361],[-75.49448,2.95768],[-75.4975,2.96346],[-75.4979,2.96841],[-75.50188,2.96853],[-75.50299,2.97082],[-75.5049,2.97199],[-75.514,2.96933],[-75.51529,2.97108],[-75.52901,2.9749],[-75.53347,2.97848],[-75.53758,2.97634],[-75.54085,2.97715],[-75.54338,2.97852],[-75.54516,2.98198],[-75.5499,2.98166],[-75.55474,2.9789],[-75.55679,2.98004],[-75.55757,2.98215],[-75.56031,2.98225],[-75.56337,2.98198],[-75.56518,2.98093],[-75.56756,2.98116],[-75.56925,2.97903],[-75.57258,2.97744],[-75.57704,2.97879],[-75.57889,2.98404],[-75.57918,2.98995],[-75.58178,2.99212],[-75.5852,3.00277],[-75.58714,3.00521],[-75.58979,3.00834],[-75.59398,3.01144],[-75.59785,3.0173],[-75.6004,3.01876],[-75.60573,3.02392],[-75.61027,3.02445],[-75.61382,3.02351],[-75.61215,3.02715],[-75.61065,3.02847],[-75.60908,3.03296],[-75.60449,3.03756],[-75.60152,3.03915],[-75.60104,3.04478],[-75.59994,3.048],[-75.59987,3.05422],[-75.59726,3.06102],[-75.59364,3.07723],[-75.58927,3.0822],[-75.58577,3.08799],[-75.58047,3.09267],[-75.57787,3.09387],[-75.57603,3.0964],[-75.56373,3.10301],[-75.55832,3.10453]]]}},{"type":"Feature","properties":{"nombre":"Tello","codigo":"41799","departamento":"Huila","zona":"Norte","lat":3.03941,"lon":-75.09089},"geometry":{"type":"Polygon","coordinates":[[[-75.16271,3.13479],[-75.16321,3.13258],[-75.16181,3.1334],[-75.16022,3.13294],[-75.16051,3.12998],[-75.15928,3.1299],[-75.16105,3.12554],[-75.16097,3.12382],[-75.1568,3.12194],[-75.15645,3.12048],[-75.15387,3.12181],[-75.15432,3.11871],[-75.153,3.11746],[-75.15031,3.11688],[-75.14859,3.11763],[-75.14824,3.11569],[-75.15019,3.11358],[-75.14698,3.11252],[-75.14712,3.11139],[-75.1453,3.11107],[-75.14505,3.1119],[-75.14321,3.11179],[-75.14348,3.10988],[-75.14158,3.10805],[-75.14049,3.10778],[-75.13964,3.10889],[-75.13854,3.10843],[-75.13941,3.10736],[-75.13812,3.10682],[-75.13717,3.10736],[-75.13644,3.10652],[-75.13654,3.10335],[-75.13555,3.10378],[-75.13495,3.10277],[-75.13229,3.10296],[-75.13118,3.10144],[-75.12941,3.10139],[-75.12663,3.09971],[-75.12682,3.09559],[-75.12399,3.09589],[-75.1232,3.09513],[-75.12355,3.09422],[-75.12247,3.09368],[-75.12197,3.09451],[-75.1202,3.09414],[-75.12029,3.09333],[-75.1186,3.09279],[-75.11774,3.09129],[-75.11443,3.09179],[-75.11542,3.09007],[-75.11368,3.08747],[-75.11408,3.08541],[-75.11302,3.08478],[-75.1118,3.08107],[-75.11049,3.07977],[-75.11157,3.07802],[-75.11113,3.07566],[-75.10971,3.07596],[-75.10259,3.06977],[-75.10012,3.06848],[-75.09674,3.07444],[-75.09522,3.08009],[-75.08837,3.07433],[-75.08403,3.07245],[-75.08431,3.07117],[-75.08366,3.07085],[-75.08298,3.0709],[-75.07962,3.07753],[-75.07774,3.07796],[-75.07502,3.07582],[-75.07436,3.07609],[-75.07298,3.07976],[-75.07314,3.08368],[-75.06825,3.09146],[-75.06824,3.09264],[-75.06201,3.09812],[-75.06139,3.09646],[-75.0592,3.09648],[-75.05536,3.09339],[-75.0534,3.09311],[-75.05195,3.09042],[-75.04957,3.09049],[-75.0455,3.08827],[-75.0446,3.08623],[-75.04185,3.08488],[-75.0405,3.08231],[-75.03964,3.08259],[-75.0364,3.08093],[-75.0349,3.07743],[-75.03483,3.07475],[-75.03368,3.07382],[-75.02994,3.07275],[-75.02708,3.07311],[-75.02105,3.07757],[-75.01891,3.07675],[-75.01643,3.07375],[-75.0101,3.07451],[-75.00693,3.07347],[-75.00243,3.07027],[-74.99593,3.07062],[-74.98884,3.06955],[-74.98676,3.06855],[-74.98444,3.06542],[-74.98259,3.0662],[-74.97955,3.06079],[-74.9797,3.05847],[-74.97791,3.0555],[-74.97721,3.05738],[-74.97038,3.05366],[-74.96853,3.05562],[-74.96708,3.05575],[-74.96592,3.05124],[-74.95839,3.05264],[-74.95652,3.05183],[-74.9567,3.04799],[-74.95295,3.04813],[-74.94901,3.0452],[-74.94258,3.04642],[-74.94029,3.04308],[-74.93602,3.04092],[-74.9341,3.03904],[-74.93304,3.03555],[-74.93572,3.03441],[-74.93651,3.0322],[-74.93434,3.02462],[-74.93485,3.022],[-74.93698,3.01951],[-74.93731,3.0174],[-74.93991,3.01588],[-74.93962,3.01216],[-74.93812,3.01033],[-74.93648,3.0052],[-74.93936,2.99938],[-74.93982,2.9907],[-74.93798,2.98918],[-74.93913,2.98748],[-74.93952,2.98431],[-74.93899,2.98372],[-74.94097,2.97828],[-74.93822,2.97553],[-74.93304,2.97588],[-74.92647,2.97414],[-74.92509,2.97287],[-74.92544,2.97115],[-74.92429,2.96965],[-74.92038,2.96689],[-74.91865,2.96701],[-74.91704,2.96586],[-74.91393,2.95969],[-74.91182,2.95734],[-74.90444,2.95823],[-74.9049,2.95686],[-74.9034,2.95495],[-74.90246,2.95169],[-74.90428,2.94836],[-74.90453,2.9451],[-74.90889,2.93875],[-74.90881,2.93581],[-74.91103,2.9316],[-74.9157,2.92827],[-74.9169,2.92502],[-74.92006,2.92199],[-74.92562,2.91816],[-74.92714,2.91609],[-74.92714,2.91361],[-74.93708,2.90754],[-74.94464,2.89678],[-74.95058,2.89551],[-74.95702,2.89886],[-74.96038,2.89958],[-74.96493,2.89708],[-74.96911,2.89719],[-74.97095,2.89851],[-74.97442,2.90727],[-74.97564,2.90848],[-74.97516,2.90996],[-74.97198,2.91192],[-74.96939,2.91754],[-74.96933,2.91926],[-74.97056,2.921],[-74.97194,2.92067],[-74.97249,2.92161],[-74.97065,2.92588],[-74.97072,2.9284],[-74.96991,2.93012],[-74.97098,2.93241],[-74.97051,2.93415],[-74.97408,2.9336],[-74.97665,2.9308],[-74.97972,2.9314],[-74.98121,2.92939],[-74.98362,2.93109],[-74.98733,2.93155],[-74.99216,2.93425],[-74.99726,2.93223],[-74.99843,2.93405],[-75.00244,2.93594],[-75.00646,2.93554],[-75.00806,2.93412],[-75.00975,2.93383],[-75.01306,2.9365],[-75.01649,2.93546],[-75.01939,2.93697],[-75.02274,2.93721],[-75.0252,2.94052],[-75.02702,2.94019],[-75.02927,2.94216],[-75.03283,2.94165],[-75.03455,2.94024],[-75.03557,2.94206],[-75.0377,2.942],[-75.03922,2.94575],[-75.04378,2.95098],[-75.04743,2.9488],[-75.04981,2.94875],[-75.0501,2.94477],[-75.05171,2.94417],[-75.06029,2.94652],[-75.06063,2.94888],[-75.06207,2.94926],[-75.06182,2.95061],[-75.0649,2.9513],[-75.06577,2.95268],[-75.06703,2.95178],[-75.06905,2.95172],[-75.07005,2.95034],[-75.07211,2.94998],[-75.07358,2.94841],[-75.07439,2.94911],[-75.0821,2.94185],[-75.08453,2.94224],[-75.08665,2.94087],[-75.08778,2.9421],[-75.08899,2.94074],[-75.0901,2.94134],[-75.09175,2.94055],[-75.09485,2.94091],[-75.09555,2.94207],[-75.09662,2.94075],[-75.09878,2.94134],[-75.10062,2.94252],[-75.1006,2.94567],[-75.10223,2.9465],[-75.10275,2.95013],[-75.10518,2.95578],[-75.10776,2.95797],[-75.10792,2.95947],[-75.11151,2.96166],[-75.1103,2.962],[-75.10906,2.96373],[-75.10965,2.96511],[-75.10918,2.96744],[-75.11121,2.97183],[-75.1118,2.97691],[-75.11132,2.97835],[-75.11346,2.98151],[-75.11337,2.98395],[-75.11422,2.98533],[-75.11307,2.9861],[-75.11322,2.98837],[-75.11196,2.99082],[-75.11453,2.99232],[-75.11409,2.99364],[-75.11548,2.99806],[-75.11867,2.99747],[-75.12034,3.00011],[-75.12386,2.99894],[-75.12712,3.00028],[-75.1279,3.00184],[-75.12943,3.0008],[-75.13142,3.00227],[-75.1336,2.99995],[-75.13412,3.00215],[-75.13569,3.00205],[-75.13742,3.0],[-75.13758,3.00113],[-75.13983,3.00272],[-75.1408,3.00003],[-75.15079,3.00165],[-75.15157,3.00052],[-75.15322,3.00074],[-75.15537,2.99966],[-75.15682,3.00158],[-75.15961,2.99956],[-75.16203,2.99924],[-75.1629,2.99812],[-75.16276,2.99643],[-75.16438,2.99509],[-75.16754,2.99521],[-75.17055,2.99678],[-75.1771,2.99296],[-75.18208,2.99512],[-75.18739,3.00155],[-75.18987,3.00145],[-75.19279,3.00277],[-75.19373,3.00623],[-75.19515,3.00807],[-75.20489,3.01209],[-75.20697,3.01566],[-75.20825,3.02338],[-75.20991,3.0232],[-75.21163,3.02545],[-75.2151,3.02684],[-75.21613,3.02867],[-75.21889,3.02935],[-75.22007,3.03169],[-75.22259,3.03048],[-75.22443,3.03238],[-75.22482,3.03496],[-75.22709,3.035],[-75.22827,3.03748],[-75.23132,3.03675],[-75.2399,3.03777],[-75.24193,3.03692],[-75.24316,3.03433],[-75.24854,3.04113],[-75.25049,3.04003],[-75.24991,3.04222],[-75.23781,3.05202],[-75.23684,3.06009],[-75.23288,3.06399],[-75.23232,3.06575],[-75.23476,3.06588],[-75.23538,3.07226],[-75.23782,3.07466],[-75.24447,3.0763],[-75.2472,3.07578],[-75.25042,3.07723],[-75.25345,3.0827],[-75.25946,3.08826],[-75.26172,3.09156],[-75.26247,3.10134],[-75.25992,3.10326],[-75.26021,3.10895],[-75.25937,3.11344],[-75.26161,3.11954],[-75.25923,3.12038],[-75.25622,3.12494],[-75.25784,3.1269],[-75.26399,3.12805],[-75.26663,3.12941],[-75.2667,3.13217],[-75.2649,3.13783],[-75.26604,3.1396],[-75.26369,3.13951],[-75.26218,3.13796],[-75.26068,3.13765],[-75.26017,3.13637],[-75.2569,3.13683],[-75.25448,3.1327],[-75.25216,3.13357],[-75.25017,3.13315],[-75.24699,3.1353],[-75.24215,3.13334],[-75.23961,3.13587],[-75.23831,3.13334],[-75.23495,3.13173],[-75.23241,3.13344],[-75.2285,3.13317],[-75.23043,3.1357],[-75.2316,3.13589],[-75.23049,3.13661],[-75.23212,3.14823],[-75.23037,3.15398],[-75.23057,3.15569],[-75.23256,3.1574],[-75.23155,3.16365],[-75.22971,3.16841],[-75.22674,3.17005],[-75.22129,3.17799],[-75.22019,3.18323],[-75.21876,3.18205],[-75.21928,3.17482],[-75.21849,3.17291],[-75.21661,3.17115],[-75.21307,3.17074],[-75.21214,3.16898],[-75.21476,3.16728],[-75.21437,3.1656],[-75.21259,3.16568],[-75.21023,3.16786],[-75.20765,3.16871],[-75.20334,3.16758],[-75.20057,3.16481],[-75.19621,3.16599],[-75.19291,3.16403],[-75.19098,3.16121],[-75.189,3.16277],[-75.18816,3.1626],[-75.18542,3.15616],[-75.18358,3.15773],[-75.18381,3.1605],[-75.18295,3.16228],[-75.18196,3.16009],[-75.18247,3.15521],[-75.17941,3.15076],[-75.17918,3.1461],[-75.17769,3.14394],[-75.17486,3.14192],[-75.17567,3.14049],[-75.17385,3.14073],[-75.17119,3.14269],[-75.17058,3.14407],[-75.16865,3.14382],[-75.16671,3.14194],[-75.17036,3.14029],[-75.16976,3.1364],[-75.16901,3.13599],[-75.1671,3.13712],[-75.16587,3.13526],[-75.16271,3.13479]]]}},{"type":"Feature","properties":{"nombre":"Neiva","codigo":"41001","departamento":"Huila","zona":"Norte","lat":3.0036,"lon":-75.26046},"geometry":{"type":"Polygon","coordinates":[[[-75.35561,3.28399],[-75.35274,3.28203],[-75.34734,3.28116],[-75.34507,3.27944],[-75.34127,3.27846],[-75.33722,3.27402],[-75.33742,3.27173],[-75.3426,3.26314],[-75.35371,3.25382],[-75.35672,3.25068],[-75.35939,3.24625],[-75.36163,3.24482],[-75.36321,3.24031],[-75.36768,3.23371],[-75.36935,3.23332],[-75.37136,3.23485],[-75.37554,3.2275],[-75.37899,3.22332],[-75.3798,3.21967],[-75.38375,3.21567],[-75.38646,3.20772],[-75.39008,3.2029],[-75.39042,3.19943],[-75.39359,3.19341],[-75.39866,3.17575],[-75.40549,3.16056],[-75.40667,3.15395],[-75.40975,3.14928],[-75.40909,3.14337],[-75.41091,3.14193],[-75.41086,3.14063],[-75.4122,3.13992],[-75.41302,3.13705],[-75.40921,3.13591],[-75.40763,3.13434],[-75.40599,3.13454],[-75.40345,3.13208],[-75.40405,3.12642],[-75.40949,3.11573],[-75.40804,3.11212],[-75.4057,3.11182],[-75.40471,3.11544],[-75.40357,3.11499],[-75.4019,3.11595],[-75.39777,3.11609],[-75.39705,3.11987],[-75.39258,3.11779],[-75.39024,3.11765],[-75.38829,3.11397],[-75.38143,3.11408],[-75.37963,3.11172],[-75.37522,3.11017],[-75.37203,3.11143],[-75.37039,3.11316],[-75.3678,3.10887],[-75.36424,3.10509],[-75.36548,3.09658],[-75.36114,3.09263],[-75.3571,3.09438],[-75.357,3.09594],[-75.35565,3.09537],[-75.35595,3.09755],[-75.35266,3.09898],[-75.35029,3.09657],[-75.34661,3.09824],[-75.34449,3.09812],[-75.34613,3.08911],[-75.3447,3.08811],[-75.34244,3.09097],[-75.34068,3.09085],[-75.34092,3.08512],[-75.34028,3.0828],[-75.34147,3.07699],[-75.3383,3.07353],[-75.33884,3.07167],[-75.33705,3.07191],[-75.33632,3.07098],[-75.33449,3.07119],[-75.33377,3.07035],[-75.33211,3.07099],[-75.32892,3.0698],[-75.32723,3.07092],[-75.32538,3.07137],[-75.3242,3.07065],[-75.32334,3.07143],[-75.31549,3.06981],[-75.31396,3.0682],[-75.31376,3.06489],[-75.31246,3.06173],[-75.31143,3.06206],[-75.31059,3.06081],[-75.30801,3.0597],[-75.30738,3.06301],[-75.3053,3.06157],[-75.30508,3.06035],[-75.30312,3.06005],[-75.29953,3.06171],[-75.29674,3.0578],[-75.29485,3.05815],[-75.29222,3.0623],[-75.29218,3.0661],[-75.2832,3.07309],[-75.28128,3.08789],[-75.27935,3.09318],[-75.2785,3.10429],[-75.27763,3.10484],[-75.27625,3.10419],[-75.27394,3.1055],[-75.27403,3.10802],[-75.27231,3.10813],[-75.27177,3.10945],[-75.26895,3.10743],[-75.26704,3.10717],[-75.26936,3.11307],[-75.26909,3.11612],[-75.26733,3.11971],[-75.26714,3.12568],[-75.26803,3.12975],[-75.26399,3.12805],[-75.25784,3.1269],[-75.25622,3.12494],[-75.25641,3.12406],[-75.25923,3.12038],[-75.26105,3.12019],[-75.2617,3.11889],[-75.25937,3.11344],[-75.26021,3.10895],[-75.25992,3.10326],[-75.26247,3.10134],[-75.26172,3.09156],[-75.25946,3.08826],[-75.25345,3.0827],[-75.25042,3.07723],[-75.2472,3.07578],[-75.24447,3.0763],[-75.23782,3.07466],[-75.23538,3.07226],[-75.23476,3.06588],[-75.23232,3.06575],[-75.23288,3.06399],[-75.23684,3.06009],[-75.23781,3.05202],[-75.25048,3.04151],[-75.25049,3.04003],[-75.24918,3.04126],[-75.24811,3.04074],[-75.24316,3.03433],[-75.24193,3.03692],[-75.2399,3.03777],[-75.23132,3.03675],[-75.22827,3.03748],[-75.22709,3.035],[-75.22482,3.03496],[-75.22443,3.03238],[-75.22259,3.03048],[-75.22007,3.03169],[-75.21889,3.02935],[-75.21613,3.02867],[-75.2151,3.02684],[-75.21163,3.02545],[-75.20991,3.0232],[-75.20825,3.02338],[-75.20697,3.01566],[-75.20489,3.01209],[-75.19515,3.00807],[-75.19373,3.00623],[-75.19279,3.00277],[-75.18987,3.00145],[-75.18739,3.00155],[-75.18208,2.99512],[-75.1771,2.99296],[-75.17055,2.99678],[-75.16754,2.99521],[-75.16438,2.99509],[-75.16276,2.99643],[-75.1629,2.99812],[-75.16203,2.99924],[-75.15961,2.99956],[-75.15682,3.00158],[-75.15537,2.99966],[-75.15322,3.00074],[-75.15157,3.00052],[-75.15079,3.00165],[-75.1408,3.00003],[-75.13983,3.00272],[-75.13758,3.00113],[-75.13742,3.0],[-75.13569,3.00205],[-75.13412,3.00215],[-75.1336,2.99995],[-75.13142,3.00227],[-75.12943,3.0008],[-75.1279,3.00184],[-75.12712,3.00028],[-75.12386,2.99894],[-75.12034,3.00011],[-75.11867,2.99747],[-75.11548,2.99806],[-75.11409,2.99364],[-75.11453,2.99232],[-75.11196,2.99082],[-75.11322,2.98837],[-75.11307,2.9861],[-75.11422,2.98533],[-75.11337,2.98395],[-75.11346,2.98151],[-75.11132,2.97835],[-75.1118,2.97691],[-75.11121,2.97183],[-75.10918,2.96744],[-75.10965,2.96511],[-75.10906,2.96373],[-75.1103,2.962],[-75.11151,2.96166],[-75.10792,2.95947],[-75.10776,2.95797],[-75.10518,2.95578],[-75.10275,2.95013],[-75.10223,2.9465],[-75.1006,2.94567],[-75.10062,2.94252],[-75.09878,2.94134],[-75.09662,2.94075],[-75.09555,2.94207],[-75.09485,2.94091],[-75.09175,2.94055],[-75.0901,2.94134],[-75.08899,2.94074],[-75.08778,2.9421],[-75.08665,2.94087],[-75.08453,2.94224],[-75.0821,2.94185],[-75.07439,2.94911],[-75.07358,2.94841],[-75.07211,2.94998],[-75.07005,2.95034],[-75.06905,2.95172],[-75.06703,2.95178],[-75.06577,2.95268],[-75.0649,2.9513],[-75.06182,2.95061],[-75.06207,2.94926],[-75.06063,2.94888],[-75.06029,2.94652],[-75.05171,2.94417],[-75.0501,2.94477],[-75.04981,2.94875],[-75.04743,2.9488],[-75.04378,2.95098],[-75.03922,2.94575],[-75.0377,2.942],[-75.03557,2.94206],[-75.03455,2.94024],[-75.03283,2.94165],[-75.02927,2.94216],[-75.02702,2.94019],[-75.0252,2.94052],[-75.02274,2.93721],[-75.01939,2.93697],[-75.01649,2.93546],[-75.01306,2.9365],[-75.00975,2.93383],[-75.00806,2.93412],[-75.00646,2.93554],[-75.00244,2.93594],[-74.99843,2.93405],[-74.99726,2.93223],[-74.99216,2.93425],[-74.98733,2.93155],[-74.98362,2.93109],[-74.98121,2.92939],[-74.97972,2.9314],[-74.97665,2.9308],[-74.97408,2.9336],[-74.97051,2.93415],[-74.97098,2.93241],[-74.96991,2.93012],[-74.97072,2.9284],[-74.97065,2.92588],[-74.97249,2.92161],[-74.97194,2.92067],[-74.97056,2.921],[-74.96933,2.91926],[-74.96939,2.91754],[-74.97198,2.91192],[-74.97516,2.90996],[-74.97564,2.90848],[-74.97442,2.90727],[-74.97088,2.89839],[-74.96911,2.89719],[-74.96511,2.89705],[-74.96038,2.89958],[-74.95702,2.89886],[-74.95058,2.89551],[-74.94464,2.89678],[-74.94729,2.89291],[-74.9506,2.89098],[-74.9546,2.88588],[-74.95579,2.87971],[-74.9626,2.87801],[-74.96274,2.8758],[-74.96412,2.87304],[-74.96922,2.8718],[-74.97129,2.87015],[-74.97543,2.86283],[-74.98468,2.86104],[-74.98896,2.858],[-74.99171,2.85097],[-74.99654,2.84614],[-75.00082,2.83772],[-75.00551,2.83469],[-75.00951,2.82724],[-75.01186,2.82448],[-75.01434,2.8242],[-75.02028,2.81496],[-75.02248,2.80957],[-75.0211,2.80364],[-75.02552,2.79978],[-75.02676,2.79647],[-75.02649,2.79315],[-75.03587,2.78837],[-75.04111,2.78308],[-75.04139,2.77894],[-75.04235,2.77701],[-75.04622,2.77453],[-75.048,2.77019],[-75.05504,2.76443],[-75.0579,2.75832],[-75.06973,2.74514],[-75.07034,2.74215],[-75.07225,2.74604],[-75.07472,2.74546],[-75.07677,2.74373],[-75.08402,2.73314],[-75.08786,2.73033],[-75.0896,2.73045],[-75.09186,2.73452],[-75.09628,2.73757],[-75.09935,2.73521],[-75.10283,2.73519],[-75.10773,2.73186],[-75.11439,2.72472],[-75.11764,2.72606],[-75.12005,2.72917],[-75.12174,2.72953],[-75.12799,2.72886],[-75.14013,2.72604],[-75.14529,2.72341],[-75.14613,2.72674],[-75.14497,2.73062],[-75.14174,2.73296],[-75.13886,2.73635],[-75.1378,2.74391],[-75.13525,2.7483],[-75.13525,2.74963],[-75.1384,2.75308],[-75.1402,2.75693],[-75.14822,2.75845],[-75.15122,2.76025],[-75.15408,2.75938],[-75.15389,2.75714],[-75.15525,2.75651],[-75.16172,2.75955],[-75.16334,2.76215],[-75.16701,2.76533],[-75.16672,2.76642],[-75.16308,2.76733],[-75.16156,2.76982],[-75.1582,2.77181],[-75.15866,2.77505],[-75.15975,2.77681],[-75.16484,2.77987],[-75.16455,2.78352],[-75.16785,2.78621],[-75.17086,2.78606],[-75.17132,2.78714],[-75.17005,2.79604],[-75.16446,2.79759],[-75.16065,2.80045],[-75.15953,2.80552],[-75.16145,2.80929],[-75.16607,2.81211],[-75.17537,2.81348],[-75.18047,2.81594],[-75.18162,2.81805],[-75.18151,2.82209],[-75.18725,2.82312],[-75.19049,2.82578],[-75.19293,2.82505],[-75.19402,2.82782],[-75.19624,2.82922],[-75.19781,2.82911],[-75.20119,2.83187],[-75.20211,2.83333],[-75.2017,2.83526],[-75.20857,2.84485],[-75.20818,2.8501],[-75.21091,2.85455],[-75.21319,2.85542],[-75.21628,2.861],[-75.21851,2.86063],[-75.22028,2.86245],[-75.22149,2.86043],[-75.22245,2.86105],[-75.22711,2.86108],[-75.2325,2.86008],[-75.23503,2.86076],[-75.2364,2.8585],[-75.23882,2.8573],[-75.24154,2.85775],[-75.24353,2.85698],[-75.24599,2.85837],[-75.25131,2.85648],[-75.25477,2.85851],[-75.26197,2.85824],[-75.26452,2.86051],[-75.26732,2.86002],[-75.27034,2.86277],[-75.27415,2.86267],[-75.27607,2.8639],[-75.27964,2.86294],[-75.28132,2.86486],[-75.28693,2.86525],[-75.28883,2.86778],[-75.29023,2.86839],[-75.28954,2.87729],[-75.28999,2.88595],[-75.29372,2.89098],[-75.29368,2.89604],[-75.2929,2.89859],[-75.29439,2.9],[-75.29694,2.90011],[-75.29768,2.90132],[-75.29228,2.90603],[-75.2926,2.90875],[-75.29627,2.91031],[-75.29709,2.91195],[-75.29654,2.91558],[-75.29552,2.91694],[-75.29537,2.92049],[-75.30087,2.92403],[-75.30406,2.92451],[-75.30379,2.92822],[-75.30559,2.93073],[-75.30422,2.93489],[-75.30878,2.9381],[-75.30929,2.93962],[-75.30888,2.94648],[-75.30665,2.95427],[-75.30465,2.95731],[-75.30176,2.95925],[-75.30048,2.96197],[-75.30074,2.97128],[-75.30269,2.97221],[-75.30391,2.97149],[-75.30632,2.9692],[-75.3065,2.96722],[-75.313,2.96885],[-75.31338,2.96791],[-75.31606,2.96995],[-75.31949,2.98086],[-75.32216,2.9859],[-75.32168,2.98641],[-75.32241,2.99002],[-75.32919,3.0071],[-75.33407,3.01232],[-75.33579,3.01659],[-75.33593,3.01826],[-75.33261,3.03064],[-75.33569,3.03286],[-75.3355,3.03424],[-75.33778,3.04039],[-75.33933,3.04169],[-75.34222,3.04183],[-75.34347,3.04079],[-75.34526,3.04079],[-75.3471,3.0425],[-75.35144,3.04328],[-75.3519,3.04506],[-75.35387,3.04494],[-75.35484,3.04741],[-75.35659,3.0473],[-75.35641,3.04355],[-75.35791,3.04092],[-75.35936,3.04003],[-75.36063,3.04086],[-75.36044,3.0419],[-75.3648,3.04228],[-75.36693,3.0434],[-75.3693,3.04216],[-75.37043,3.0445],[-75.37286,3.04501],[-75.37655,3.04281],[-75.37698,3.04402],[-75.37995,3.04461],[-75.38152,3.04702],[-75.38495,3.04858],[-75.38658,3.05119],[-75.38808,3.0506],[-75.39332,3.05297],[-75.39547,3.05286],[-75.39627,3.05206],[-75.4032,3.05205],[-75.40246,3.05367],[-75.39917,3.05599],[-75.39836,3.05787],[-75.40088,3.06086],[-75.39836,3.0632],[-75.39975,3.06356],[-75.39875,3.064],[-75.39914,3.06557],[-75.39814,3.06766],[-75.39836,3.07278],[-75.40283,3.07742],[-75.40461,3.07766],[-75.40714,3.08],[-75.40967,3.08061],[-75.40945,3.08177],[-75.41378,3.08573],[-75.41856,3.08662],[-75.41989,3.08836],[-75.42106,3.0879],[-75.42322,3.08851],[-75.42424,3.09014],[-75.42393,3.09536],[-75.42501,3.09676],[-75.42839,3.09689],[-75.42976,3.09514],[-75.43027,3.09086],[-75.4348,3.07634],[-75.43479,3.07283],[-75.43643,3.07029],[-75.43564,3.06528],[-75.43672,3.06343],[-75.43629,3.06161],[-75.43744,3.05845],[-75.43713,3.0566],[-75.4381,3.05551],[-75.43728,3.05205],[-75.43906,3.04964],[-75.43907,3.04826],[-75.44198,3.04496],[-75.44612,3.0421],[-75.44626,3.04078],[-75.4507,3.0396],[-75.45283,3.03633],[-75.45206,3.03513],[-75.4526,3.03269],[-75.45421,3.03194],[-75.45358,3.03004],[-75.45805,3.0287],[-75.45866,3.02658],[-75.4607,3.02539],[-75.46324,3.02115],[-75.46646,3.02332],[-75.47078,3.02349],[-75.47214,3.0255],[-75.47652,3.02818],[-75.48885,3.02585],[-75.49121,3.02658],[-75.48872,3.032],[-75.48955,3.03493],[-75.4926,3.03624],[-75.4992,3.03647],[-75.50286,3.0343],[-75.5071,3.03597],[-75.50868,3.03738],[-75.51196,3.03764],[-75.51315,3.03848],[-75.51776,3.03778],[-75.52096,3.03872],[-75.52436,3.03684],[-75.52751,3.03774],[-75.53143,3.0377],[-75.52633,3.05058],[-75.52912,3.05547],[-75.52468,3.06174],[-75.52347,3.06243],[-75.52399,3.065],[-75.52318,3.06599],[-75.52351,3.06874],[-75.53159,3.06968],[-75.533,3.07106],[-75.53527,3.071],[-75.53803,3.07207],[-75.53975,3.0755],[-75.5393,3.08075],[-75.54382,3.08317],[-75.55181,3.09048],[-75.54948,3.09247],[-75.55164,3.09668],[-75.55825,3.10269],[-75.55781,3.10437],[-75.55865,3.10464],[-75.56928,3.10042],[-75.57603,3.0964],[-75.57787,3.09387],[-75.58393,3.08998],[-75.58927,3.0822],[-75.59226,3.07922],[-75.59448,3.07549],[-75.59529,3.06834],[-75.59987,3.05422],[-75.60001,3.04845],[-75.60198,3.05411],[-75.60487,3.0572],[-75.61423,3.05961],[-75.61822,3.06312],[-75.62143,3.07234],[-75.62196,3.07638],[-75.61673,3.0837],[-75.61399,3.09018],[-75.61048,3.09334],[-75.6059,3.10083],[-75.60443,3.10566],[-75.60276,3.10834],[-75.60233,3.11301],[-75.60003,3.11532],[-75.597,3.11645],[-75.5932,3.11633],[-75.5885,3.11779],[-75.58255,3.1238],[-75.58338,3.12695],[-75.58215,3.13722],[-75.58057,3.13958],[-75.57687,3.14269],[-75.57632,3.14478],[-75.57949,3.14498],[-75.58179,3.14689],[-75.58306,3.14687],[-75.5848,3.15015],[-75.57913,3.15552],[-75.57827,3.15749],[-75.5762,3.15933],[-75.57435,3.16416],[-75.57304,3.16501],[-75.57094,3.17149],[-75.57137,3.17624],[-75.57056,3.18024],[-75.56852,3.18362],[-75.56773,3.18612],[-75.56804,3.1879],[-75.56592,3.19216],[-75.56597,3.19347],[-75.56255,3.19933],[-75.5629,3.2017],[-75.56034,3.20434],[-75.55865,3.20363],[-75.55783,3.20498],[-75.55732,3.20448],[-75.55663,3.20702],[-75.55377,3.20837],[-75.55332,3.21004],[-75.55159,3.2109],[-75.55214,3.21164],[-75.55087,3.21181],[-75.55137,3.21268],[-75.54959,3.21274],[-75.54951,3.21408],[-75.54822,3.21509],[-75.54669,3.2151],[-75.54508,3.21713],[-75.54196,3.21865],[-75.54094,3.21957],[-75.54102,3.22069],[-75.53917,3.22125],[-75.53873,3.22312],[-75.53776,3.22289],[-75.53696,3.22395],[-75.53418,3.22495],[-75.53402,3.2275],[-75.53032,3.23222],[-75.52626,3.23352],[-75.52541,3.23161],[-75.52332,3.2324],[-75.51892,3.22879],[-75.51921,3.22991],[-75.51774,3.2312],[-75.51172,3.2309],[-75.51079,3.22883],[-75.50895,3.22926],[-75.50886,3.23125],[-75.50799,3.22892],[-75.50649,3.22832],[-75.50559,3.2294],[-75.50319,3.2281],[-75.49883,3.22913],[-75.49836,3.23066],[-75.49583,3.23051],[-75.49501,3.22917],[-75.49219,3.22899],[-75.49128,3.22978],[-75.48801,3.23021],[-75.48634,3.22976],[-75.48519,3.23034],[-75.48377,3.23314],[-75.48405,3.23643],[-75.48178,3.2364],[-75.48053,3.24005],[-75.48156,3.24178],[-75.47992,3.24303],[-75.47819,3.24695],[-75.47727,3.24813],[-75.47302,3.24987],[-75.4693,3.24934],[-75.46447,3.24168],[-75.46192,3.24092],[-75.46076,3.24293],[-75.45817,3.24389],[-75.45716,3.24621],[-75.45515,3.24594],[-75.45387,3.24686],[-75.45356,3.24879],[-75.45145,3.24886],[-75.44993,3.2499],[-75.44672,3.24806],[-75.44512,3.24797],[-75.44487,3.24529],[-75.44075,3.24434],[-75.43932,3.24232],[-75.43732,3.2438],[-75.43625,3.243],[-75.43458,3.24345],[-75.43448,3.24487],[-75.43126,3.24579],[-75.43067,3.24825],[-75.42866,3.24812],[-75.42616,3.24654],[-75.42438,3.24683],[-75.42373,3.24827],[-75.42196,3.24845],[-75.42099,3.25025],[-75.41895,3.25132],[-75.41622,3.25182],[-75.4113,3.24879],[-75.40562,3.25008],[-75.40516,3.25216],[-75.40353,3.25316],[-75.40169,3.25377],[-75.40055,3.25266],[-75.39956,3.25286],[-75.39854,3.25692],[-75.39061,3.25844],[-75.39027,3.25912],[-75.39228,3.26015],[-75.39227,3.26094],[-75.38671,3.26296],[-75.38702,3.26783],[-75.38474,3.26808],[-75.38176,3.27047],[-75.37886,3.27473],[-75.37566,3.27576],[-75.37179,3.27577],[-75.36929,3.26731],[-75.36689,3.26572],[-75.36527,3.26591],[-75.36303,3.26892],[-75.3631,3.27347],[-75.35892,3.27848],[-75.35951,3.27985],[-75.35898,3.28129],[-75.35686,3.28232],[-75.35561,3.28399]]]}},{"type":"Feature","properties":{"nombre":"Baraya","codigo":"41078","departamento":"Huila","zona":"Norte","lat":3.12399,"lon":-74.98775},"geometry":{"type":"Polygon","coordinates":[[[-74.91759,3.29035],[-74.91224,3.28978],[-74.9092,3.29053],[-74.90746,3.28626],[-74.90852,3.28387],[-74.90713,3.27916],[-74.90596,3.2788],[-74.9041,3.2803],[-74.90312,3.27833],[-74.90157,3.27735],[-74.90297,3.27083],[-74.90198,3.26867],[-74.90217,3.26292],[-74.89964,3.25981],[-74.90024,3.25777],[-74.89737,3.25312],[-74.89599,3.25146],[-74.89416,3.25107],[-74.89348,3.24797],[-74.89101,3.24697],[-74.89055,3.24442],[-74.88894,3.24495],[-74.88712,3.24358],[-74.88641,3.24062],[-74.88209,3.24038],[-74.87954,3.23801],[-74.87664,3.2368],[-74.87666,3.2337],[-74.86692,3.22626],[-74.86268,3.22136],[-74.86355,3.21911],[-74.86269,3.21706],[-74.86183,3.21687],[-74.86193,3.21525],[-74.86056,3.21429],[-74.86027,3.21196],[-74.85776,3.20947],[-74.85906,3.20773],[-74.85801,3.20573],[-74.85766,3.20071],[-74.85538,3.19845],[-74.85524,3.19434],[-74.85326,3.19189],[-74.85197,3.18698],[-74.85028,3.18655],[-74.84923,3.18732],[-74.84503,3.18345],[-74.84409,3.17882],[-74.84532,3.17706],[-74.84501,3.17572],[-74.84724,3.17385],[-74.84742,3.17107],[-74.84865,3.16876],[-74.84826,3.16759],[-74.84942,3.1659],[-74.84912,3.16465],[-74.85177,3.16316],[-74.8509,3.16136],[-74.85129,3.15999],[-74.85555,3.15729],[-74.85268,3.15304],[-74.85217,3.14866],[-74.84981,3.1471],[-74.84824,3.14303],[-74.84106,3.13976],[-74.83976,3.13749],[-74.83994,3.13471],[-74.83915,3.133],[-74.83489,3.12966],[-74.82692,3.12884],[-74.8216,3.13145],[-74.8195,3.13078],[-74.81586,3.13102],[-74.81537,3.13025],[-74.81612,3.12861],[-74.81423,3.12489],[-74.81453,3.12381],[-74.81273,3.11879],[-74.8108,3.11761],[-74.80991,3.11483],[-74.80739,3.11176],[-74.80466,3.11063],[-74.80208,3.10747],[-74.80134,3.10758],[-74.79942,3.10565],[-74.79741,3.10602],[-74.79364,3.10427],[-74.79132,3.10514],[-74.78978,3.10468],[-74.78738,3.1015],[-74.78515,3.10049],[-74.78375,3.0982],[-74.78149,3.09892],[-74.7787,3.09815],[-74.77385,3.09958],[-74.77309,3.0977],[-74.77138,3.09668],[-74.76876,3.09776],[-74.76596,3.09686],[-74.76819,3.09395],[-74.77426,3.09022],[-74.77646,3.08595],[-74.77991,3.08195],[-74.78392,3.07988],[-74.78585,3.07643],[-74.78902,3.07532],[-74.79026,3.07367],[-74.78874,3.06387],[-74.78753,3.06144],[-74.79181,3.05621],[-74.79359,3.0558],[-74.79726,3.05698],[-74.80007,3.05676],[-74.80412,3.0539],[-74.81042,3.05468],[-74.81596,3.05303],[-74.81771,3.04966],[-74.82005,3.04774],[-74.81916,3.04352],[-74.82038,3.03989],[-74.82593,3.03765],[-74.82798,3.03251],[-74.83166,3.02869],[-74.83235,3.02717],[-74.83187,3.02554],[-74.83483,3.02275],[-74.8409,3.01199],[-74.84311,3.00964],[-74.84727,2.99856],[-74.8496,2.99471],[-74.85231,2.99307],[-74.85721,2.99482],[-74.86293,2.99358],[-74.86351,2.99102],[-74.86808,2.985],[-74.86808,2.9837],[-74.8659,2.9811],[-74.86905,2.97363],[-74.87415,2.96949],[-74.87609,2.96949],[-74.87843,2.97115],[-74.88285,2.97156],[-74.88424,2.96707],[-74.88575,2.96517],[-74.88907,2.96462],[-74.89262,2.96685],[-74.8942,2.96685],[-74.90101,2.96274],[-74.90444,2.95823],[-74.91065,2.95734],[-74.91182,2.95734],[-74.91393,2.95969],[-74.91704,2.96586],[-74.91865,2.96701],[-74.92038,2.96689],[-74.92429,2.96965],[-74.92544,2.97115],[-74.92509,2.97287],[-74.92647,2.97414],[-74.93304,2.97588],[-74.93822,2.97553],[-74.94097,2.97828],[-74.93899,2.98372],[-74.93952,2.98431],[-74.93913,2.98748],[-74.93798,2.98918],[-74.93982,2.9907],[-74.93936,2.99938],[-74.93648,3.0052],[-74.93812,3.01033],[-74.93962,3.01216],[-74.93991,3.01588],[-74.93731,3.0174],[-74.93698,3.01951],[-74.93485,3.022],[-74.93434,3.02462],[-74.93651,3.0322],[-74.93572,3.03441],[-74.93304,3.03555],[-74.9341,3.03904],[-74.93602,3.04092],[-74.94029,3.04308],[-74.94258,3.04642],[-74.94901,3.0452],[-74.95295,3.04813],[-74.9567,3.04799],[-74.95652,3.05183],[-74.95839,3.05264],[-74.96592,3.05124],[-74.96708,3.05575],[-74.96853,3.05562],[-74.97038,3.05366],[-74.97721,3.05738],[-74.97791,3.0555],[-74.9797,3.05847],[-74.97955,3.06079],[-74.98259,3.0662],[-74.98444,3.06542],[-74.98676,3.06855],[-74.98884,3.06955],[-74.99593,3.07062],[-75.00243,3.07027],[-75.00693,3.07347],[-75.0101,3.07451],[-75.01643,3.07375],[-75.01891,3.07675],[-75.02105,3.07757],[-75.02708,3.07311],[-75.02994,3.07275],[-75.03368,3.07382],[-75.03483,3.07475],[-75.0349,3.07743],[-75.0364,3.08093],[-75.03964,3.08259],[-75.0405,3.08231],[-75.04185,3.08488],[-75.0446,3.08623],[-75.0455,3.08827],[-75.04957,3.09049],[-75.05195,3.09042],[-75.0534,3.09311],[-75.05536,3.09339],[-75.0592,3.09648],[-75.06139,3.09646],[-75.06201,3.09812],[-75.06824,3.09264],[-75.06825,3.09146],[-75.07314,3.08368],[-75.07298,3.07976],[-75.07436,3.07609],[-75.07502,3.07582],[-75.07774,3.07796],[-75.07962,3.07753],[-75.08298,3.0709],[-75.08366,3.07085],[-75.08431,3.07117],[-75.08403,3.07245],[-75.08837,3.07433],[-75.09522,3.08009],[-75.09674,3.07444],[-75.10012,3.06848],[-75.10259,3.06977],[-75.10971,3.07596],[-75.11113,3.07566],[-75.11157,3.07802],[-75.11049,3.07977],[-75.1118,3.08107],[-75.11302,3.08478],[-75.11408,3.08541],[-75.11368,3.08747],[-75.11542,3.09007],[-75.11443,3.09179],[-75.11774,3.09129],[-75.1186,3.09279],[-75.12029,3.09333],[-75.1202,3.09414],[-75.12197,3.09451],[-75.12247,3.09368],[-75.12355,3.09422],[-75.1232,3.09513],[-75.12399,3.09589],[-75.12682,3.09559],[-75.12663,3.09971],[-75.12941,3.10139],[-75.13118,3.10144],[-75.13229,3.10296],[-75.13495,3.10277],[-75.13555,3.10378],[-75.13654,3.10335],[-75.13644,3.10652],[-75.13717,3.10736],[-75.13812,3.10682],[-75.13941,3.10736],[-75.13854,3.10843],[-75.13964,3.10889],[-75.14049,3.10778],[-75.14158,3.10805],[-75.14348,3.10988],[-75.14321,3.11179],[-75.14505,3.1119],[-75.1453,3.11107],[-75.14712,3.11139],[-75.14698,3.11252],[-75.15019,3.11358],[-75.14824,3.11569],[-75.14859,3.11763],[-75.15031,3.11688],[-75.153,3.11746],[-75.15432,3.11871],[-75.15387,3.12181],[-75.15645,3.12048],[-75.1568,3.12194],[-75.16097,3.12382],[-75.16105,3.12554],[-75.15928,3.1299],[-75.16051,3.12998],[-75.16022,3.13294],[-75.16181,3.1334],[-75.16321,3.13258],[-75.16343,3.1335],[-75.16248,3.1346],[-75.16363,3.13758],[-75.15688,3.14591],[-75.1579,3.1487],[-75.15725,3.15107],[-75.15279,3.15663],[-75.15085,3.16097],[-75.15003,3.166],[-75.14586,3.1701],[-75.13961,3.19097],[-75.13709,3.1909],[-75.13422,3.20032],[-75.13223,3.19825],[-75.13182,3.19904],[-75.13077,3.19901],[-75.13014,3.19778],[-75.12804,3.19712],[-75.12614,3.19762],[-75.12489,3.19918],[-75.12356,3.19345],[-75.11988,3.19336],[-75.11665,3.1948],[-75.11534,3.19296],[-75.11534,3.19113],[-75.11179,3.19157],[-75.11052,3.18916],[-75.10811,3.19266],[-75.10661,3.19271],[-75.10634,3.19185],[-75.10407,3.19201],[-75.10307,3.19057],[-75.10038,3.19121],[-75.09904,3.18844],[-75.09931,3.18649],[-75.09612,3.18808],[-75.09378,3.18614],[-75.09305,3.18364],[-75.09071,3.18408],[-75.08847,3.18844],[-75.08424,3.18968],[-75.08373,3.19088],[-75.0822,3.1905],[-75.08136,3.1893],[-75.07949,3.19022],[-75.07712,3.18969],[-75.07523,3.19203],[-75.07284,3.19285],[-75.06996,3.19558],[-75.06637,3.19527],[-75.06531,3.19692],[-75.06402,3.19742],[-75.06405,3.19857],[-75.06184,3.19835],[-75.0607,3.20038],[-75.05852,3.19995],[-75.05582,3.20255],[-75.05399,3.20181],[-75.05259,3.20243],[-75.05012,3.19929],[-75.04761,3.1982],[-75.04583,3.19829],[-75.04265,3.2006],[-75.04678,3.20786],[-75.05115,3.2213],[-75.05133,3.22398],[-75.0496,3.23038],[-75.03985,3.24388],[-75.03324,3.24974],[-75.02522,3.26627],[-75.01757,3.27647],[-75.01093,3.27926],[-75.00909,3.27932],[-75.00794,3.2804],[-75.00585,3.28],[-75.00427,3.27731],[-75.00091,3.27626],[-74.99562,3.27703],[-74.99116,3.27976],[-74.99115,3.28154],[-74.99013,3.28317],[-74.98378,3.28369],[-74.9789,3.28536],[-74.97665,3.28483],[-74.97461,3.2831],[-74.97268,3.28377],[-74.96418,3.28238],[-74.96386,3.27963],[-74.95853,3.27715],[-74.95695,3.2795],[-74.95294,3.28169],[-74.94824,3.28015],[-74.94598,3.28174],[-74.94136,3.28238],[-74.93978,3.28397],[-74.93396,3.28602],[-74.93285,3.28591],[-74.92939,3.28303],[-74.92808,3.28291],[-74.92518,3.28554],[-74.92048,3.28617],[-74.91759,3.29035]]]}},{"type":"Feature","properties":{"nombre":"Aipe","codigo":"41016","departamento":"Huila","zona":"Norte","lat":3.23868,"lon":-75.29408},"geometry":{"type":"Polygon","coordinates":[[[-75.31851,3.4195],[-75.31833,3.41664],[-75.3168,3.41468],[-75.31258,3.41443],[-75.30917,3.41224],[-75.31053,3.41043],[-75.30862,3.4085],[-75.30789,3.40534],[-75.3083,3.40391],[-75.30591,3.40499],[-75.304,3.40344],[-75.30236,3.40442],[-75.30121,3.40291],[-75.30163,3.39917],[-75.29976,3.3989],[-75.29682,3.39579],[-75.29443,3.39541],[-75.29212,3.39321],[-75.29038,3.3932],[-75.29013,3.39193],[-75.28874,3.39105],[-75.28227,3.38866],[-75.28108,3.38606],[-75.2768,3.38255],[-75.27118,3.38377],[-75.26824,3.38211],[-75.2667,3.37874],[-75.25932,3.37676],[-75.25742,3.37462],[-75.26019,3.37328],[-75.2602,3.37232],[-75.25749,3.37193],[-75.25708,3.3703],[-75.25482,3.36895],[-75.25267,3.36572],[-75.25052,3.36727],[-75.24989,3.37177],[-75.25067,3.37513],[-75.24767,3.37665],[-75.2479,3.37935],[-75.24525,3.38188],[-75.24494,3.3879],[-75.24523,3.38972],[-75.24662,3.39137],[-75.24622,3.3945],[-75.24342,3.39654],[-75.2432,3.39801],[-75.24099,3.40105],[-75.24128,3.4043],[-75.22674,3.41586],[-75.22246,3.41223],[-75.2183,3.41312],[-75.21148,3.41244],[-75.21093,3.41117],[-75.21222,3.40891],[-75.21113,3.40765],[-75.20753,3.41015],[-75.20009,3.40911],[-75.19966,3.40624],[-75.20228,3.39656],[-75.20032,3.39549],[-75.19988,3.38455],[-75.18396,3.37961],[-75.17805,3.38031],[-75.1749,3.37731],[-75.17277,3.37833],[-75.17295,3.37595],[-75.17531,3.37427],[-75.17823,3.37323],[-75.18335,3.36899],[-75.18625,3.36875],[-75.18891,3.36703],[-75.18956,3.36365],[-75.19959,3.35036],[-75.20093,3.34621],[-75.20212,3.34483],[-75.20558,3.34591],[-75.20945,3.35116],[-75.212,3.3529],[-75.21507,3.35357],[-75.21611,3.35309],[-75.21704,3.35007],[-75.21659,3.34631],[-75.20629,3.33907],[-75.20445,3.33596],[-75.20382,3.33149],[-75.20445,3.33051],[-75.22063,3.32891],[-75.22259,3.32597],[-75.22297,3.3215],[-75.22528,3.31776],[-75.23562,3.31427],[-75.23912,3.31032],[-75.23964,3.30776],[-75.23737,3.29724],[-75.23941,3.29142],[-75.2351,3.28547],[-75.23242,3.27926],[-75.23272,3.26316],[-75.22961,3.25867],[-75.22691,3.25689],[-75.2248,3.24885],[-75.22577,3.24747],[-75.22625,3.2424],[-75.22612,3.24132],[-75.224,3.2395],[-75.22399,3.23022],[-75.22595,3.22464],[-75.23086,3.22386],[-75.23189,3.21324],[-75.22937,3.20153],[-75.23657,3.1974],[-75.24211,3.19662],[-75.25279,3.1895],[-75.25636,3.18822],[-75.25807,3.18643],[-75.26171,3.17854],[-75.26564,3.17503],[-75.26564,3.17245],[-75.26713,3.16793],[-75.26894,3.16617],[-75.27361,3.16442],[-75.27537,3.16141],[-75.27563,3.15879],[-75.27429,3.15472],[-75.2731,3.15338],[-75.27227,3.14865],[-75.27038,3.14796],[-75.26901,3.14625],[-75.26766,3.14326],[-75.26746,3.1406],[-75.2651,3.13884],[-75.2649,3.13783],[-75.26678,3.12973],[-75.26803,3.12975],[-75.26714,3.12568],[-75.26733,3.11971],[-75.26909,3.11612],[-75.26936,3.11307],[-75.26704,3.10717],[-75.26895,3.10743],[-75.27177,3.10945],[-75.27231,3.10813],[-75.27403,3.10802],[-75.27394,3.1055],[-75.27625,3.10419],[-75.27763,3.10484],[-75.2785,3.10429],[-75.27935,3.09318],[-75.28128,3.08789],[-75.2832,3.07309],[-75.29218,3.0661],[-75.29222,3.0623],[-75.29485,3.05815],[-75.29674,3.0578],[-75.29953,3.06171],[-75.30312,3.06005],[-75.30508,3.06035],[-75.3053,3.06157],[-75.30738,3.06301],[-75.30801,3.0597],[-75.31059,3.06081],[-75.31143,3.06206],[-75.31246,3.06173],[-75.31376,3.06489],[-75.31396,3.0682],[-75.31549,3.06981],[-75.32334,3.07143],[-75.3242,3.07065],[-75.32538,3.07137],[-75.32723,3.07092],[-75.32892,3.0698],[-75.33211,3.07099],[-75.33377,3.07035],[-75.33449,3.07119],[-75.33632,3.07098],[-75.33705,3.07191],[-75.33884,3.07167],[-75.3383,3.07353],[-75.34147,3.07699],[-75.34028,3.0828],[-75.34092,3.08512],[-75.34068,3.09085],[-75.34244,3.09097],[-75.3447,3.08811],[-75.34613,3.08911],[-75.34449,3.09812],[-75.34661,3.09824],[-75.35029,3.09657],[-75.35266,3.09898],[-75.35595,3.09755],[-75.35565,3.09537],[-75.357,3.09594],[-75.3571,3.09438],[-75.36114,3.09263],[-75.36548,3.09658],[-75.36424,3.10509],[-75.3678,3.10887],[-75.37039,3.11316],[-75.37203,3.11143],[-75.37522,3.11017],[-75.37963,3.11172],[-75.38143,3.11408],[-75.38829,3.11397],[-75.39024,3.11765],[-75.39258,3.11779],[-75.39705,3.11987],[-75.39777,3.11609],[-75.40498,3.11532],[-75.40602,3.11164],[-75.40804,3.11212],[-75.40944,3.11458],[-75.40949,3.11573],[-75.40405,3.12642],[-75.40337,3.13162],[-75.4037,3.13284],[-75.40485,3.13303],[-75.40569,3.13437],[-75.40763,3.13434],[-75.40921,3.13591],[-75.41302,3.13705],[-75.4122,3.13992],[-75.41086,3.14063],[-75.41091,3.14193],[-75.40909,3.14337],[-75.40975,3.14928],[-75.40667,3.15395],[-75.40549,3.16056],[-75.39866,3.17575],[-75.39359,3.19341],[-75.39042,3.19943],[-75.39008,3.2029],[-75.38646,3.20772],[-75.38375,3.21567],[-75.3798,3.21967],[-75.37899,3.22332],[-75.37554,3.2275],[-75.37136,3.23485],[-75.36935,3.23332],[-75.36768,3.23371],[-75.36321,3.24031],[-75.36163,3.24482],[-75.35939,3.24625],[-75.35672,3.25068],[-75.35371,3.25382],[-75.3426,3.26314],[-75.33742,3.27173],[-75.33722,3.27402],[-75.34127,3.27846],[-75.34507,3.27944],[-75.34734,3.28116],[-75.35274,3.28203],[-75.35503,3.28402],[-75.35898,3.28129],[-75.35951,3.27985],[-75.35892,3.27848],[-75.3631,3.27347],[-75.36303,3.26892],[-75.36527,3.26591],[-75.36689,3.26572],[-75.36929,3.26731],[-75.37179,3.27577],[-75.37566,3.27576],[-75.37886,3.27473],[-75.38176,3.27047],[-75.38474,3.26808],[-75.38702,3.26783],[-75.38671,3.26296],[-75.39227,3.26094],[-75.39228,3.26015],[-75.39027,3.25912],[-75.39061,3.25844],[-75.39854,3.25692],[-75.39956,3.25286],[-75.40055,3.25266],[-75.40169,3.25377],[-75.40353,3.25316],[-75.40516,3.25216],[-75.40562,3.25008],[-75.4113,3.24879],[-75.41622,3.25182],[-75.41895,3.25132],[-75.42099,3.25025],[-75.42196,3.24845],[-75.42373,3.24827],[-75.42438,3.24683],[-75.42616,3.24654],[-75.42866,3.24812],[-75.43067,3.24825],[-75.43126,3.24579],[-75.43448,3.24487],[-75.43458,3.24345],[-75.43625,3.243],[-75.43732,3.2438],[-75.43932,3.24232],[-75.44075,3.24434],[-75.44487,3.24529],[-75.44512,3.24797],[-75.44672,3.24806],[-75.44993,3.2499],[-75.45145,3.24886],[-75.45356,3.24879],[-75.45387,3.24686],[-75.45515,3.24594],[-75.45716,3.24621],[-75.45817,3.24389],[-75.46076,3.24293],[-75.46192,3.24092],[-75.46447,3.24168],[-75.4693,3.24934],[-75.47302,3.24987],[-75.47727,3.24813],[-75.47819,3.24695],[-75.47992,3.24303],[-75.48156,3.24178],[-75.48053,3.24005],[-75.48178,3.2364],[-75.48405,3.23643],[-75.48377,3.23314],[-75.48519,3.23034],[-75.48634,3.22976],[-75.48801,3.23021],[-75.49128,3.22978],[-75.49219,3.22899],[-75.49501,3.22917],[-75.49583,3.23051],[-75.49836,3.23066],[-75.49883,3.22913],[-75.50319,3.2281],[-75.50559,3.2294],[-75.50649,3.22832],[-75.50799,3.22892],[-75.50886,3.23125],[-75.50895,3.22926],[-75.51079,3.22883],[-75.51172,3.2309],[-75.51774,3.2312],[-75.51921,3.22991],[-75.51892,3.22879],[-75.52332,3.2324],[-75.52541,3.23161],[-75.52626,3.23352],[-75.53032,3.23222],[-75.53402,3.2275],[-75.53418,3.22495],[-75.53696,3.22395],[-75.53776,3.22289],[-75.53873,3.22312],[-75.53917,3.22125],[-75.54102,3.22069],[-75.54094,3.21957],[-75.54196,3.21865],[-75.54508,3.21713],[-75.54669,3.2151],[-75.54822,3.21509],[-75.54951,3.21408],[-75.54959,3.21274],[-75.55137,3.21268],[-75.55087,3.21181],[-75.55221,3.21155],[-75.55168,3.21073],[-75.55332,3.21004],[-75.55387,3.20828],[-75.55649,3.20719],[-75.55652,3.20572],[-75.55732,3.20448],[-75.55793,3.20487],[-75.55819,3.20373],[-75.56034,3.20434],[-75.56274,3.20197],[-75.56255,3.19933],[-75.56597,3.19347],[-75.56592,3.19216],[-75.56804,3.1879],[-75.56773,3.18612],[-75.56852,3.18362],[-75.57056,3.18024],[-75.57137,3.17624],[-75.57094,3.17149],[-75.57304,3.16501],[-75.57435,3.16416],[-75.5762,3.15933],[-75.57827,3.15749],[-75.57913,3.15552],[-75.5848,3.15015],[-75.58851,3.15582],[-75.58694,3.15862],[-75.58594,3.16351],[-75.58225,3.16884],[-75.58223,3.17125],[-75.58478,3.17498],[-75.58499,3.17681],[-75.58322,3.17865],[-75.58292,3.18048],[-75.57883,3.18366],[-75.57748,3.18568],[-75.57649,3.18889],[-75.57801,3.19419],[-75.57636,3.19773],[-75.57255,3.20066],[-75.57429,3.20204],[-75.57586,3.20627],[-75.57364,3.20934],[-75.57153,3.21072],[-75.57307,3.21374],[-75.57265,3.21803],[-75.57583,3.22088],[-75.5775,3.22141],[-75.57592,3.22841],[-75.5721,3.23192],[-75.57167,3.23528],[-75.56932,3.24083],[-75.5659,3.2429],[-75.56104,3.24808],[-75.5588,3.24886],[-75.55823,3.2513],[-75.55434,3.25609],[-75.54979,3.25708],[-75.54617,3.26536],[-75.54546,3.27052],[-75.54248,3.27598],[-75.53679,3.2802],[-75.53029,3.28643],[-75.53144,3.29102],[-75.53067,3.29281],[-75.52474,3.29712],[-75.52195,3.30123],[-75.522,3.30687],[-75.52322,3.31092],[-75.52276,3.31249],[-75.5276,3.31756],[-75.52508,3.32119],[-75.51932,3.32522],[-75.51696,3.32566],[-75.51618,3.32679],[-75.51489,3.32549],[-75.51393,3.32714],[-75.51109,3.32876],[-75.50804,3.32585],[-75.50325,3.32371],[-75.50221,3.32421],[-75.50139,3.32299],[-75.4999,3.32338],[-75.49854,3.3214],[-75.49761,3.32248],[-75.49648,3.32201],[-75.49366,3.32363],[-75.49222,3.32568],[-75.49042,3.32591],[-75.49066,3.32701],[-75.48888,3.32807],[-75.48599,3.33202],[-75.48546,3.33395],[-75.48628,3.33477],[-75.48703,3.33962],[-75.48654,3.34595],[-75.48505,3.34897],[-75.48081,3.35318],[-75.48142,3.35499],[-75.48218,3.35506],[-75.48093,3.35659],[-75.48201,3.35822],[-75.48122,3.35982],[-75.4788,3.36114],[-75.47594,3.36046],[-75.47386,3.35789],[-75.47114,3.35949],[-75.46904,3.35718],[-75.46688,3.35792],[-75.46287,3.35438],[-75.45538,3.35525],[-75.45139,3.35434],[-75.44968,3.35619],[-75.44487,3.35684],[-75.44111,3.34715],[-75.44146,3.34588],[-75.44035,3.34525],[-75.439,3.34811],[-75.43727,3.3478],[-75.43606,3.34944],[-75.4347,3.34865],[-75.43241,3.34904],[-75.42976,3.35185],[-75.4261,3.3525],[-75.42665,3.35512],[-75.42545,3.35541],[-75.42245,3.36126],[-75.4186,3.36222],[-75.41902,3.36385],[-75.41709,3.36476],[-75.41515,3.36733],[-75.41661,3.36949],[-75.41497,3.37123],[-75.41285,3.37166],[-75.41212,3.36983],[-75.41071,3.37007],[-75.40967,3.36897],[-75.40903,3.36897],[-75.40849,3.37056],[-75.40669,3.36945],[-75.40349,3.37091],[-75.40147,3.37404],[-75.39622,3.37738],[-75.38986,3.37569],[-75.38811,3.37672],[-75.38539,3.37503],[-75.37506,3.37515],[-75.37764,3.37746],[-75.37722,3.38194],[-75.37516,3.38412],[-75.37297,3.3846],[-75.37337,3.38567],[-75.37101,3.38789],[-75.37274,3.3902],[-75.37367,3.39514],[-75.37289,3.3962],[-75.37053,3.39626],[-75.37021,3.39823],[-75.37119,3.40058],[-75.36915,3.40447],[-75.36646,3.40658],[-75.36482,3.40719],[-75.36368,3.40588],[-75.36241,3.40826],[-75.36029,3.40915],[-75.35943,3.40774],[-75.35833,3.40859],[-75.35691,3.4079],[-75.35667,3.40611],[-75.35845,3.40514],[-75.35682,3.40434],[-75.35623,3.40291],[-75.35144,3.40257],[-75.35034,3.40273],[-75.34822,3.40481],[-75.34551,3.40516],[-75.34399,3.40407],[-75.34335,3.40533],[-75.34149,3.4054],[-75.33972,3.40205],[-75.34151,3.39837],[-75.34029,3.39797],[-75.33898,3.40014],[-75.33505,3.39952],[-75.32997,3.40156],[-75.32854,3.40365],[-75.32662,3.40373],[-75.32388,3.40767],[-75.32177,3.40804],[-75.32116,3.40895],[-75.32326,3.41086],[-75.32298,3.41472],[-75.3215,3.4165],[-75.32125,3.41824],[-75.31851,3.4195]]]}},{"type":"Feature","properties":{"nombre":"Villavieja","codigo":"41872","departamento":"Huila","zona":"Norte","lat":3.28306,"lon":-75.12174},"geometry":{"type":"Polygon","coordinates":[[[-75.14362,3.43542],[-75.13167,3.43029],[-75.12392,3.4308],[-75.12145,3.43313],[-75.06464,3.43116],[-75.05932,3.43278],[-75.05489,3.43117],[-75.04603,3.43153],[-75.04203,3.42831],[-75.03696,3.42953],[-75.03446,3.42792],[-75.03738,3.42339],[-75.03978,3.42194],[-75.04113,3.41836],[-75.04219,3.41782],[-75.04244,3.41432],[-75.04178,3.41261],[-75.04273,3.40844],[-75.0418,3.40708],[-75.03461,3.40389],[-75.03236,3.40111],[-75.03023,3.4005],[-75.02821,3.39655],[-75.02765,3.39139],[-75.03487,3.3905],[-75.03245,3.38583],[-75.0353,3.38494],[-75.04277,3.38509],[-75.04414,3.38345],[-75.04732,3.38244],[-75.04886,3.38103],[-75.05459,3.38034],[-75.05688,3.37799],[-75.05499,3.368],[-75.06011,3.36508],[-75.05473,3.36031],[-75.05487,3.35855],[-75.05712,3.35678],[-75.05982,3.35208],[-75.05879,3.34801],[-75.05701,3.34622],[-75.05565,3.34289],[-75.0576,3.33625],[-75.05537,3.33409],[-75.05501,3.33222],[-75.05993,3.32156],[-75.0579,3.31466],[-75.05829,3.31284],[-75.05995,3.31153],[-75.06358,3.31137],[-75.06475,3.31046],[-75.06704,3.30404],[-75.07105,3.30077],[-75.06946,3.29901],[-75.07061,3.2953],[-75.06891,3.2958],[-75.0669,3.29384],[-75.06388,3.29362],[-75.06146,3.29024],[-75.05865,3.29274],[-75.05609,3.2909],[-75.05005,3.29065],[-75.04597,3.29184],[-75.04336,3.28976],[-75.03629,3.28691],[-75.03538,3.28693],[-75.03444,3.28823],[-75.02899,3.28715],[-75.02571,3.28843],[-75.02159,3.28882],[-75.01865,3.28757],[-75.01355,3.28772],[-75.01076,3.28596],[-75.00949,3.28197],[-75.00794,3.2804],[-75.00909,3.27932],[-75.01093,3.27926],[-75.01757,3.27647],[-75.02522,3.26627],[-75.03324,3.24974],[-75.03985,3.24388],[-75.0496,3.23038],[-75.05133,3.22398],[-75.05115,3.2213],[-75.04678,3.20786],[-75.04265,3.2006],[-75.04583,3.19829],[-75.04944,3.19883],[-75.05259,3.20243],[-75.05399,3.20181],[-75.05582,3.20255],[-75.05852,3.19995],[-75.0607,3.20038],[-75.06184,3.19835],[-75.06405,3.19857],[-75.06402,3.19742],[-75.06531,3.19692],[-75.06637,3.19527],[-75.06996,3.19558],[-75.07284,3.19285],[-75.07523,3.19203],[-75.07712,3.18969],[-75.07949,3.19022],[-75.08136,3.1893],[-75.0822,3.1905],[-75.08373,3.19088],[-75.08424,3.18968],[-75.08847,3.18844],[-75.09071,3.18408],[-75.09335,3.18364],[-75.09378,3.18614],[-75.09612,3.18808],[-75.09931,3.18649],[-75.09904,3.18844],[-75.10038,3.19121],[-75.10307,3.19057],[-75.10407,3.19201],[-75.10634,3.19185],[-75.10661,3.19271],[-75.10811,3.19266],[-75.11052,3.18916],[-75.11179,3.19157],[-75.11534,3.19113],[-75.11534,3.19296],[-75.11665,3.1948],[-75.11988,3.19336],[-75.12356,3.19345],[-75.12489,3.19918],[-75.12614,3.19762],[-75.12804,3.19712],[-75.13014,3.19778],[-75.13077,3.19901],[-75.13182,3.19904],[-75.13223,3.19825],[-75.13422,3.20032],[-75.13709,3.1909],[-75.13961,3.19097],[-75.14586,3.1701],[-75.15003,3.166],[-75.15085,3.16097],[-75.15279,3.15663],[-75.15725,3.15107],[-75.1579,3.1487],[-75.15688,3.14591],[-75.16363,3.13758],[-75.16287,3.13464],[-75.16587,3.13526],[-75.1671,3.13712],[-75.16901,3.13599],[-75.16976,3.1364],[-75.17036,3.14029],[-75.16671,3.14194],[-75.16865,3.14382],[-75.17058,3.14407],[-75.17119,3.14269],[-75.17385,3.14073],[-75.17567,3.14049],[-75.17486,3.14192],[-75.17769,3.14394],[-75.17918,3.1461],[-75.17941,3.15076],[-75.18247,3.15521],[-75.18196,3.16009],[-75.18295,3.16228],[-75.18381,3.1605],[-75.18358,3.15773],[-75.18542,3.15616],[-75.18816,3.1626],[-75.189,3.16277],[-75.19098,3.16121],[-75.19291,3.16403],[-75.19621,3.16599],[-75.20057,3.16481],[-75.20334,3.16758],[-75.20765,3.16871],[-75.21023,3.16786],[-75.21259,3.16568],[-75.21437,3.1656],[-75.21476,3.16728],[-75.21214,3.16898],[-75.21307,3.17074],[-75.21661,3.17115],[-75.21849,3.17291],[-75.21928,3.17482],[-75.21876,3.18205],[-75.22019,3.18323],[-75.22129,3.17799],[-75.22674,3.17005],[-75.22971,3.16841],[-75.23155,3.16365],[-75.23256,3.1574],[-75.23057,3.15569],[-75.23037,3.15398],[-75.23212,3.14823],[-75.23049,3.13661],[-75.2316,3.13589],[-75.23043,3.1357],[-75.2285,3.13317],[-75.23241,3.13344],[-75.23495,3.13173],[-75.23831,3.13334],[-75.23961,3.13587],[-75.24215,3.13334],[-75.24699,3.1353],[-75.25017,3.13315],[-75.25216,3.13357],[-75.25465,3.13274],[-75.2569,3.13683],[-75.26017,3.13637],[-75.26068,3.13765],[-75.26218,3.13796],[-75.26369,3.13951],[-75.26604,3.1396],[-75.26746,3.1406],[-75.26766,3.14326],[-75.26901,3.14625],[-75.27038,3.14796],[-75.27227,3.14865],[-75.2731,3.15338],[-75.27429,3.15472],[-75.27563,3.15879],[-75.27537,3.16141],[-75.27361,3.16442],[-75.26894,3.16617],[-75.26713,3.16793],[-75.26564,3.17245],[-75.26564,3.17503],[-75.26171,3.17854],[-75.25807,3.18643],[-75.25636,3.18822],[-75.25279,3.1895],[-75.24211,3.19662],[-75.23657,3.1974],[-75.22937,3.20153],[-75.23189,3.21324],[-75.23086,3.22386],[-75.22595,3.22464],[-75.22399,3.23022],[-75.224,3.2395],[-75.22612,3.24132],[-75.22625,3.2424],[-75.22577,3.24747],[-75.2248,3.24885],[-75.22691,3.25689],[-75.22961,3.25867],[-75.23272,3.26316],[-75.23242,3.27926],[-75.2351,3.28547],[-75.23941,3.29142],[-75.23737,3.29724],[-75.23964,3.30776],[-75.23912,3.31032],[-75.23562,3.31427],[-75.22528,3.31776],[-75.22297,3.3215],[-75.22259,3.32597],[-75.22063,3.32891],[-75.20445,3.33051],[-75.20362,3.33334],[-75.20445,3.33596],[-75.20629,3.33907],[-75.21659,3.34631],[-75.21687,3.35188],[-75.21507,3.35357],[-75.212,3.3529],[-75.20945,3.35116],[-75.20558,3.34591],[-75.20212,3.34483],[-75.20093,3.34621],[-75.19959,3.35036],[-75.18956,3.36365],[-75.18891,3.36703],[-75.18625,3.36875],[-75.18335,3.36899],[-75.17823,3.37323],[-75.17295,3.37595],[-75.17242,3.38747],[-75.17499,3.39861],[-75.17416,3.40869],[-75.17184,3.41222],[-75.16955,3.41352],[-75.16536,3.41468],[-75.15773,3.41453],[-75.15331,3.41845],[-75.1516,3.41868],[-75.14927,3.42137],[-75.15273,3.42435],[-75.15356,3.4261],[-75.15257,3.43122],[-75.14972,3.43494],[-75.14743,3.43582],[-75.14362,3.43542]]]}},{"type":"Feature","properties":{"nombre":"Colombia","codigo":"41206","departamento":"Huila","zona":"Norte","lat":3.46977,"lon":-74.70297},"geometry":{"type":"Polygon","coordinates":[[[-74.53474,3.84321],[-74.52304,3.83753],[-74.51853,3.836],[-74.51563,3.83593],[-74.51214,3.83432],[-74.50923,3.83202],[-74.50853,3.82732],[-74.50709,3.82449],[-74.50168,3.82155],[-74.49877,3.82172],[-74.495,3.81915],[-74.4902,3.81761],[-74.48609,3.81744],[-74.48352,3.81847],[-74.48147,3.82001],[-74.47932,3.82354],[-74.47702,3.82434],[-74.475,3.8242],[-74.4712,3.82203],[-74.46245,3.81915],[-74.45742,3.81898],[-74.45351,3.82024],[-74.45023,3.81899],[-74.44694,3.80979],[-74.4453,3.8008],[-74.44617,3.79894],[-74.45042,3.79459],[-74.45008,3.79129],[-74.45354,3.78501],[-74.45819,3.77263],[-74.45958,3.76462],[-74.45929,3.75881],[-74.45774,3.75572],[-74.45783,3.75404],[-74.45858,3.7513],[-74.46236,3.74578],[-74.46345,3.7409],[-74.46031,3.73642],[-74.45265,3.7305],[-74.44212,3.73023],[-74.43935,3.7307],[-74.43286,3.73458],[-74.42902,3.73714],[-74.42469,3.74142],[-74.41779,3.74196],[-74.41593,3.74083],[-74.41684,3.73764],[-74.4167,3.73173],[-74.41425,3.72905],[-74.41304,3.72564],[-74.41331,3.72376],[-74.41841,3.72186],[-74.42065,3.71542],[-74.42448,3.7084],[-74.42708,3.70787],[-74.43593,3.70881],[-74.43774,3.70863],[-74.43899,3.70726],[-74.43777,3.7002],[-74.43839,3.69878],[-74.44375,3.69314],[-74.45095,3.6922],[-74.45185,3.6914],[-74.45436,3.68699],[-74.46105,3.6672],[-74.4645,3.66419],[-74.47447,3.66318],[-74.47794,3.66431],[-74.47965,3.66795],[-74.48243,3.66754],[-74.48514,3.66519],[-74.48767,3.65926],[-74.49156,3.65418],[-74.49585,3.65012],[-74.50066,3.64822],[-74.50286,3.64628],[-74.50796,3.63762],[-74.51029,3.62682],[-74.5126,3.62126],[-74.5153,3.60808],[-74.51409,3.60366],[-74.5142,3.60093],[-74.5155,3.59979],[-74.51912,3.59972],[-74.52167,3.59879],[-74.52472,3.5952],[-74.52758,3.58841],[-74.52791,3.58385],[-74.52726,3.58221],[-74.5241,3.57974],[-74.53739,3.55979],[-74.54659,3.54979],[-74.54931,3.5479],[-74.55488,3.53842],[-74.55973,3.53288],[-74.56363,3.5259],[-74.56648,3.52241],[-74.56862,3.52186],[-74.57011,3.52465],[-74.57193,3.52529],[-74.57454,3.52482],[-74.57676,3.52332],[-74.58079,3.52357],[-74.58244,3.52627],[-74.58244,3.52881],[-74.58425,3.52977],[-74.58615,3.52978],[-74.59067,3.52733],[-74.59178,3.52248],[-74.5929,3.52106],[-74.60312,3.51401],[-74.60376,3.50758],[-74.60696,3.5029],[-74.60707,3.50166],[-74.61098,3.49812],[-74.61507,3.49086],[-74.62082,3.48569],[-74.62122,3.48303],[-74.62476,3.47987],[-74.63053,3.4713],[-74.63053,3.46851],[-74.62476,3.46441],[-74.61551,3.45954],[-74.6147,3.45417],[-74.61209,3.44914],[-74.61191,3.44597],[-74.61582,3.43387],[-74.61787,3.43182],[-74.6175,3.4294],[-74.61507,3.42605],[-74.6147,3.42139],[-74.61358,3.41916],[-74.60622,3.4151],[-74.60567,3.41414],[-74.60912,3.40612],[-74.61191,3.40314],[-74.61787,3.3996],[-74.62398,3.39305],[-74.62552,3.38525],[-74.62196,3.37929],[-74.62214,3.37828],[-74.62388,3.37626],[-74.63382,3.37305],[-74.63984,3.36837],[-74.63729,3.36369],[-74.63153,3.35755],[-74.63126,3.35397],[-74.62724,3.35095],[-74.62705,3.34517],[-74.62401,3.34113],[-74.62364,3.33834],[-74.61787,3.33051],[-74.61638,3.32456],[-74.61656,3.32102],[-74.62066,3.31059],[-74.62439,3.30519],[-74.62606,3.29979],[-74.62271,3.29588],[-74.61953,3.29458],[-74.6173,3.29177],[-74.61633,3.2878],[-74.62641,3.28459],[-74.63553,3.27848],[-74.63669,3.27276],[-74.64183,3.26937],[-74.64329,3.26452],[-74.64756,3.26161],[-74.64989,3.25744],[-74.6496,3.25575],[-74.65658,3.24759],[-74.65789,3.2435],[-74.65784,3.24027],[-74.66637,3.23009],[-74.66705,3.22068],[-74.6687,3.21777],[-74.66657,3.21186],[-74.66686,3.2073],[-74.67074,3.19653],[-74.67035,3.19517],[-74.67268,3.19032],[-74.67326,3.18635],[-74.68412,3.18237],[-74.69664,3.17314],[-74.70115,3.17244],[-74.70711,3.17015],[-74.71166,3.17073],[-74.71302,3.16996],[-74.71369,3.16791],[-74.71907,3.16073],[-74.72155,3.15935],[-74.72266,3.15756],[-74.72224,3.15356],[-74.72569,3.1479],[-74.72473,3.1421],[-74.72721,3.13796],[-74.73673,3.13272],[-74.7457,3.12596],[-74.74887,3.12251],[-74.74804,3.11865],[-74.74942,3.11382],[-74.74901,3.11023],[-74.75094,3.10816],[-74.75867,3.1054],[-74.76433,3.10513],[-74.76598,3.10237],[-74.76612,3.10057],[-74.76502,3.09892],[-74.76596,3.09686],[-74.76876,3.09776],[-74.77138,3.09668],[-74.77309,3.0977],[-74.77385,3.09958],[-74.7787,3.09815],[-74.78149,3.09892],[-74.78375,3.0982],[-74.78495,3.10027],[-74.78738,3.1015],[-74.78952,3.10455],[-74.79125,3.10515],[-74.79364,3.10427],[-74.79741,3.10602],[-74.79942,3.10565],[-74.80134,3.10758],[-74.80208,3.10747],[-74.80466,3.11063],[-74.80739,3.11176],[-74.80991,3.11483],[-74.8108,3.11761],[-74.8132,3.11978],[-74.81455,3.12388],[-74.81423,3.12489],[-74.81612,3.12861],[-74.81537,3.13025],[-74.81586,3.13102],[-74.8195,3.13078],[-74.8216,3.13145],[-74.82692,3.12884],[-74.83489,3.12966],[-74.83915,3.133],[-74.83994,3.13471],[-74.83976,3.13749],[-74.84106,3.13976],[-74.84709,3.14211],[-74.84874,3.14383],[-74.8486,3.14524],[-74.8505,3.14807],[-74.85217,3.14866],[-74.85268,3.15304],[-74.85555,3.15729],[-74.85129,3.15999],[-74.8509,3.16136],[-74.85177,3.16316],[-74.84912,3.16465],[-74.84942,3.1659],[-74.84826,3.16759],[-74.84865,3.16876],[-74.84742,3.17107],[-74.84724,3.17385],[-74.84501,3.17572],[-74.84532,3.17706],[-74.84409,3.17882],[-74.84503,3.18345],[-74.84923,3.18732],[-74.85028,3.18655],[-74.85197,3.18698],[-74.85326,3.19189],[-74.85524,3.19434],[-74.85538,3.19845],[-74.85766,3.20071],[-74.85801,3.20573],[-74.85906,3.20773],[-74.85776,3.20947],[-74.86027,3.21196],[-74.86056,3.21429],[-74.86193,3.21525],[-74.86183,3.21687],[-74.86269,3.21706],[-74.86355,3.21911],[-74.86268,3.22136],[-74.86692,3.22626],[-74.87666,3.2337],[-74.87664,3.2368],[-74.87954,3.23801],[-74.88209,3.24038],[-74.88641,3.24062],[-74.88728,3.24374],[-74.88894,3.24495],[-74.89055,3.24442],[-74.89101,3.24697],[-74.89348,3.24797],[-74.89416,3.25107],[-74.89612,3.25159],[-74.90012,3.2575],[-74.89964,3.25981],[-74.90217,3.26292],[-74.90198,3.26867],[-74.90296,3.2703],[-74.90157,3.27735],[-74.90312,3.27833],[-74.9041,3.2803],[-74.90596,3.2788],[-74.90713,3.27916],[-74.90852,3.28387],[-74.90746,3.28626],[-74.9092,3.29053],[-74.90695,3.29054],[-74.90349,3.29269],[-74.89925,3.29781],[-74.89522,3.30072],[-74.89372,3.30325],[-74.89114,3.30349],[-74.88997,3.30683],[-74.88724,3.3078],[-74.88449,3.3133],[-74.88301,3.31467],[-74.88123,3.31422],[-74.8799,3.31491],[-74.8794,3.31877],[-74.87633,3.31964],[-74.87489,3.32117],[-74.8748,3.32213],[-74.87664,3.32437],[-74.87548,3.32613],[-74.874,3.32692],[-74.86693,3.32766],[-74.86408,3.33127],[-74.86029,3.33228],[-74.85915,3.33483],[-74.85715,3.33652],[-74.85124,3.34021],[-74.84849,3.34083],[-74.84807,3.34274],[-74.84954,3.34745],[-74.84867,3.35174],[-74.84561,3.35629],[-74.83977,3.36085],[-74.83564,3.36719],[-74.83114,3.36961],[-74.83112,3.37093],[-74.82709,3.37675],[-74.82745,3.38011],[-74.82567,3.38888],[-74.82414,3.39014],[-74.82175,3.38948],[-74.81829,3.39327],[-74.81532,3.39347],[-74.81488,3.39579],[-74.81769,3.39985],[-74.81806,3.40209],[-74.81635,3.40643],[-74.81233,3.40836],[-74.81029,3.41216],[-74.80578,3.41287],[-74.80537,3.41575],[-74.80326,3.41574],[-74.79799,3.41818],[-74.79138,3.42362],[-74.78495,3.42515],[-74.78273,3.42851],[-74.78049,3.42944],[-74.77932,3.43215],[-74.7768,3.43368],[-74.77666,3.43559],[-74.77563,3.43633],[-74.77231,3.43643],[-74.76949,3.43933],[-74.76451,3.44088],[-74.76423,3.44754],[-74.76155,3.44981],[-74.76171,3.45461],[-74.76524,3.45631],[-74.76447,3.45938],[-74.76597,3.46145],[-74.77174,3.46404],[-74.77533,3.4696],[-74.77543,3.47167],[-74.77724,3.47284],[-74.77731,3.47479],[-74.77882,3.47512],[-74.78083,3.47901],[-74.77973,3.48447],[-74.7829,3.49285],[-74.7823,3.49729],[-74.78062,3.49916],[-74.7796,3.50354],[-74.78017,3.50523],[-74.77906,3.5069],[-74.78072,3.50971],[-74.77792,3.51137],[-74.77719,3.51294],[-74.77638,3.51726],[-74.77492,3.5187],[-74.77476,3.52415],[-74.76924,3.53012],[-74.75587,3.53187],[-74.75316,3.5306],[-74.75163,3.52796],[-74.74758,3.52773],[-74.74628,3.53013],[-74.74409,3.53057],[-74.74281,3.53274],[-74.74073,3.53365],[-74.73855,3.53607],[-74.73361,3.54445],[-74.73308,3.54753],[-74.72863,3.55158],[-74.72848,3.55468],[-74.72676,3.55827],[-74.72723,3.55991],[-74.72665,3.56201],[-74.73386,3.56636],[-74.73287,3.57056],[-74.73415,3.57157],[-74.73524,3.57929],[-74.73624,3.58166],[-74.73849,3.58092],[-74.73951,3.58182],[-74.73852,3.58398],[-74.73963,3.58621],[-74.73856,3.59041],[-74.73687,3.59245],[-74.72957,3.59751],[-74.72831,3.60073],[-74.72571,3.60338],[-74.72508,3.6089],[-74.72279,3.61037],[-74.72022,3.61411],[-74.71707,3.61504],[-74.715,3.61241],[-74.71219,3.61065],[-74.71038,3.61168],[-74.70883,3.61144],[-74.70699,3.61324],[-74.70321,3.61435],[-74.70232,3.61576],[-74.70098,3.61572],[-74.69939,3.61844],[-74.70056,3.61919],[-74.69873,3.62656],[-74.69929,3.62988],[-74.69837,3.63266],[-74.69938,3.63506],[-74.69774,3.63768],[-74.69739,3.64163],[-74.69432,3.64166],[-74.69094,3.64503],[-74.68923,3.64767],[-74.68906,3.65217],[-74.68558,3.65615],[-74.68291,3.65769],[-74.68248,3.65923],[-74.68079,3.6601],[-74.67795,3.66375],[-74.67625,3.66649],[-74.67659,3.66767],[-74.67538,3.67172],[-74.67235,3.67112],[-74.66787,3.67373],[-74.66385,3.67311],[-74.66089,3.67605],[-74.66115,3.67836],[-74.65809,3.68162],[-74.65667,3.68191],[-74.6553,3.68113],[-74.653,3.6828],[-74.65052,3.68346],[-74.64946,3.68294],[-74.6483,3.68386],[-74.64727,3.68309],[-74.64502,3.68668],[-74.64307,3.68674],[-74.64214,3.68797],[-74.64074,3.68766],[-74.64056,3.68994],[-74.63774,3.68997],[-74.63706,3.69145],[-74.63095,3.69637],[-74.62782,3.69834],[-74.62487,3.69874],[-74.62419,3.70075],[-74.6171,3.70833],[-74.61476,3.71248],[-74.60923,3.71539],[-74.60498,3.72063],[-74.60248,3.72095],[-74.60102,3.72222],[-74.59797,3.72238],[-74.59633,3.72493],[-74.59078,3.72946],[-74.58717,3.73425],[-74.58693,3.73817],[-74.58524,3.74072],[-74.58239,3.74219],[-74.58145,3.74398],[-74.57803,3.74637],[-74.5751,3.75022],[-74.56688,3.75681],[-74.56164,3.76271],[-74.56108,3.7669],[-74.55985,3.76747],[-74.5576,3.76707],[-74.55764,3.77326],[-74.55704,3.77471],[-74.55538,3.77517],[-74.55424,3.77654],[-74.55427,3.7792],[-74.55286,3.78211],[-74.55307,3.78459],[-74.54961,3.78794],[-74.54642,3.79325],[-74.54674,3.80272],[-74.54488,3.80724],[-74.54174,3.81335],[-74.53982,3.8139],[-74.53611,3.81667],[-74.53454,3.82102],[-74.53676,3.82431],[-74.53683,3.82728],[-74.53477,3.82976],[-74.53452,3.83409],[-74.53132,3.83647],[-74.53107,3.83799],[-74.53188,3.84102],[-74.53474,3.84321]]]}},{"type":"Feature","properties":{"nombre":"San Vicente Del Caguán","codigo":"18753","departamento":"Caquetá","zona":"Norte","lat":1.73743,"lon":-74.30876},"geometry":{"type":"Polygon","coordinates":[[[-74.6,2.63625],[-74.60208,2.63583],[-74.60583,2.63667],[-74.60625,2.635],[-74.60917,2.63333],[-74.60958,2.63],[-74.61125,2.6275],[-74.61208,2.62333],[-74.61333,2.6225],[-74.61459,2.62333],[-74.615,2.625],[-74.61916,2.62542],[-74.62125,2.62667],[-74.62417,2.62583],[-74.625,2.61833],[-74.63333,2.61458],[-74.63583,2.61125],[-74.64167,2.60875],[-74.64792,2.60167],[-74.64917,2.5975],[-74.64584,2.5875],[-74.6475,2.58708],[-74.65417,2.58042],[-74.66,2.57875],[-74.6675,2.57208],[-74.66917,2.57167],[-74.67,2.56833],[-74.67167,2.56792],[-74.67375,2.56583],[-74.67833,2.55958],[-74.68166,2.55833],[-74.68125,2.55333],[-74.67875,2.55],[-74.67792,2.545],[-74.67583,2.54417],[-74.675,2.53958],[-74.67917,2.53292],[-74.67667,2.525],[-74.6775,2.52375],[-74.67333,2.51958],[-74.6625,2.51458],[-74.65833,2.51375],[-74.65708,2.5125],[-74.65459,2.50417],[-74.65125,2.50167],[-74.65041,2.49833],[-74.6475,2.49375],[-74.64917,2.49083],[-74.65459,2.49167],[-74.66084,2.49083],[-74.66084,2.48917],[-74.66292,2.48833],[-74.66333,2.48667],[-74.66167,2.47542],[-74.66209,2.47167],[-74.66458,2.46667],[-74.66875,2.45167],[-74.67333,2.44583],[-74.67167,2.43917],[-74.6725,2.43667],[-74.67083,2.43375],[-74.67292,2.425],[-74.67709,2.42417],[-74.68208,2.425],[-74.68375,2.42417],[-74.685,2.425],[-74.69,2.42292],[-74.69292,2.42],[-74.69625,2.41417],[-74.69708,2.41083],[-74.69875,2.40917],[-74.69958,2.405],[-74.70208,2.4],[-74.70292,2.395],[-74.70458,2.39333],[-74.70541,2.3875],[-74.70667,2.38625],[-74.70583,2.38375],[-74.70625,2.38167],[-74.70792,2.37917],[-74.70875,2.37583],[-74.71208,2.37083],[-74.71542,2.3675],[-74.71917,2.36],[-74.72708,2.35917],[-74.73125,2.35],[-74.73375,2.34667],[-74.73708,2.335],[-74.73959,2.33083],[-74.74125,2.31917],[-74.7425,2.3175],[-74.74084,2.31292],[-74.74208,2.3075],[-74.74416,2.305],[-74.74333,2.30333],[-74.74458,2.29417],[-74.74875,2.2825],[-74.74917,2.27833],[-74.75083,2.27792],[-74.74875,2.27583],[-74.74834,2.27417],[-74.74125,2.27167],[-74.74,2.27292],[-74.73666,2.27375],[-74.735,2.27542],[-74.73583,2.2775],[-74.73417,2.2775],[-74.73417,2.28083],[-74.73,2.28],[-74.72667,2.27333],[-74.7275,2.27083],[-74.72916,2.27083],[-74.72875,2.26917],[-74.72166,2.265],[-74.72,2.26583],[-74.71584,2.26333],[-74.71416,2.26375],[-74.71584,2.26917],[-74.71542,2.27083],[-74.71291,2.27583],[-74.71125,2.2775],[-74.70917,2.28375],[-74.69791,2.285],[-74.69334,2.28417],[-74.69458,2.28],[-74.70042,2.27667],[-74.70167,2.27333],[-74.70125,2.27167],[-74.7,2.27042],[-74.69667,2.27],[-74.69292,2.27083],[-74.69167,2.26792],[-74.68667,2.26625],[-74.68584,2.26417],[-74.68417,2.26417],[-74.68417,2.26],[-74.6775,2.25625],[-74.67167,2.25583],[-74.67167,2.25417],[-74.66583,2.25167],[-74.66209,2.2525],[-74.65916,2.25208],[-74.65417,2.24792],[-74.655,2.245],[-74.65459,2.2425],[-74.65083,2.24125],[-74.65,2.24],[-74.65083,2.2375],[-74.65,2.23292],[-74.65083,2.2275],[-74.66,2.22667],[-74.66042,2.2225],[-74.66333,2.215],[-74.6675,2.21458],[-74.665,2.21125],[-74.66417,2.21083],[-74.66292,2.21167],[-74.65292,2.2075],[-74.64667,2.21042],[-74.64417,2.21083],[-74.64333,2.2025],[-74.635,2.19875],[-74.63416,2.19792],[-74.635,2.19667],[-74.63416,2.19542],[-74.63,2.195],[-74.62917,2.19292],[-74.62708,2.1925],[-74.625,2.1925],[-74.62417,2.19583],[-74.62167,2.19625],[-74.62,2.19792],[-74.61583,2.19958],[-74.615,2.2025],[-74.6125,2.20292],[-74.61125,2.20417],[-74.61083,2.20833],[-74.6075,2.20792],[-74.60333,2.20417],[-74.5975,2.205],[-74.5975,2.20167],[-74.59167,2.20167],[-74.59125,2.2],[-74.58958,2.19833],[-74.58916,2.1925],[-74.59333,2.19083],[-74.59333,2.19],[-74.5925,2.1875],[-74.59,2.18625],[-74.59125,2.18333],[-74.59167,2.17958],[-74.59084,2.17458],[-74.59167,2.17292],[-74.58916,2.17167],[-74.58916,2.17],[-74.59125,2.16917],[-74.5925,2.16375],[-74.59666,2.16333],[-74.59792,2.16583],[-74.60167,2.16375],[-74.6025,2.16167],[-74.60416,2.16167],[-74.60333,2.15958],[-74.60416,2.15667],[-74.60208,2.15583],[-74.59792,2.1475],[-74.59583,2.14667],[-74.59583,2.14333],[-74.59333,2.14333],[-74.59417,2.13917],[-74.59333,2.13458],[-74.58667,2.13292],[-74.58375,2.13],[-74.58334,2.12833],[-74.58125,2.1275],[-74.58,2.12458],[-74.57875,2.12417],[-74.57584,2.12542],[-74.57208,2.12583],[-74.56834,2.12542],[-74.56625,2.12333],[-74.56333,2.12542],[-74.55791,2.12667],[-74.55583,2.12625],[-74.55292,2.12417],[-74.55083,2.12833],[-74.55167,2.13042],[-74.55167,2.13167],[-74.55083,2.13167],[-74.54625,2.12917],[-74.54459,2.12],[-74.54333,2.11792],[-74.54417,2.11708],[-74.53875,2.11],[-74.53584,2.11208],[-74.53,2.11292],[-74.53083,2.11375],[-74.52917,2.11542],[-74.52583,2.11708],[-74.52167,2.12208],[-74.52,2.12292],[-74.5175,2.12292],[-74.515,2.12083],[-74.51167,2.12167],[-74.51125,2.1275],[-74.50875,2.1325],[-74.50542,2.13083],[-74.50208,2.13333],[-74.49917,2.1325],[-74.49875,2.13417],[-74.49667,2.13625],[-74.49084,2.13667],[-74.49,2.13958],[-74.49167,2.14292],[-74.49084,2.145],[-74.49167,2.1475],[-74.48542,2.14917],[-74.48333,2.14667],[-74.48417,2.14333],[-74.48292,2.14],[-74.48209,2.13167],[-74.48083,2.13042],[-74.48167,2.12958],[-74.47875,2.1275],[-74.4775,2.12083],[-74.47916,2.11417],[-74.48333,2.11417],[-74.48417,2.11],[-74.48083,2.10625],[-74.48167,2.10417],[-74.48083,2.10208],[-74.48,2.10167],[-74.47875,2.1025],[-74.47417,2.1],[-74.47417,2.09833],[-74.46917,2.09708],[-74.46833,2.09417],[-74.46416,2.09333],[-74.46375,2.09083],[-74.46208,2.08917],[-74.46,2.09],[-74.45917,2.09208],[-74.4525,2.09375],[-74.45084,2.095],[-74.44833,2.09208],[-74.44625,2.09167],[-74.44417,2.09208],[-74.44292,2.09417],[-74.44,2.09125],[-74.43166,2.09083],[-74.43667,2.08167],[-74.42917,2.08292],[-74.42625,2.085],[-74.425,2.08083],[-74.4175,2.07833],[-74.4125,2.08],[-74.41042,2.07917],[-74.40667,2.08167],[-74.405,2.08083],[-74.40208,2.0825],[-74.40125,2.085],[-74.39792,2.08333],[-74.3925,2.08417],[-74.39208,2.07917],[-74.39083,2.08042],[-74.38417,2.08083],[-74.38375,2.07917],[-74.38042,2.07667],[-74.38006,2.07474],[-74.37552,2.07142],[-74.36647,2.0607],[-74.36194,2.05951],[-74.34575,2.05999],[-74.3336,2.0619],[-74.32383,2.06213],[-74.30502,2.05951],[-74.2762,2.05832],[-74.25285,2.05856],[-74.2419,2.05642],[-74.23618,2.05475],[-74.23142,2.04951],[-74.22927,2.04094],[-74.22808,2.0276],[-74.22332,2.01902],[-74.21784,2.01331],[-74.21141,2.00402],[-74.20379,1.99544],[-74.19783,1.99083],[-74.1975,1.9925],[-74.19417,1.9925],[-74.1925,1.9875],[-74.19083,1.9875],[-74.19,1.98542],[-74.18584,1.98417],[-74.18208,1.98583],[-74.175,1.9825],[-74.17458,1.98083],[-74.17292,1.98],[-74.16333,1.98333],[-74.16125,1.97917],[-74.16042,1.98],[-74.15667,1.97917],[-74.15334,1.97958],[-74.15125,1.98333],[-74.15083,1.98583],[-74.14917,1.98583],[-74.14917,1.98833],[-74.15208,1.99],[-74.15334,1.99417],[-74.1525,1.9975],[-74.14958,1.9975],[-74.14417,1.99667],[-74.14333,1.99292],[-74.1325,1.99292],[-74.12959,1.99417],[-74.125,1.99292],[-74.12417,1.99125],[-74.125,1.98958],[-74.12334,1.98792],[-74.11333,1.98542],[-74.11083,1.98292],[-74.10792,1.98167],[-74.10709,1.975],[-74.105,1.9725],[-74.09834,1.97458],[-74.09666,1.97625],[-74.09333,1.9775],[-74.0925,1.9775],[-74.0925,1.97583],[-74.09042,1.975],[-74.0875,1.97708],[-74.08208,1.97917],[-74.07417,1.9775],[-74.07166,1.97875],[-74.06625,1.97917],[-74.06375,1.9775],[-74.06167,1.97458],[-74.05417,1.97167],[-74.04958,1.97333],[-74.045,1.97042],[-74.04062,1.96938],[-74.04,1.97083],[-73.65667,1.61773],[-73.65949,1.61479],[-73.66021,1.61268],[-73.65804,1.60886],[-73.65923,1.60346],[-73.66321,1.59766],[-73.66391,1.59526],[-73.66341,1.59246],[-73.66043,1.59126],[-73.65884,1.58795],[-73.65844,1.58465],[-73.65944,1.58065],[-73.65835,1.57635],[-73.6494,1.56855],[-73.64801,1.56485],[-73.64264,1.55804],[-73.64235,1.55654],[-73.64434,1.55374],[-73.64344,1.55164],[-73.64066,1.55014],[-73.63798,1.54564],[-73.63221,1.54193],[-73.63082,1.53943],[-73.62933,1.53873],[-73.62674,1.53913],[-73.62088,1.53233],[-73.61989,1.52903],[-73.61681,1.52873],[-73.61532,1.52703],[-73.61363,1.52373],[-73.61174,1.51232],[-73.60777,1.50572],[-73.60697,1.50172],[-73.60369,1.50102],[-73.59997,1.49828],[-73.5993,1.49617],[-73.59501,1.49281],[-73.59339,1.48993],[-73.58729,1.48772],[-73.58548,1.48792],[-73.58452,1.48696],[-73.58195,1.48293],[-73.58157,1.47506],[-73.57795,1.46872],[-73.57309,1.46479],[-73.57032,1.46143],[-73.56756,1.46047],[-73.56051,1.45385],[-73.55498,1.448],[-73.55298,1.44147],[-73.54726,1.43802],[-73.54631,1.43322],[-73.54717,1.42727],[-73.54688,1.42612],[-73.54488,1.42477],[-73.5445,1.42324],[-73.54545,1.41643],[-73.54755,1.41307],[-73.54812,1.41048],[-73.54765,1.40616],[-73.54365,1.40148],[-73.53795,1.39944],[-73.53719,1.39705],[-73.538,1.39672],[-73.53807,1.39472],[-73.53559,1.39253],[-73.53594,1.39149],[-73.53503,1.38984],[-73.53352,1.39026],[-73.53279,1.38932],[-73.53136,1.39124],[-73.52982,1.38913],[-73.52902,1.38994],[-73.5237,1.3902],[-73.52117,1.39148],[-73.5205,1.39102],[-73.52097,1.38971],[-73.52294,1.38967],[-73.5215,1.38888],[-73.52284,1.38848],[-73.52211,1.3874],[-73.52059,1.38795],[-73.51935,1.38719],[-73.51762,1.38828],[-73.51766,1.38719],[-73.51317,1.38716],[-73.51287,1.38605],[-73.51186,1.387],[-73.50983,1.387],[-73.51066,1.38816],[-73.51,1.38838],[-73.50791,1.38677],[-73.5077,1.38552],[-73.50853,1.38426],[-73.50451,1.38419],[-73.50685,1.3815],[-73.50449,1.38151],[-73.50467,1.38035],[-73.50629,1.37957],[-73.50627,1.37832],[-73.50477,1.37969],[-73.5036,1.37715],[-73.50217,1.3768],[-73.50242,1.37602],[-73.50435,1.37665],[-73.50393,1.37492],[-73.50233,1.37427],[-73.50327,1.37009],[-73.50213,1.37077],[-73.50177,1.36966],[-73.50017,1.37025],[-73.49832,1.36958],[-73.4969,1.37242],[-73.49591,1.37125],[-73.49382,1.37203],[-73.49431,1.36964],[-73.49226,1.3692],[-73.49244,1.36773],[-73.48944,1.36739],[-73.48876,1.36771],[-73.48858,1.36956],[-73.4896,1.37228],[-73.48811,1.37198],[-73.48726,1.37056],[-73.48608,1.37019],[-73.48703,1.36885],[-73.48326,1.37045],[-73.48217,1.36727],[-73.48331,1.3662],[-73.48477,1.36722],[-73.4855,1.36529],[-73.48467,1.36356],[-73.48249,1.36299],[-73.47974,1.36386],[-73.47946,1.36228],[-73.47651,1.36166],[-73.47595,1.36031],[-73.47374,1.36024],[-73.47533,1.3588],[-73.47211,1.35845],[-73.47194,1.3574],[-73.47339,1.35588],[-73.47253,1.35445],[-73.47451,1.35478],[-73.47473,1.35262],[-73.47268,1.35361],[-73.47203,1.35295],[-73.47219,1.35095],[-73.47086,1.35218],[-73.47002,1.35183],[-73.47017,1.34979],[-73.46876,1.34786],[-73.47065,1.34716],[-73.46898,1.34431],[-73.46927,1.34386],[-73.47117,1.34485],[-73.47122,1.34374],[-73.46826,1.34301],[-73.46667,1.34388],[-73.46662,1.34225],[-73.46877,1.3425],[-73.47005,1.34049],[-73.46393,1.33701],[-73.46536,1.33658],[-73.46534,1.33384],[-73.4662,1.33264],[-73.46208,1.33254],[-73.46121,1.32958],[-73.45838,1.32744],[-73.45915,1.32605],[-73.45743,1.32568],[-73.45735,1.32285],[-73.45949,1.32312],[-73.45953,1.32214],[-73.45808,1.32134],[-73.45588,1.32179],[-73.45516,1.32102],[-73.4556,1.32011],[-73.45781,1.32013],[-73.45762,1.31784],[-73.45888,1.3165],[-73.45638,1.31444],[-73.45836,1.31363],[-73.45961,1.31177],[-73.46073,1.31269],[-73.46135,1.31227],[-73.45851,1.30938],[-73.45798,1.30752],[-73.45611,1.30676],[-73.45629,1.30857],[-73.45488,1.30878],[-73.4536,1.30711],[-73.45411,1.30525],[-73.45151,1.30428],[-73.45171,1.30313],[-73.45365,1.30214],[-73.4543,1.298],[-73.45637,1.29709],[-73.45608,1.29457],[-73.45254,1.2945],[-73.44676,1.29081],[-73.44454,1.29162],[-73.4443,1.29524],[-73.44268,1.293],[-73.44051,1.29281],[-73.43979,1.29383],[-73.43676,1.29148],[-73.43694,1.29432],[-73.43616,1.29524],[-73.43519,1.29519],[-73.43426,1.29342],[-73.43327,1.2937],[-73.4345,1.29722],[-73.43385,1.29828],[-73.43144,1.29647],[-73.43055,1.29806],[-73.42975,1.29501],[-73.42825,1.29594],[-73.4283,1.29171],[-73.42687,1.29051],[-73.42755,1.28868],[-73.42542,1.28715],[-73.42621,1.28354],[-73.42226,1.28036],[-73.42463,1.27835],[-73.42536,1.27664],[-73.42437,1.27376],[-73.42456,1.27014],[-73.4256,1.26831],[-73.42827,1.26788],[-73.42524,1.26495],[-73.42706,1.26358],[-73.42893,1.26391],[-73.42993,1.26149],[-73.43091,1.26318],[-73.43189,1.2631],[-73.43187,1.25892],[-73.43134,1.2579],[-73.42701,1.25585],[-73.42696,1.25382],[-73.42568,1.25264],[-73.42483,1.2529],[-73.42548,1.25514],[-73.42493,1.2564],[-73.42333,1.25574],[-73.42258,1.25306],[-73.42012,1.25484],[-73.42037,1.25085],[-73.41784,1.25233],[-73.41697,1.25178],[-73.41839,1.25034],[-73.41865,1.24833],[-73.4172,1.24379],[-73.41417,1.24564],[-73.41293,1.24304],[-73.41416,1.24191],[-73.41402,1.24108],[-73.41121,1.24248],[-73.40874,1.24144],[-73.40936,1.23913],[-73.41275,1.23953],[-73.41388,1.23541],[-73.41531,1.23526],[-73.41504,1.23279],[-73.41252,1.23388],[-73.41092,1.23323],[-73.41386,1.23185],[-73.41618,1.22728],[-73.41526,1.22577],[-73.42032,1.2262],[-73.42198,1.2231],[-73.42417,1.22354],[-73.42069,1.21977],[-73.42305,1.21954],[-73.42309,1.21863],[-73.42072,1.21849],[-73.41572,1.21507],[-73.41719,1.21362],[-73.41489,1.21132],[-73.41709,1.2096],[-73.41677,1.20717],[-73.41282,1.20633],[-73.41263,1.20808],[-73.41444,1.20789],[-73.41526,1.20882],[-73.41197,1.20947],[-73.41036,1.20848],[-73.41039,1.2061],[-73.40727,1.20575],[-73.40812,1.20115],[-73.40968,1.19932],[-73.41071,1.19963],[-73.41001,1.20321],[-73.41068,1.20353],[-73.41325,1.20292],[-73.41296,1.19924],[-73.41638,1.19971],[-73.41789,1.19896],[-73.41824,1.19703],[-73.41725,1.1922],[-73.41819,1.19177],[-73.42016,1.19269],[-73.4211,1.19107],[-73.42003,1.18906],[-73.41868,1.19113],[-73.41685,1.19084],[-73.4166,1.186],[-73.41757,1.18456],[-73.41293,1.18258],[-73.41301,1.18013],[-73.41124,1.18086],[-73.41185,1.17506],[-73.41097,1.17401],[-73.4053,1.17081],[-73.4013,1.17323],[-73.39902,1.17295],[-73.39597,1.17014],[-73.39417,1.17237],[-73.39299,1.17194],[-73.39471,1.16719],[-73.39331,1.16183],[-73.39338,1.15857],[-73.39486,1.15742],[-73.39736,1.15858],[-73.3975,1.15309],[-73.39687,1.15298],[-73.39565,1.15502],[-73.39193,1.15491],[-73.39154,1.15197],[-73.39425,1.15022],[-73.39271,1.14707],[-73.38609,1.1463],[-73.37869,1.14401],[-73.37479,1.14168],[-73.37377,1.1394],[-73.37714,1.13783],[-73.37285,1.13093],[-73.36622,1.12888],[-73.36262,1.12888],[-73.36061,1.12675],[-73.35732,1.12838],[-73.35716,1.12537],[-73.3603,1.12533],[-73.36073,1.124],[-73.35877,1.12278],[-73.35564,1.12417],[-73.35565,1.12025],[-73.34959,1.12225],[-73.34809,1.12061],[-73.34492,1.12345],[-73.34357,1.1234],[-73.34482,1.11891],[-73.34421,1.11745],[-73.33616,1.11187],[-73.33508,1.11202],[-73.3346,1.11417],[-73.33371,1.1132],[-73.33398,1.11028],[-73.33541,1.10807],[-73.33489,1.1052],[-73.33703,1.10559],[-73.33792,1.10849],[-73.33872,1.10886],[-73.34,1.10804],[-73.34021,1.10669],[-73.3375,1.10511],[-73.33769,1.10406],[-73.34177,1.10452],[-73.34054,1.09918],[-73.33548,1.10255],[-73.33288,1.1011],[-73.33299,1.09767],[-73.33493,1.09719],[-73.33338,1.09499],[-73.33443,1.09391],[-73.33082,1.09076],[-73.32473,1.09012],[-73.31927,1.08682],[-73.31947,1.08591],[-73.32168,1.08559],[-73.32509,1.08664],[-73.32472,1.08366],[-73.32284,1.08082],[-73.31656,1.0812],[-73.31406,1.07999],[-73.31006,1.07565],[-73.30845,1.07621],[-73.30861,1.07931],[-73.30791,1.07952],[-73.30596,1.07641],[-73.30052,1.07473],[-73.30032,1.07367],[-73.30123,1.07256],[-73.30361,1.07257],[-73.30212,1.0702],[-73.29091,1.06545],[-73.28865,1.06568],[-73.28727,1.06458],[-73.28201,1.0668],[-73.28297,1.06125],[-73.28026,1.05895],[-73.28128,1.05652],[-73.28091,1.05197],[-73.27822,1.05043],[-73.27927,1.04802],[-73.27885,1.04729],[-73.27698,1.04656],[-73.27202,1.04787],[-73.26675,1.04765],[-73.26503,1.0483],[-73.26389,1.04685],[-73.26418,1.04401],[-73.26108,1.04564],[-73.25768,1.04432],[-73.25546,1.0467],[-73.25354,1.04683],[-73.25316,1.04863],[-73.25171,1.04886],[-73.25125,1.04738],[-73.25189,1.04381],[-73.25388,1.04189],[-73.25241,1.03979],[-73.25165,1.03916],[-73.24799,1.03912],[-73.24806,1.04185],[-73.24665,1.04251],[-73.24297,1.03875],[-73.24489,1.0366],[-73.24336,1.03497],[-73.24338,1.03338],[-73.24126,1.03432],[-73.23934,1.03261],[-73.29453,1.01211],[-73.29873,1.01405],[-73.29955,1.01778],[-73.29801,1.01915],[-73.29899,1.02],[-73.30071,1.02],[-73.30083,1.01822],[-73.30322,1.01727],[-73.30567,1.01901],[-73.30539,1.0158],[-73.30978,1.0162],[-73.30816,1.01673],[-73.30815,1.01847],[-73.30997,1.01746],[-73.3117,1.01996],[-73.31103,1.02144],[-73.31142,1.02264],[-73.31213,1.02282],[-73.31283,1.02164],[-73.31478,1.02376],[-73.31252,1.02544],[-73.31277,1.02844],[-73.31744,1.03018],[-73.31865,1.03227],[-73.32149,1.03329],[-73.32333,1.03228],[-73.32609,1.03486],[-73.32945,1.03581],[-73.32978,1.03758],[-73.32805,1.03848],[-73.33091,1.04218],[-73.33116,1.04109],[-73.33417,1.0404],[-73.33566,1.04135],[-73.34013,1.0395],[-73.34058,1.0407],[-73.33914,1.0431],[-73.34299,1.04271],[-73.34475,1.04148],[-73.34626,1.04282],[-73.34519,1.04476],[-73.34804,1.04565],[-73.34872,1.04441],[-73.3469,1.04389],[-73.34713,1.04296],[-73.35204,1.04065],[-73.35273,1.04149],[-73.35203,1.04573],[-73.35277,1.04622],[-73.35666,1.0457],[-73.36115,1.04344],[-73.36351,1.0435],[-73.3621,1.04585],[-73.36371,1.04548],[-73.36522,1.0465],[-73.36485,1.04813],[-73.36325,1.04881],[-73.36505,1.0521],[-73.36618,1.05187],[-73.36703,1.04831],[-73.36801,1.04847],[-73.36817,1.05103],[-73.36998,1.04894],[-73.37052,1.05053],[-73.37355,1.05083],[-73.37304,1.05181],[-73.37515,1.05387],[-73.37425,1.05629],[-73.37596,1.05549],[-73.37717,1.05632],[-73.37727,1.05756],[-73.37565,1.0583],[-73.37786,1.05991],[-73.37549,1.06038],[-73.37791,1.06271],[-73.37632,1.06627],[-73.37928,1.06501],[-73.3787,1.06683],[-73.42828,1.05562],[-73.43417,1.05611],[-73.43509,1.05288],[-73.43791,1.05155],[-73.43852,1.05036],[-73.44396,1.04905],[-73.44661,1.04998],[-73.44859,1.04805],[-73.45325,1.04784],[-73.45385,1.04579],[-73.45579,1.04451],[-73.46097,1.04471],[-73.46302,1.04345],[-73.46494,1.04374],[-73.46838,1.0387],[-73.46888,1.03619],[-73.4712,1.03416],[-73.47945,1.03291],[-73.48295,1.03039],[-73.48377,1.02823],[-73.48741,1.02645],[-73.49129,1.02604],[-73.49237,1.0242],[-73.49238,1.01162],[-73.4948,1.01098],[-73.49703,1.00857],[-73.49912,1.00829],[-73.5024,1.00621],[-73.50387,1.004],[-73.50723,1.00147],[-73.50937,0.99765],[-73.50956,0.993],[-73.5113,0.98869],[-73.51467,0.98484],[-73.51303,0.982],[-73.51382,0.9802],[-73.51359,0.97284],[-73.51543,0.96996],[-73.51572,0.96615],[-73.51778,0.96185],[-73.51615,0.95503],[-73.51836,0.94419],[-73.51921,0.94261],[-73.52114,0.94139],[-73.52102,0.93706],[-73.52483,0.93189],[-73.52372,0.92648],[-73.52714,0.92203],[-73.52683,0.91857],[-73.52797,0.91747],[-73.52809,0.9148],[-73.5294,0.91382],[-73.5279,0.91222],[-73.52913,0.90907],[-73.53112,0.90662],[-73.53291,0.90625],[-73.53332,0.9045],[-73.53705,0.90103],[-73.53817,0.90085],[-73.53783,0.89954],[-73.53864,0.89764],[-73.53994,0.89802],[-73.54029,0.89731],[-73.53969,0.89589],[-73.5405,0.89488],[-73.5402,0.89136],[-73.53931,0.89174],[-73.53847,0.89043],[-73.5375,0.89109],[-73.53656,0.88961],[-73.53783,0.88954],[-73.53731,0.8875],[-73.53911,0.88673],[-73.53776,0.8851],[-73.53899,0.88465],[-73.54064,0.88205],[-73.54001,0.88007],[-73.53861,0.87937],[-73.53908,0.87683],[-73.53761,0.87524],[-73.53925,0.87351],[-73.53888,0.87281],[-73.53662,0.87254],[-73.53563,0.87067],[-73.53818,0.8664],[-73.53624,0.86304],[-73.53707,0.86114],[-73.5367,0.85849],[-73.53789,0.85747],[-73.53793,0.85512],[-73.53963,0.85581],[-73.54021,0.85527],[-73.53999,0.85289],[-73.54139,0.84909],[-73.53963,0.84658],[-73.54202,0.84242],[-73.54393,0.84187],[-73.54504,0.83935],[-73.54755,0.83903],[-73.54864,0.83755],[-73.5507,0.83722],[-73.55127,0.83472],[-73.55016,0.83186],[-73.55251,0.83113],[-73.55351,0.82923],[-73.55313,0.8267],[-73.55435,0.82496],[-73.55605,0.82472],[-73.55478,0.82375],[-73.55674,0.82315],[-73.55754,0.81354],[-73.56077,0.81092],[-73.56569,0.81041],[-73.56683,0.80929],[-73.56748,0.80484],[-73.5665,0.80266],[-73.56844,0.80221],[-73.56753,0.8004],[-73.56857,0.79933],[-73.56724,0.799],[-73.56854,0.79795],[-73.56718,0.79742],[-73.56794,0.79636],[-73.56781,0.79351],[-73.56898,0.79247],[-73.5681,0.79058],[-73.56715,0.79125],[-73.56642,0.79064],[-73.568,0.78802],[-73.56964,0.78839],[-73.57095,0.7875],[-73.56794,0.78547],[-73.57008,0.7834],[-73.56846,0.78239],[-73.57093,0.78045],[-73.57244,0.78046],[-73.5729,0.77718],[-73.57497,0.77554],[-73.57718,0.77651],[-73.57589,0.77745],[-73.57653,0.77876],[-73.57813,0.77749],[-73.58062,0.77316],[-73.58439,0.77272],[-73.58399,0.76917],[-73.58061,0.76648],[-73.58094,0.76491],[-73.57987,0.76445],[-73.58004,0.76353],[-73.58163,0.76333],[-73.58125,0.76218],[-73.57927,0.76115],[-73.57971,0.76016],[-73.58247,0.75965],[-73.58254,0.75766],[-73.5807,0.75756],[-73.58158,0.75623],[-73.58377,0.75774],[-73.58494,0.7571],[-73.58252,0.75433],[-73.58096,0.74942],[-73.57979,0.74996],[-73.57829,0.7494],[-73.57845,0.74783],[-73.57999,0.74755],[-73.58022,0.7468],[-73.57891,0.7466],[-73.57786,0.74774],[-73.57742,0.74547],[-73.57581,0.74595],[-73.57687,0.74149],[-73.5742,0.74205],[-73.57456,0.7411],[-73.57707,0.73992],[-73.57737,0.73908],[-73.57617,0.73817],[-73.57639,0.73741],[-73.58002,0.73855],[-73.58017,0.73794],[-73.57851,0.73734],[-73.57873,0.73597],[-73.57934,0.73566],[-73.58017,0.73711],[-73.58165,0.73461],[-73.58142,0.73361],[-73.57889,0.73229],[-73.57954,0.73093],[-73.57818,0.72992],[-73.58092,0.72868],[-73.582,0.73135],[-73.58354,0.72886],[-73.58113,0.7231],[-73.57581,0.71877],[-73.57656,0.71741],[-73.58045,0.7176],[-73.5803,0.71492],[-73.57722,0.7144],[-73.57755,0.70989],[-73.579,0.70923],[-73.58067,0.71103],[-73.58141,0.7104],[-73.5798,0.70599],[-73.58099,0.70327],[-73.57852,0.70241],[-73.57781,0.70096],[-73.57707,0.70286],[-73.57537,0.70194],[-73.57704,0.69934],[-73.57585,0.69774],[-73.5759,0.69517],[-73.57447,0.69483],[-73.57415,0.69324],[-73.57764,0.69136],[-73.57705,0.69056],[-73.5745,0.69029],[-73.57751,0.68875],[-73.57735,0.68626],[-73.5808,0.68652],[-73.58226,0.68587],[-73.58145,0.68412],[-73.57999,0.68465],[-73.57968,0.68213],[-73.58106,0.68317],[-73.58317,0.68304],[-73.58427,0.68442],[-73.58515,0.68391],[-73.58611,0.68201],[-73.5853,0.68002],[-73.58324,0.67854],[-73.58551,0.67564],[-73.58758,0.67559],[-73.58916,0.67839],[-73.59116,0.68003],[-73.5919,0.67806],[-73.58958,0.67457],[-73.58978,0.67359],[-73.59502,0.6734],[-73.59653,0.67185],[-73.59877,0.67238],[-73.59846,0.66934],[-73.6016,0.66731],[-73.6041,0.66401],[-73.60496,0.66126],[-73.60698,0.66232],[-73.60849,0.6584],[-73.60847,0.65531],[-73.61124,0.65438],[-73.6123,0.65546],[-73.61393,0.65366],[-73.61309,0.65263],[-73.61375,0.65185],[-73.61903,0.65244],[-73.62174,0.65157],[-73.62171,0.65051],[-73.61997,0.64933],[-73.6196,0.64782],[-73.62071,0.64674],[-73.6231,0.6471],[-73.62478,0.64575],[-73.62469,0.64423],[-73.62322,0.64271],[-73.6252,0.64159],[-73.62238,0.64122],[-73.62168,0.63977],[-73.62223,0.63831],[-73.62483,0.6382],[-73.62496,0.63715],[-73.6266,0.63633],[-73.62738,0.63932],[-73.62673,0.64073],[-73.62771,0.64179],[-73.62808,0.63875],[-73.63047,0.6355],[-73.63094,0.6375],[-73.62964,0.64021],[-73.63068,0.64095],[-73.63193,0.63921],[-73.63191,0.636],[-73.63305,0.63355],[-73.63383,0.63328],[-73.63477,0.63505],[-73.63743,0.63395],[-73.63742,0.63289],[-73.6345,0.6291],[-73.63402,0.62699],[-73.63718,0.62818],[-73.6393,0.6267],[-73.63748,0.62433],[-73.63786,0.62245],[-73.64044,0.62309],[-73.64117,0.62471],[-73.64298,0.62325],[-73.64264,0.62064],[-73.63834,0.61668],[-73.63683,0.6139],[-73.63904,0.61229],[-73.6408,0.61277],[-73.64179,0.61399],[-73.64332,0.61397],[-73.64326,0.61294],[-73.64102,0.61101],[-73.64253,0.60928],[-73.64272,0.60771],[-73.64439,0.60637],[-73.6446,0.60476],[-73.6439,0.60331],[-73.64156,0.6023],[-73.64521,0.59954],[-73.64269,0.59728],[-73.64243,0.59509],[-73.64504,0.59572],[-73.6459,0.59512],[-73.64621,0.59141],[-73.64782,0.59073],[-73.64824,0.58916],[-73.64993,0.5889],[-73.64918,0.58751],[-73.64966,0.58663],[-73.65124,0.58881],[-73.65356,0.58908],[-73.65239,0.59045],[-73.65286,0.59113],[-73.65583,0.589],[-73.65607,0.58743],[-73.65426,0.58544],[-73.65314,0.58493],[-73.65303,0.58595],[-73.65144,0.58589],[-73.65061,0.58397],[-73.65118,0.58309],[-73.65377,0.5825],[-73.65638,0.57984],[-73.65497,0.57758],[-73.65646,0.57737],[-73.65482,0.5754],[-73.65505,0.57289],[-73.66051,0.56976],[-73.66021,0.56719],[-73.65813,0.56757],[-73.65524,0.56576],[-73.65779,0.56537],[-73.65869,0.56409],[-73.66043,0.56473],[-73.66136,0.56423],[-73.6634,0.56],[-73.66265,0.55627],[-73.6658,0.55381],[-73.66543,0.55227],[-73.6615,0.55204],[-73.66115,0.55071],[-73.66365,0.55004],[-73.66968,0.54565],[-73.66979,0.54468],[-73.66834,0.54301],[-73.66842,0.54137],[-73.67068,0.54031],[-73.67131,0.53766],[-73.67287,0.5363],[-73.6764,0.53816],[-73.67577,0.5436],[-73.67649,0.54493],[-73.67795,0.54527],[-73.68176,0.54397],[-73.68418,0.54445],[-73.69325,0.54965],[-73.6961,0.55477],[-73.69988,0.55891],[-73.69985,0.56157],[-73.69767,0.56242],[-73.69232,0.55567],[-73.69089,0.55525],[-73.68971,0.55583],[-73.68596,0.5613],[-73.68469,0.57032],[-73.68844,0.57234],[-73.69229,0.57631],[-73.70088,0.58075],[-73.70033,0.58287],[-73.69737,0.58469],[-73.69616,0.58692],[-73.6987,0.59346],[-73.70115,0.59543],[-73.70445,0.59658],[-73.71585,0.597],[-73.71979,0.60099],[-73.71966,0.60275],[-73.71842,0.60402],[-73.71165,0.60353],[-73.70735,0.60456],[-73.70411,0.60765],[-73.70433,0.61076],[-73.70641,0.61288],[-73.70905,0.61358],[-73.71549,0.60901],[-73.71979,0.60934],[-73.72656,0.6166],[-73.7281,0.62162],[-73.73509,0.62244],[-73.7409,0.62834],[-73.74226,0.62807],[-73.74314,0.62692],[-73.74411,0.62153],[-73.74278,0.6196],[-73.73651,0.61951],[-73.73461,0.61666],[-73.73464,0.61293],[-73.73709,0.60804],[-73.74136,0.60502],[-73.74435,0.60517],[-73.74701,0.60656],[-73.7478,0.60798],[-73.74856,0.6192],[-73.74943,0.62087],[-73.75176,0.62117],[-73.75267,0.61887],[-73.75219,0.61618],[-73.75436,0.61231],[-73.75636,0.60266],[-73.75582,0.5989],[-73.75406,0.59494],[-73.75442,0.59288],[-73.75842,0.59198],[-73.7609,0.59376],[-73.76168,0.59673],[-73.76047,0.60187],[-73.7605,0.60583],[-73.76168,0.6071],[-73.76374,0.60674],[-73.76547,0.60438],[-73.76713,0.59957],[-73.76704,0.59745],[-73.76538,0.59406],[-73.76616,0.59152],[-73.76795,0.59116],[-73.76919,0.59458],[-73.77052,0.59461],[-73.77318,0.59152],[-73.77705,0.5908],[-73.77872,0.58925],[-73.77775,0.58771],[-73.77575,0.58795],[-73.77457,0.58683],[-73.77823,0.58332],[-73.77832,0.57933],[-73.77699,0.57727],[-73.77645,0.57446],[-73.77766,0.5711],[-73.78135,0.5701],[-73.78552,0.57053],[-73.7864,0.57304],[-73.7841,0.57652],[-73.78452,0.58063],[-73.78631,0.58042],[-73.78943,0.57676],[-73.79136,0.57679],[-73.79312,0.57879],[-73.79578,0.58496],[-73.79699,0.5862],[-73.7988,0.5865],[-73.80147,0.58423],[-73.80147,0.58224],[-73.79593,0.5809],[-73.79572,0.57945],[-73.80004,0.57655],[-73.80098,0.5737],[-73.80479,0.57068],[-73.80833,0.56466],[-73.81263,0.56402],[-73.81671,0.5613],[-73.81956,0.5613],[-73.82409,0.56278],[-73.82912,0.56133],[-73.83565,0.56333],[-73.83592,0.56499],[-73.83438,0.56732],[-73.83792,0.56771],[-73.83907,0.56853],[-73.83511,0.57177],[-73.83471,0.57373],[-73.83586,0.57501],[-73.84007,0.57437],[-73.84155,0.57507],[-73.8427,0.57619],[-73.84327,0.58],[-73.845,0.58254],[-73.85138,0.58103],[-73.86167,0.57531],[-73.86681,0.57431],[-73.87017,0.57479],[-73.87153,0.57833],[-73.86775,0.58444],[-73.86923,0.58472],[-73.87223,0.58199],[-73.87374,0.5816],[-73.87474,0.59022],[-73.87598,0.59264],[-73.88115,0.59349],[-73.88578,0.59612],[-73.89274,0.59806],[-73.89298,0.60172],[-73.89504,0.60686],[-73.894,0.60783],[-73.88871,0.60701],[-73.88869,0.61052],[-73.88449,0.61407],[-73.88436,0.61766],[-73.89092,0.62008],[-73.89464,0.62044],[-73.89673,0.6219],[-73.89733,0.62353],[-73.89727,0.63179],[-73.89806,0.63324],[-73.90109,0.63536],[-73.90332,0.63533],[-73.90402,0.63221],[-73.90556,0.63133],[-73.91207,0.63348],[-73.9157,0.63778],[-73.91942,0.63714],[-73.92399,0.63512],[-73.9252,0.634],[-73.92589,0.63115],[-73.92571,0.62276],[-73.92744,0.62017],[-73.93213,0.61641],[-73.93619,0.61608],[-73.93848,0.61854],[-73.94453,0.62026],[-73.95309,0.61818],[-73.95753,0.61573],[-73.96076,0.61519],[-73.96277,0.61569],[-73.96619,0.62199],[-73.97133,0.62305],[-73.97354,0.62541],[-73.9749,0.62958],[-73.97411,0.63034],[-73.97082,0.63049],[-73.97106,0.63236],[-73.98546,0.63533],[-73.99133,0.63844],[-73.99284,0.64035],[-73.99266,0.64186],[-73.98991,0.64619],[-73.98534,0.64809],[-73.98473,0.64943],[-73.98782,0.6513],[-73.98761,0.65508],[-73.99387,0.65532],[-73.99583,0.65805],[-73.99665,0.66243],[-74.00074,0.66497],[-74.00319,0.6647],[-74.00355,0.66367],[-74.00303,0.66265],[-73.99895,0.66023],[-73.99877,0.65856],[-73.9995,0.65793],[-74.00394,0.65953],[-74.01066,0.65744],[-74.01347,0.66128],[-74.01332,0.66373],[-74.00921,0.66307],[-74.01087,0.66945],[-74.00527,0.67426],[-74.00455,0.67574],[-74.00594,0.67765],[-74.01039,0.67874],[-74.01202,0.68086],[-74.01202,0.68261],[-74.0099,0.68322],[-74.00691,0.6814],[-74.00564,0.68313],[-74.00506,0.68588],[-74.00857,0.68782],[-74.00939,0.68906],[-74.0083,0.69619],[-74.01181,0.69632],[-74.01698,0.6952],[-74.02004,0.69976],[-74.02043,0.70197],[-74.01958,0.70824],[-74.01819,0.70875],[-74.01532,0.70739],[-74.01399,0.70775],[-74.01129,0.71059],[-74.01099,0.71419],[-74.01269,0.71483],[-74.01671,0.71311],[-74.02485,0.71525],[-74.02578,0.71807],[-74.02318,0.72254],[-74.02285,0.72805],[-74.02394,0.72811],[-74.02736,0.72481],[-74.02993,0.7256],[-74.03069,0.72781],[-74.02914,0.73226],[-74.03172,0.73261],[-74.03695,0.73168],[-74.04421,0.72794],[-74.04684,0.72881],[-74.04766,0.73114],[-74.0462,0.73519],[-74.04675,0.73719],[-74.05186,0.73888],[-74.05812,0.74551],[-74.05222,0.75204],[-74.05283,0.7551],[-74.05598,0.75661],[-74.06998,0.75694],[-74.07125,0.75776],[-74.06898,0.76187],[-74.07295,0.76505],[-74.07567,0.77022],[-74.07506,0.77146],[-74.07146,0.77231],[-74.07125,0.774],[-74.07473,0.77518],[-74.07703,0.77936],[-74.07631,0.78226],[-74.07252,0.78447],[-74.0718,0.78659],[-74.07506,0.78689],[-74.08263,0.78486],[-74.08387,0.78544],[-74.0836,0.78858],[-74.08647,0.79291],[-74.08626,0.79491],[-74.08287,0.79633],[-74.07764,0.79476],[-74.07446,0.79521],[-74.07634,0.80053],[-74.08021,0.80392],[-74.08475,0.81333],[-74.0832,0.81648],[-74.0839,0.82089],[-74.08275,0.82277],[-74.08012,0.82474],[-74.07679,0.82271],[-74.07549,0.82304],[-74.07552,0.82637],[-74.07739,0.82933],[-74.07664,0.83448],[-74.07694,0.84038],[-74.08069,0.84263],[-74.08324,0.84266],[-74.09175,0.84609],[-74.09148,0.84801],[-74.08767,0.84837],[-74.08704,0.84946],[-74.09037,0.85532],[-74.09725,0.849],[-74.10031,0.84233],[-74.10447,0.83978],[-74.10663,0.8398],[-74.10831,0.84223],[-74.1134,0.84514],[-74.11835,0.84597],[-74.11851,0.84781],[-74.11648,0.85073],[-74.11688,0.85188],[-74.12161,0.85388],[-74.133,0.85517],[-74.13514,0.85624],[-74.13481,0.85782],[-74.13024,0.86136],[-74.12942,0.86453],[-74.13007,0.86572],[-74.13286,0.867],[-74.13727,0.8661],[-74.14269,0.8681],[-74.14555,0.86753],[-74.14683,0.86804],[-74.14709,0.8707],[-74.14495,0.87434],[-74.14602,0.87541],[-74.14973,0.87601],[-74.14945,0.88026],[-74.1513,0.88252],[-74.15897,0.87685],[-74.16248,0.86714],[-74.16803,0.86931],[-74.16833,0.87699],[-74.1751,0.88186],[-74.17454,0.88642],[-74.1792,0.89237],[-74.17786,0.89798],[-74.17624,0.90045],[-74.1777,0.90669],[-74.17646,0.91085],[-74.17674,0.91773],[-74.17893,0.91798],[-74.18088,0.91434],[-74.18087,0.90828],[-74.17996,0.90421],[-74.18043,0.90295],[-74.18659,0.90069],[-74.18926,0.90065],[-74.19413,0.90178],[-74.19453,0.90276],[-74.19369,0.90385],[-74.18978,0.90344],[-74.18932,0.90459],[-74.19299,0.90722],[-74.19729,0.90789],[-74.19894,0.9105],[-74.19989,0.91039],[-74.20101,0.90709],[-74.20253,0.90649],[-74.20521,0.90726],[-74.20774,0.90972],[-74.20648,0.9127],[-74.21028,0.9167],[-74.21158,0.92095],[-74.21011,0.92267],[-74.20407,0.92335],[-74.20373,0.92509],[-74.2048,0.92629],[-74.21225,0.92579],[-74.21786,0.92442],[-74.21863,0.92588],[-74.22231,0.92699],[-74.22377,0.93483],[-74.2263,0.93714],[-74.2286,0.9368],[-74.23125,0.93369],[-74.23791,0.92953],[-74.24003,0.92949],[-74.24023,0.93631],[-74.24627,0.94558],[-74.24521,0.94728],[-74.24045,0.94755],[-74.24022,0.94872],[-74.24364,0.95098],[-74.24717,0.95483],[-74.24863,0.95443],[-74.24897,0.95262],[-74.2479,0.95071],[-74.24611,0.94952],[-74.24663,0.94759],[-74.24803,0.94768],[-74.2529,0.95051],[-74.25315,0.95273],[-74.24975,0.9556],[-74.25067,0.95747],[-74.25711,0.9574],[-74.26039,0.95583],[-74.26179,0.95402],[-74.2657,0.95545],[-74.26693,0.96226],[-74.26332,0.96511],[-74.26195,0.96864],[-74.2629,0.96941],[-74.27117,0.97106],[-74.28092,0.97492],[-74.28459,0.97881],[-74.28142,0.98414],[-74.28157,0.98583],[-74.28388,0.98966],[-74.28503,0.9888],[-74.28649,0.98906],[-74.2857,0.99054],[-74.28638,0.99134],[-74.28787,0.98997],[-74.2891,0.99147],[-74.2925,0.99019],[-74.2937,0.99043],[-74.29541,0.99334],[-74.29334,0.99511],[-74.29591,0.9959],[-74.29734,0.99378],[-74.30368,0.99475],[-74.30749,0.99434],[-74.3073,0.99721],[-74.30501,0.99832],[-74.30563,0.99999],[-74.30686,1.00099],[-74.30735,0.99907],[-74.30879,0.99968],[-74.30989,1.00132],[-74.30937,1.00299],[-74.31089,1.00244],[-74.31332,1.00306],[-74.31364,1.00406],[-74.31464,1.00431],[-74.31476,1.00576],[-74.31571,1.00612],[-74.31593,1.00763],[-74.31744,1.00779],[-74.31857,1.00639],[-74.31964,1.00688],[-74.3215,1.00997],[-74.31928,1.01173],[-74.32005,1.01324],[-74.32114,1.01371],[-74.32362,1.0124],[-74.32252,1.01418],[-74.32308,1.01763],[-74.32429,1.01671],[-74.32485,1.01454],[-74.32605,1.01468],[-74.32634,1.01804],[-74.32489,1.01985],[-74.32539,1.02072],[-74.32634,1.02035],[-74.32983,1.01413],[-74.33089,1.01546],[-74.3339,1.01484],[-74.3346,1.01807],[-74.33577,1.01827],[-74.33559,1.01981],[-74.33774,1.02151],[-74.33934,1.02151],[-74.34001,1.01937],[-74.34076,1.01921],[-74.34278,1.02322],[-74.34048,1.02376],[-74.34071,1.02529],[-74.34211,1.02579],[-74.34188,1.02751],[-74.34562,1.0289],[-74.34678,1.03039],[-74.34591,1.03112],[-74.34455,1.02975],[-74.34381,1.03103],[-74.34587,1.03246],[-74.34921,1.03322],[-74.35001,1.03424],[-74.35143,1.03389],[-74.35273,1.03459],[-74.35273,1.03604],[-74.35141,1.03713],[-74.35129,1.0394],[-74.35472,1.04161],[-74.35488,1.04498],[-74.35597,1.04524],[-74.35776,1.0435],[-74.36117,1.04439],[-74.36093,1.04612],[-74.35773,1.04841],[-74.359,1.04992],[-74.35823,1.05175],[-74.36051,1.05075],[-74.36066,1.0518],[-74.36384,1.05306],[-74.36413,1.054],[-74.36231,1.05437],[-74.36234,1.05523],[-74.36316,1.056],[-74.36574,1.056],[-74.36618,1.05956],[-74.36827,1.05984],[-74.36705,1.0587],[-74.36764,1.05809],[-74.37027,1.05889],[-74.37008,1.06214],[-74.37402,1.06013],[-74.37622,1.06285],[-74.38062,1.06363],[-74.38049,1.06945],[-74.3788,1.06962],[-74.37795,1.07084],[-74.37856,1.07186],[-74.37965,1.07143],[-74.38063,1.07262],[-74.37982,1.07512],[-74.3816,1.07792],[-74.38032,1.0803],[-74.38249,1.08221],[-74.38003,1.086],[-74.38003,1.08732],[-74.38226,1.08688],[-74.38349,1.08877],[-74.38259,1.08997],[-74.38401,1.09071],[-74.38187,1.09295],[-74.38203,1.09365],[-74.38303,1.09366],[-74.38306,1.09603],[-74.38453,1.09688],[-74.38266,1.09788],[-74.383,1.09917],[-74.38493,1.09849],[-74.38644,1.10124],[-74.3862,1.09893],[-74.38821,1.09845],[-74.38881,1.10086],[-74.39018,1.10172],[-74.3894,1.10313],[-74.3909,1.10399],[-74.39321,1.10237],[-74.39683,1.10598],[-74.3987,1.1062],[-74.40093,1.1049],[-74.40216,1.10591],[-74.40392,1.10561],[-74.4035,1.10784],[-74.40788,1.10821],[-74.40836,1.10967],[-74.41087,1.11],[-74.41202,1.11234],[-74.41398,1.11045],[-74.41579,1.11178],[-74.41869,1.11107],[-74.41983,1.11201],[-74.41962,1.11297],[-74.41825,1.11354],[-74.41909,1.11546],[-74.41875,1.11759],[-74.42035,1.11641],[-74.42175,1.11722],[-74.42375,1.11696],[-74.42346,1.11528],[-74.42593,1.11502],[-74.42724,1.11552],[-74.42722,1.11679],[-74.42891,1.11616],[-74.42927,1.11756],[-74.43086,1.11729],[-74.43158,1.11848],[-74.43254,1.11853],[-74.43241,1.11932],[-74.43373,1.11928],[-74.43375,1.12049],[-74.43528,1.12166],[-74.43427,1.12336],[-74.43557,1.12482],[-74.43594,1.12671],[-74.43732,1.12721],[-74.43862,1.1259],[-74.43919,1.12816],[-74.44064,1.12697],[-74.44139,1.12817],[-74.44276,1.1278],[-74.44313,1.12963],[-74.44455,1.12951],[-74.44448,1.13175],[-74.44549,1.13304],[-74.4441,1.13415],[-74.44499,1.13462],[-74.44442,1.13561],[-74.44602,1.13617],[-74.4443,1.13758],[-74.4444,1.13902],[-74.44737,1.14178],[-74.44846,1.14135],[-74.44806,1.14402],[-74.4504,1.14807],[-74.45137,1.14876],[-74.4537,1.14824],[-74.45476,1.14881],[-74.45525,1.1505],[-74.45653,1.1515],[-74.45624,1.15334],[-74.45704,1.15368],[-74.45733,1.15562],[-74.45888,1.15525],[-74.46024,1.15592],[-74.45964,1.15982],[-74.46134,1.16074],[-74.46302,1.15837],[-74.46405,1.16101],[-74.46496,1.15931],[-74.46589,1.15977],[-74.46642,1.16201],[-74.46522,1.16279],[-74.46658,1.16799],[-74.46541,1.17139],[-74.46645,1.1732],[-74.46724,1.17313],[-74.46759,1.1715],[-74.46938,1.17133],[-74.47036,1.17537],[-74.47319,1.17594],[-74.47643,1.17157],[-74.47834,1.17253],[-74.47947,1.1718],[-74.4808,1.17233],[-74.48227,1.17356],[-74.48148,1.1764],[-74.48323,1.18144],[-74.48659,1.1822],[-74.48682,1.18352],[-74.49193,1.18535],[-74.49223,1.18911],[-74.49379,1.19132],[-74.49707,1.19219],[-74.49802,1.1938],[-74.50136,1.19432],[-74.50327,1.1934],[-74.50553,1.1952],[-74.51106,1.19189],[-74.51462,1.1951],[-74.51615,1.19567],[-74.51809,1.19504],[-74.51883,1.19657],[-74.52063,1.19667],[-74.52231,1.1984],[-74.52538,1.19964],[-74.52708,1.20352],[-74.52733,1.20614],[-74.53331,1.21078],[-74.53418,1.21075],[-74.53436,1.21191],[-74.5396,1.21439],[-74.5424,1.21285],[-74.55544,1.21879],[-74.56208,1.22611],[-74.56672,1.22788],[-74.56927,1.23109],[-74.57255,1.23345],[-74.57257,1.23672],[-74.57076,1.23826],[-74.57208,1.24251],[-74.57237,1.2479],[-74.57781,1.25968],[-74.58142,1.26347],[-74.58606,1.26442],[-74.59019,1.2682],[-74.59554,1.27495],[-74.5981,1.28283],[-74.59917,1.28308],[-74.60051,1.2822],[-74.60272,1.28313],[-74.60684,1.2816],[-74.60896,1.28341],[-74.78746,1.56776],[-74.78239,1.57667],[-74.78273,1.58236],[-74.78462,1.58398],[-74.78713,1.58473],[-74.79494,1.58315],[-74.79869,1.58547],[-74.80251,1.59678],[-74.81056,1.60302],[-74.81231,1.60609],[-74.81269,1.60925],[-74.81118,1.6123],[-74.80815,1.61362],[-74.80418,1.61406],[-74.80253,1.61642],[-74.80339,1.61965],[-74.80746,1.62199],[-74.8078,1.62504],[-74.80484,1.62925],[-74.8045,1.63134],[-74.80205,1.63411],[-74.80174,1.64265],[-74.79705,1.64713],[-74.79516,1.65056],[-74.79672,1.65625],[-74.79907,1.65931],[-74.79931,1.66164],[-74.79787,1.66607],[-74.79485,1.66809],[-74.79682,1.67031],[-74.79676,1.67164],[-74.79812,1.67361],[-74.79678,1.67417],[-74.79714,1.67558],[-74.79508,1.67945],[-74.79527,1.68167],[-74.79758,1.68309],[-74.80021,1.68756],[-74.80336,1.68872],[-74.80279,1.68955],[-74.80326,1.69168],[-74.80488,1.69122],[-74.80391,1.69211],[-74.80399,1.69383],[-74.80211,1.69486],[-74.80168,1.69602],[-74.80266,1.69663],[-74.80175,1.69844],[-74.80298,1.69996],[-74.80273,1.7019],[-74.80136,1.70325],[-74.8027,1.70527],[-74.80086,1.70532],[-74.79986,1.70686],[-74.80054,1.70777],[-74.80349,1.70801],[-74.80234,1.70854],[-74.80279,1.7101],[-74.80588,1.71009],[-74.80603,1.71088],[-74.80489,1.71066],[-74.80526,1.71179],[-74.80729,1.71107],[-74.80759,1.71335],[-74.80884,1.71299],[-74.80915,1.71477],[-74.81101,1.71446],[-74.81243,1.71568],[-74.8135,1.71531],[-74.81417,1.71692],[-74.81337,1.71723],[-74.81424,1.71795],[-74.81317,1.71863],[-74.81412,1.71882],[-74.81403,1.71996],[-74.81528,1.71998],[-74.81405,1.72185],[-74.81518,1.72358],[-74.81263,1.7228],[-74.81325,1.72408],[-74.81239,1.72513],[-74.81415,1.72582],[-74.81251,1.72777],[-74.81352,1.73068],[-74.81551,1.73215],[-74.81503,1.73376],[-74.81821,1.73392],[-74.82017,1.73261],[-74.82099,1.73387],[-74.823,1.73351],[-74.82509,1.73527],[-74.82867,1.73482],[-74.83202,1.73848],[-74.83543,1.73932],[-74.83495,1.74311],[-74.8391,1.74572],[-74.83895,1.74657],[-74.84033,1.74743],[-74.83998,1.74882],[-74.84432,1.75075],[-74.8439,1.75154],[-74.84556,1.75286],[-74.84497,1.7534],[-74.84594,1.75424],[-74.84552,1.75499],[-74.84704,1.75637],[-74.84672,1.75988],[-74.84785,1.76172],[-74.84964,1.76276],[-74.84865,1.76303],[-74.8487,1.76413],[-74.85051,1.76664],[-74.84774,1.77117],[-74.84747,1.77422],[-74.84568,1.7743],[-74.84507,1.7764],[-74.84309,1.77854],[-74.84425,1.78037],[-74.84387,1.78489],[-74.84196,1.78502],[-74.84028,1.78723],[-74.83969,1.7868],[-74.8333,1.7898],[-74.83355,1.79494],[-74.83457,1.79709],[-74.83585,1.79772],[-74.83821,1.79794],[-74.84081,1.79683],[-74.84227,1.79762],[-74.84399,1.79734],[-74.84573,1.79819],[-74.8471,1.80017],[-74.84862,1.80056],[-74.84904,1.80251],[-74.85224,1.80771],[-74.85397,1.81387],[-74.8568,1.81558],[-74.85604,1.84071],[-74.85787,1.84146],[-74.85934,1.84809],[-74.85841,1.85015],[-74.85652,1.85114],[-74.85555,1.85401],[-74.85707,1.85652],[-74.85753,1.85984],[-74.85882,1.8611],[-74.85793,1.86228],[-74.85803,1.86435],[-74.85957,1.86589],[-74.85966,1.86769],[-74.86097,1.86774],[-74.86169,1.86874],[-74.86399,1.87679],[-74.86946,1.88456],[-74.87068,1.88989],[-74.87386,1.89463],[-74.87436,1.89751],[-74.87673,1.90011],[-74.87637,1.90373],[-74.88158,1.90554],[-74.8835,1.90824],[-74.88338,1.91047],[-74.87866,1.91565],[-74.8786,1.91679],[-74.88148,1.91899],[-74.88338,1.92233],[-74.88779,1.92491],[-74.88977,1.92819],[-74.89597,1.93003],[-74.89687,1.9321],[-74.89975,1.93422],[-74.89965,1.93579],[-74.89721,1.94026],[-74.89941,1.94344],[-74.90124,1.94875],[-74.9016,1.9533],[-74.90586,1.95762],[-74.91109,1.96056],[-74.91743,1.96281],[-74.92227,1.97141],[-74.92297,1.97422],[-74.91971,1.98584],[-74.91936,1.99531],[-74.91753,1.99744],[-74.9189,1.99936],[-74.91878,2.0046],[-74.91737,2.00634],[-74.91818,2.01032],[-74.91981,2.01141],[-74.92052,2.0131],[-74.91965,2.01615],[-74.9208,2.01799],[-74.92061,2.01911],[-74.92412,2.02109],[-74.92321,2.02217],[-74.92437,2.02303],[-74.92311,2.02292],[-74.92273,2.02639],[-74.92389,2.02749],[-74.9245,2.02696],[-74.92493,2.02827],[-74.9254,2.02751],[-74.92753,2.02882],[-74.92937,2.03166],[-74.93216,2.03373],[-74.93496,2.04024],[-74.93898,2.04006],[-74.94229,2.03717],[-74.94354,2.03783],[-74.94376,2.03609],[-74.94621,2.03576],[-74.94686,2.03444],[-74.9486,2.03452],[-74.94852,2.03267],[-74.95027,2.03317],[-74.95064,2.03237],[-74.9521,2.03304],[-74.95365,2.03205],[-74.95658,2.03312],[-74.95519,2.03727],[-74.95427,2.03746],[-74.95359,2.03905],[-74.95502,2.03971],[-74.95546,2.04125],[-74.95377,2.04189],[-74.952,2.04412],[-74.95202,2.0455],[-74.95027,2.0446],[-74.95086,2.04596],[-74.94941,2.04603],[-74.94906,2.04754],[-74.94812,2.04714],[-74.94649,2.04807],[-74.94809,2.05186],[-74.94669,2.05275],[-74.94659,2.05466],[-74.94524,2.05588],[-74.9455,2.05788],[-74.94685,2.05938],[-74.94543,2.06036],[-74.94534,2.06354],[-74.94344,2.06375],[-74.94203,2.06548],[-74.94287,2.06624],[-74.94305,2.06857],[-74.94502,2.06987],[-74.94433,2.07164],[-74.94307,2.072],[-74.94097,2.07518],[-74.94198,2.07834],[-74.94136,2.08035],[-74.93866,2.08163],[-74.93722,2.08385],[-74.93743,2.08513],[-74.93891,2.0861],[-74.93876,2.08753],[-74.93963,2.08878],[-74.93852,2.09424],[-74.9421,2.09845],[-74.94679,2.09847],[-74.94928,2.09438],[-74.95341,2.09259],[-74.95665,2.08933],[-74.95976,2.08771],[-74.96098,2.08594],[-74.96512,2.0966],[-74.96556,2.10295],[-74.96811,2.103],[-74.9693,2.10397],[-74.96844,2.10826],[-74.97012,2.10742],[-74.97393,2.10754],[-74.97596,2.10667],[-74.97583,2.10544],[-74.97771,2.10537],[-74.981,2.10595],[-74.98527,2.10945],[-74.98763,2.10933],[-74.992,2.11298],[-74.99652,2.11122],[-74.99873,2.11145],[-75.00115,2.11351],[-75.00262,2.12023],[-75.00586,2.12473],[-75.00406,2.12839],[-75.00535,2.13593],[-75.00391,2.13825],[-75.00895,2.14293],[-75.01303,2.14441],[-75.01436,2.14732],[-75.01921,2.14628],[-75.02206,2.14942],[-75.02627,2.15046],[-75.02589,2.15809],[-75.02392,2.16085],[-75.02579,2.16723],[-75.02521,2.17082],[-75.02248,2.1757],[-75.02434,2.17804],[-75.02396,2.18166],[-75.02232,2.18327],[-75.02229,2.18533],[-75.0208,2.18706],[-75.01802,2.18753],[-75.01617,2.19286],[-75.01649,2.19484],[-75.01519,2.19636],[-75.01397,2.20039],[-75.00917,2.20426],[-75.00503,2.20455],[-75.00343,2.20621],[-75.00346,2.21114],[-75.00764,2.21266],[-75.0063,2.22279],[-75.0076,2.22696],[-75.00707,2.22945],[-75.00924,2.23048],[-75.00551,2.23346],[-75.00312,2.23768],[-75.00413,2.23969],[-75.00305,2.24267],[-75.00013,2.24543],[-75.003,2.24795],[-75.00533,2.25158],[-75.00685,2.25645],[-75.00399,2.25893],[-75.00422,2.26168],[-75.00206,2.2636],[-75.00202,2.26813],[-75.00116,2.26931],[-75.00182,2.27204],[-74.99916,2.27328],[-74.99913,2.27595],[-75.00061,2.27823],[-75.0016,2.2822],[-75.00375,2.283],[-75.00389,2.28419],[-75.00185,2.28553],[-74.9991,2.29113],[-74.98917,2.2987],[-74.98993,2.30168],[-74.99497,2.3101],[-74.9953,2.32228],[-74.98852,2.33032],[-74.98447,2.33372],[-74.98546,2.33778],[-74.98522,2.3428],[-74.98722,2.34672],[-74.9914,2.34779],[-74.99468,2.34759],[-74.99698,2.34871],[-74.99801,2.35063],[-75.00328,2.35276],[-75.00615,2.35059],[-75.01046,2.34937],[-75.0097,2.35136],[-75.01038,2.35311],[-75.00953,2.35445],[-75.00764,2.3566],[-75.00244,2.36008],[-75.00088,2.3638],[-74.99847,2.36691],[-74.99492,2.36782],[-74.99356,2.37043],[-74.99385,2.37317],[-74.99555,2.37534],[-74.99555,2.37658],[-74.99428,2.38226],[-74.9944,2.38547],[-74.99288,2.38765],[-74.99373,2.39059],[-74.99704,2.39354],[-74.99747,2.39938],[-74.99546,2.40182],[-74.99525,2.40474],[-74.99078,2.40726],[-74.99318,2.41287],[-74.993,2.41679],[-74.99175,2.41836],[-74.99248,2.41953],[-74.98971,2.4239],[-74.98884,2.42944],[-74.98427,2.43144],[-74.98317,2.43509],[-74.98598,2.4383],[-74.99032,2.44109],[-74.99468,2.44768],[-74.9967,2.44925],[-75.0029,2.45221],[-75.00439,2.45209],[-75.00596,2.44987],[-75.009,2.44955],[-75.01077,2.45025],[-75.01242,2.45542],[-75.01216,2.46593],[-75.00962,2.47079],[-75.01008,2.47197],[-75.01196,2.47255],[-75.01264,2.47898],[-75.01426,2.4835],[-75.01408,2.48602],[-75.01563,2.48975],[-75.01485,2.49201],[-75.01283,2.49338],[-75.01002,2.4973],[-75.01139,2.5095],[-75.00698,2.51184],[-75.00584,2.51369],[-75.00827,2.52038],[-75.00833,2.52404],[-75.002,2.52666],[-75.00121,2.52995],[-74.99623,2.53966],[-74.98649,2.54762],[-74.98438,2.55158],[-74.98707,2.55619],[-74.9877,2.55963],[-74.98049,2.56486],[-74.97999,2.56723],[-74.9809,2.56888],[-74.9849,2.57104],[-74.98783,2.57706],[-74.99731,2.58654],[-75.00754,2.58802],[-75.01885,2.59142],[-75.02378,2.58992],[-75.02874,2.59031],[-75.03375,2.59334],[-75.03758,2.59778],[-75.03728,2.60215],[-75.03933,2.60533],[-75.04359,2.6083],[-75.04934,2.61044],[-75.04962,2.61209],[-75.04865,2.61409],[-75.04983,2.61943],[-75.04938,2.62297],[-75.05536,2.62871],[-75.06929,2.62716],[-75.07464,2.6252],[-75.07892,2.62615],[-75.08338,2.6255],[-75.0868,2.62645],[-75.0933,2.62414],[-75.1016,2.62657],[-75.10369,2.62619],[-75.10997,2.61961],[-75.11145,2.61528],[-75.118,2.6086],[-75.12021,2.60682],[-75.12675,2.60616],[-75.13324,2.6013],[-75.13437,2.59909],[-75.13402,2.60485],[-75.13686,2.60708],[-75.14309,2.61536],[-75.14953,2.62074],[-75.149,2.62795],[-75.15016,2.63361],[-75.15286,2.63747],[-75.1556,2.64593],[-75.15352,2.65692],[-75.1477,2.66279],[-75.14139,2.66701],[-75.14028,2.6688],[-75.13959,2.67289],[-75.13788,2.67649],[-75.13703,2.68237],[-75.13373,2.68895],[-75.13317,2.69363],[-75.13835,2.69516],[-75.14328,2.69917],[-75.14929,2.7004],[-75.15111,2.70301],[-75.15409,2.70412],[-75.15426,2.7058],[-75.14743,2.72153],[-75.14598,2.7231],[-75.14013,2.72604],[-75.12799,2.72886],[-75.12058,2.72952],[-75.11819,2.72643],[-75.11439,2.72472],[-75.10773,2.73186],[-75.10283,2.73519],[-75.09935,2.73521],[-75.09628,2.73757],[-75.09224,2.73493],[-75.08897,2.73007],[-75.08494,2.73208],[-75.07677,2.74373],[-75.07472,2.74546],[-75.07225,2.74604],[-75.07034,2.74215],[-75.06973,2.74514],[-75.0579,2.75832],[-75.05504,2.76443],[-75.048,2.77019],[-75.04622,2.77453],[-75.04235,2.77701],[-75.04139,2.77894],[-75.04111,2.78308],[-75.03587,2.78837],[-75.02649,2.79315],[-75.02676,2.79647],[-75.02552,2.79978],[-75.0211,2.80364],[-75.02248,2.80957],[-75.02028,2.81496],[-75.01434,2.8242],[-75.01186,2.82448],[-75.00951,2.82724],[-75.00551,2.83469],[-75.00082,2.83772],[-74.99654,2.84614],[-74.99171,2.85097],[-74.98896,2.858],[-74.98468,2.86104],[-74.97543,2.86283],[-74.97129,2.87015],[-74.96922,2.8718],[-74.96412,2.87304],[-74.96274,2.8758],[-74.9626,2.87801],[-74.95579,2.87971],[-74.9546,2.88588],[-74.9506,2.89098],[-74.94729,2.89291],[-74.94163,2.90023],[-74.94025,2.90354],[-74.93551,2.90891],[-74.93153,2.90986],[-74.92833,2.90625],[-74.9225,2.90542],[-74.92042,2.90333],[-74.91917,2.90042],[-74.92,2.89917],[-74.91792,2.89167],[-74.91271,2.88479],[-74.91063,2.88354],[-74.90791,2.88667],[-74.9075,2.88833],[-74.90583,2.88833],[-74.905,2.89167],[-74.9,2.8925],[-74.89875,2.89667],[-74.89542,2.9],[-74.89417,2.905],[-74.89167,2.90542],[-74.88917,2.90792],[-74.88,2.91208],[-74.87833,2.915],[-74.87125,2.91667],[-74.85917,2.915],[-74.85667,2.91583],[-74.85167,2.91333],[-74.84666,2.91542],[-74.84541,2.91667],[-74.83688,2.90854],[-74.83292,2.91083],[-74.83187,2.91396],[-74.8325,2.915],[-74.82917,2.91958],[-74.82417,2.92292],[-74.8175,2.92375],[-74.815,2.92833],[-74.80979,2.92979],[-74.80917,2.93167],[-74.80583,2.93292],[-74.80417,2.93583],[-74.8025,2.93625],[-74.8,2.93833],[-74.79041,2.92917],[-74.78958,2.9275],[-74.78958,2.925],[-74.79125,2.9225],[-74.79208,2.91833],[-74.79417,2.915],[-74.79042,2.91083],[-74.79,2.9075],[-74.78083,2.90458],[-74.78167,2.90208],[-74.77834,2.89125],[-74.77917,2.8875],[-74.77875,2.88583],[-74.77625,2.88333],[-74.77458,2.87917],[-74.7725,2.87708],[-74.77084,2.87667],[-74.76937,2.87312],[-74.7675,2.8725],[-74.76417,2.87333],[-74.76167,2.8725],[-74.7575,2.87625],[-74.755,2.8775],[-74.74958,2.87583],[-74.74083,2.87833],[-74.74083,2.88],[-74.73625,2.88083],[-74.72916,2.87792],[-74.72583,2.8775],[-74.725,2.88333],[-74.7125,2.88708],[-74.70834,2.89042],[-74.70167,2.89167],[-74.69833,2.89083],[-74.69209,2.89333],[-74.67292,2.88833],[-74.6725,2.88667],[-74.67333,2.88292],[-74.6725,2.88042],[-74.67333,2.87833],[-74.67292,2.87667],[-74.66666,2.87042],[-74.6675,2.86917],[-74.66666,2.86708],[-74.66813,2.86063],[-74.66458,2.85667],[-74.66417,2.85542],[-74.665,2.85333],[-74.66375,2.85167],[-74.66167,2.84208],[-74.66209,2.84],[-74.66417,2.83792],[-74.66854,2.83604],[-74.67167,2.83167],[-74.66938,2.82729],[-74.66625,2.825],[-74.66583,2.82375],[-74.6675,2.81833],[-74.66708,2.81583],[-74.665,2.81292],[-74.66625,2.81],[-74.66666,2.805],[-74.665,2.805],[-74.665,2.80333],[-74.65667,2.80375],[-74.6575,2.80167],[-74.65625,2.79333],[-74.65375,2.78417],[-74.65292,2.7825],[-74.64875,2.77917],[-74.64709,2.77583],[-74.64667,2.7725],[-74.64458,2.77167],[-74.64333,2.76833],[-74.64417,2.76667],[-74.6425,2.75958],[-74.64333,2.75583],[-74.63416,2.755],[-74.62708,2.75583],[-74.6175,2.75375],[-74.61958,2.74917],[-74.62188,2.74771],[-74.62375,2.745],[-74.62458,2.74167],[-74.62875,2.73833],[-74.62959,2.73667],[-74.62959,2.73167],[-74.62791,2.72917],[-74.62666,2.72375],[-74.62708,2.72167],[-74.63042,2.71917],[-74.63208,2.71333],[-74.635,2.71208],[-74.63792,2.70833],[-74.63834,2.70583],[-74.6375,2.70083],[-74.62833,2.69917],[-74.62334,2.7],[-74.61584,2.69625],[-74.61417,2.69458],[-74.61667,2.6875],[-74.61584,2.68333],[-74.60667,2.68292],[-74.6025,2.67958],[-74.59666,2.67708],[-74.59541,2.67583],[-74.595,2.67333],[-74.59,2.67333],[-74.58583,2.66542],[-74.58791,2.66167],[-74.59292,2.65667],[-74.59708,2.645],[-74.59792,2.63833],[-74.6,2.63625]]]}},{"type":"Feature","properties":{"nombre":"Páez","codigo":"19517","departamento":"Cauca","zona":"Occidente","lat":2.73607,"lon":-75.992},"geometry":{"type":"Polygon","coordinates":[[[-76.06458,3.04685],[-76.0635,3.04601],[-76.06202,3.04662],[-76.06052,3.0459],[-76.05816,3.0422],[-76.05591,3.04417],[-76.05386,3.0438],[-76.05236,3.04236],[-76.04694,3.04389],[-76.0449,3.04312],[-76.04409,3.04173],[-76.0456,3.03952],[-76.04434,3.03662],[-76.04461,3.03245],[-76.04015,3.02882],[-76.03916,3.02492],[-76.0396,3.02177],[-76.04182,3.01829],[-76.0413,3.01588],[-76.03586,3.01352],[-76.03474,3.01017],[-76.03374,3.00931],[-76.0224,3.00527],[-76.0208,3.00389],[-76.02167,2.99983],[-76.02025,2.99506],[-76.02633,2.9876],[-76.02745,2.98165],[-76.02901,2.97807],[-76.02917,2.97192],[-76.02611,2.96818],[-76.02506,2.96058],[-76.02709,2.9561],[-76.02873,2.95469],[-76.02943,2.94976],[-76.02899,2.94049],[-75.89524,2.85539],[-75.89372,2.85204],[-75.89136,2.85128],[-75.89104,2.84964],[-75.88539,2.84099],[-75.88243,2.83977],[-75.88104,2.83759],[-75.88097,2.83548],[-75.87918,2.83377],[-75.8741,2.83295],[-75.86908,2.83419],[-75.86774,2.83558],[-75.86563,2.83526],[-75.8634,2.83642],[-75.85451,2.84189],[-75.8456,2.84298],[-75.84128,2.84023],[-75.83718,2.84103],[-75.83214,2.83861],[-75.83076,2.8391],[-75.82775,2.83716],[-75.82727,2.83838],[-75.82543,2.83824],[-75.82415,2.83628],[-75.82206,2.83533],[-75.82027,2.831],[-75.81641,2.82953],[-75.81612,2.82706],[-75.81738,2.8264],[-75.81729,2.82543],[-75.81396,2.82177],[-75.81154,2.82197],[-75.80935,2.82052],[-75.80668,2.82105],[-75.80555,2.81913],[-75.80623,2.81309],[-75.80729,2.81094],[-75.80711,2.80931],[-75.80481,2.80799],[-75.80583,2.80712],[-75.80794,2.8016],[-75.80736,2.79728],[-75.8086,2.79285],[-75.80863,2.78916],[-75.81052,2.78698],[-75.8118,2.77904],[-75.8097,2.77725],[-75.80815,2.77315],[-75.80634,2.77152],[-75.80581,2.76829],[-75.80452,2.7672],[-75.80403,2.76858],[-75.80313,2.7687],[-75.80128,2.76547],[-75.79772,2.76511],[-75.79354,2.76154],[-75.7913,2.7617],[-75.78981,2.75844],[-75.78631,2.76008],[-75.78377,2.76331],[-75.78018,2.76182],[-75.77914,2.76072],[-75.77901,2.75846],[-75.77677,2.75414],[-75.77153,2.75481],[-75.76855,2.75398],[-75.76649,2.75221],[-75.76393,2.75239],[-75.75375,2.74523],[-75.75271,2.74327],[-75.75103,2.74218],[-75.75266,2.73767],[-75.7541,2.73622],[-75.75272,2.73035],[-75.75037,2.72707],[-75.74783,2.7192],[-75.7483,2.71803],[-75.74928,2.71835],[-75.75125,2.71721],[-75.75204,2.71375],[-75.75424,2.71229],[-75.75301,2.70804],[-75.75505,2.70553],[-75.75553,2.70202],[-75.75368,2.70099],[-75.75242,2.6976],[-75.75326,2.69721],[-75.75397,2.69859],[-75.75526,2.69848],[-75.75716,2.69568],[-75.7576,2.69195],[-75.75641,2.68883],[-75.75734,2.68191],[-75.75844,2.68039],[-75.76329,2.67989],[-75.76523,2.67742],[-75.76755,2.67674],[-75.7715,2.67719],[-75.77452,2.67151],[-75.77459,2.66695],[-75.7776,2.66451],[-75.78064,2.65965],[-75.78296,2.65774],[-75.78551,2.6591],[-75.78909,2.6582],[-75.78872,2.65244],[-75.79118,2.65089],[-75.78958,2.64879],[-75.79091,2.64696],[-75.79074,2.6423],[-75.79154,2.6405],[-75.78906,2.6351],[-75.79116,2.63408],[-75.79102,2.6304],[-75.79261,2.62938],[-75.79684,2.62877],[-75.79693,2.62806],[-75.79464,2.62637],[-75.79715,2.62536],[-75.79802,2.62347],[-75.80059,2.6231],[-75.80083,2.62019],[-75.80253,2.61643],[-75.80336,2.61602],[-75.80272,2.61433],[-75.80436,2.61317],[-75.80807,2.60766],[-75.80645,2.60497],[-75.80916,2.60433],[-75.80996,2.60019],[-75.81536,2.59499],[-75.81756,2.59492],[-75.81788,2.59587],[-75.81973,2.59598],[-75.81962,2.59434],[-75.82447,2.5908],[-75.82365,2.58848],[-75.82559,2.58669],[-75.82586,2.58294],[-75.82428,2.58111],[-75.82617,2.57899],[-75.82699,2.57534],[-75.82942,2.57225],[-75.83258,2.57045],[-75.83592,2.57031],[-75.83523,2.56864],[-75.83671,2.56845],[-75.83756,2.56712],[-75.8385,2.56402],[-75.83793,2.56152],[-75.83991,2.55947],[-75.83987,2.55832],[-75.838,2.55588],[-75.8363,2.55637],[-75.83596,2.55308],[-75.83425,2.55301],[-75.83349,2.55205],[-75.83457,2.54913],[-75.83375,2.54786],[-75.8339,2.54419],[-75.83599,2.54155],[-75.83751,2.54107],[-75.8367,2.53916],[-75.83526,2.53724],[-75.83025,2.53445],[-75.82952,2.53185],[-75.82727,2.53167],[-75.82646,2.52994],[-75.82469,2.52882],[-75.82572,2.52648],[-75.82386,2.52438],[-75.8235,2.52169],[-75.82181,2.52011],[-75.81933,2.51972],[-75.8199,2.51524],[-75.81894,2.51187],[-75.82006,2.51065],[-75.82214,2.50418],[-75.82163,2.49865],[-75.82268,2.49474],[-75.82188,2.49208],[-75.81873,2.49045],[-75.81632,2.48648],[-75.81499,2.48587],[-75.81412,2.48362],[-75.81827,2.48236],[-75.81946,2.48252],[-75.82041,2.48416],[-75.82307,2.48333],[-75.82368,2.47819],[-75.82477,2.4761],[-75.82632,2.47641],[-75.82636,2.47996],[-75.82835,2.48013],[-75.82959,2.47853],[-75.82866,2.47589],[-75.82913,2.47398],[-75.83197,2.47396],[-75.83357,2.47105],[-75.83981,2.46889],[-75.84283,2.46663],[-75.84361,2.46485],[-75.84255,2.4628],[-75.8406,2.4623],[-75.83662,2.46449],[-75.83642,2.46088],[-75.8374,2.45972],[-75.83935,2.46008],[-75.84146,2.45909],[-75.84563,2.46027],[-75.84874,2.45859],[-75.84918,2.45609],[-75.84529,2.45252],[-75.84614,2.45113],[-75.84809,2.45024],[-75.85022,2.45059],[-75.85158,2.4519],[-75.85093,2.45564],[-75.85324,2.45479],[-75.85385,2.45265],[-75.85164,2.45001],[-75.85137,2.4481],[-75.85987,2.44193],[-75.86046,2.44047],[-75.85969,2.43925],[-75.85578,2.43838],[-75.85611,2.43395],[-75.8638,2.42616],[-75.86774,2.42784],[-75.87446,2.42628],[-75.87452,2.42769],[-75.87208,2.43097],[-75.8728,2.43173],[-75.87963,2.42983],[-75.88117,2.42762],[-75.88345,2.4295],[-75.88441,2.42938],[-75.8875,2.42511],[-75.88859,2.42788],[-75.88721,2.42995],[-75.89091,2.43051],[-75.89178,2.43152],[-75.89117,2.43233],[-75.88893,2.43227],[-75.88817,2.43335],[-75.88858,2.43422],[-75.89462,2.43328],[-75.89429,2.43657],[-75.89913,2.43952],[-75.90087,2.44242],[-75.90255,2.44334],[-75.90573,2.44208],[-75.90707,2.44568],[-75.9102,2.4462],[-75.91218,2.45512],[-75.91763,2.45702],[-75.91761,2.46682],[-75.91574,2.47116],[-75.91722,2.47403],[-75.92051,2.47387],[-75.92203,2.47468],[-75.924,2.48123],[-75.92764,2.47972],[-75.92944,2.48173],[-75.93075,2.47843],[-75.93147,2.47827],[-75.93739,2.48439],[-75.93728,2.4881],[-75.94134,2.48828],[-75.94787,2.48617],[-75.95305,2.4873],[-75.95444,2.49011],[-75.95835,2.4904],[-75.96102,2.49685],[-75.96375,2.50006],[-75.96312,2.50403],[-75.96518,2.50715],[-75.96131,2.51003],[-75.95895,2.51292],[-75.95978,2.51515],[-75.96334,2.51588],[-75.9627,2.51712],[-75.96065,2.51784],[-75.96209,2.52515],[-75.96177,2.53131],[-75.96089,2.53203],[-75.95605,2.53235],[-75.95896,2.53509],[-75.95809,2.5401],[-75.96075,2.54487],[-75.96643,2.54509],[-75.96874,2.54987],[-75.97469,2.55192],[-75.97505,2.55619],[-75.97217,2.56077],[-75.97359,2.56278],[-75.97581,2.56325],[-75.98051,2.56142],[-75.98935,2.56176],[-75.9983,2.56754],[-76.00001,2.5694],[-76.00456,2.57122],[-76.00759,2.57339],[-76.01051,2.57692],[-76.02027,2.58299],[-76.02177,2.58503],[-76.02507,2.58651],[-76.02629,2.59117],[-76.02979,2.59895],[-76.02994,2.60252],[-76.03339,2.60842],[-76.03599,2.61016],[-76.0409,2.6101],[-76.042,2.61152],[-76.04131,2.61298],[-76.03802,2.61269],[-76.03573,2.61342],[-76.03112,2.6189],[-76.02752,2.61992],[-76.02326,2.62283],[-76.02023,2.62352],[-76.02014,2.62417],[-76.01652,2.62431],[-76.01598,2.62608],[-76.01161,2.62918],[-76.0093,2.63396],[-76.01204,2.63431],[-76.0132,2.6356],[-76.01646,2.63547],[-76.01826,2.63508],[-76.02064,2.63294],[-76.02597,2.6316],[-76.02713,2.63177],[-76.0289,2.6346],[-76.03098,2.63561],[-76.03115,2.63755],[-76.02952,2.63943],[-76.02992,2.64281],[-76.03617,2.64727],[-76.03629,2.65067],[-76.03875,2.65439],[-76.03879,2.65825],[-76.03636,2.66217],[-76.03715,2.66305],[-76.03793,2.66924],[-76.04081,2.66917],[-76.04306,2.67072],[-76.04452,2.67021],[-76.04607,2.67304],[-76.05208,2.66884],[-76.05739,2.6676],[-76.05988,2.67314],[-76.06358,2.67862],[-76.06873,2.67358],[-76.07087,2.66878],[-76.07476,2.66631],[-76.08382,2.66576],[-76.08512,2.66408],[-76.0951,2.6583],[-76.09975,2.65079],[-76.10167,2.64949],[-76.10441,2.65244],[-76.10798,2.6547],[-76.11354,2.66595],[-76.11815,2.66573],[-76.12427,2.66239],[-76.12977,2.65817],[-76.13262,2.65381],[-76.13456,2.65358],[-76.14201,2.65468],[-76.14547,2.65426],[-76.14948,2.65533],[-76.1512,2.65755],[-76.15533,2.6594],[-76.15657,2.66188],[-76.15852,2.66337],[-76.15875,2.66598],[-76.16154,2.66802],[-76.16438,2.66813],[-76.16545,2.66704],[-76.16756,2.65993],[-76.17178,2.65688],[-76.17413,2.65331],[-76.17465,2.64792],[-76.17592,2.645],[-76.17839,2.63201],[-76.18225,2.62626],[-76.1879,2.62382],[-76.19421,2.62813],[-76.19874,2.62778],[-76.20013,2.62846],[-76.20292,2.63367],[-76.204,2.63435],[-76.20686,2.63429],[-76.21156,2.63168],[-76.22324,2.64346],[-76.22773,2.64417],[-76.23448,2.64661],[-76.23887,2.64689],[-76.24508,2.65062],[-76.24971,2.65169],[-76.25252,2.65468],[-76.25456,2.65906],[-76.25376,2.66159],[-76.25067,2.66496],[-76.24946,2.66785],[-76.25108,2.67471],[-76.25054,2.67927],[-76.24831,2.68228],[-76.24739,2.68537],[-76.24189,2.69055],[-76.23979,2.69552],[-76.2399,2.69736],[-76.23592,2.70324],[-76.23393,2.70489],[-76.23191,2.70866],[-76.23103,2.7124],[-76.23014,2.71308],[-76.2289,2.71904],[-76.22978,2.73091],[-76.23047,2.73121],[-76.23115,2.73387],[-76.2298,2.73625],[-76.22947,2.74036],[-76.22783,2.74318],[-76.22605,2.74439],[-76.22689,2.74865],[-76.22584,2.75195],[-76.22467,2.75192],[-76.22583,2.75325],[-76.22611,2.75525],[-76.22518,2.75585],[-76.2247,2.75798],[-76.22245,2.75872],[-76.22288,2.76102],[-76.22135,2.76131],[-76.22006,2.76962],[-76.21577,2.77524],[-76.21343,2.77506],[-76.21156,2.77608],[-76.20738,2.77391],[-76.20151,2.77502],[-76.19942,2.77407],[-76.19812,2.77243],[-76.19265,2.77049],[-76.1868,2.77179],[-76.184,2.77001],[-76.18199,2.77054],[-76.18085,2.77277],[-76.17915,2.7733],[-76.17602,2.77651],[-76.17418,2.77702],[-76.17682,2.78025],[-76.19091,2.78337],[-76.19313,2.7863],[-76.19709,2.78829],[-76.20147,2.78696],[-76.20736,2.7867],[-76.21544,2.78965],[-76.21828,2.7887],[-76.2229,2.7897],[-76.22501,2.78838],[-76.22884,2.78957],[-76.23014,2.78883],[-76.23031,2.78769],[-76.2321,2.78756],[-76.2356,2.78386],[-76.23878,2.78243],[-76.24075,2.78184],[-76.24263,2.78264],[-76.24467,2.78176],[-76.24581,2.78241],[-76.24502,2.78446],[-76.24204,2.78499],[-76.24058,2.78623],[-76.23961,2.78929],[-76.23931,2.795],[-76.23222,2.80674],[-76.22305,2.81055],[-76.22038,2.81088],[-76.21532,2.81505],[-76.2153,2.81723],[-76.21764,2.8182],[-76.21908,2.82061],[-76.21828,2.82295],[-76.22064,2.83116],[-76.21947,2.83442],[-76.22299,2.83813],[-76.22158,2.84806],[-76.22345,2.85102],[-76.22425,2.85445],[-76.21842,2.85564],[-76.21318,2.85555],[-76.20591,2.85908],[-76.20545,2.86065],[-76.20681,2.86422],[-76.20573,2.86776],[-76.19993,2.87435],[-76.19272,2.87865],[-76.18992,2.8793],[-76.18427,2.87703],[-76.18039,2.87822],[-76.17718,2.87773],[-76.16916,2.87848],[-76.16516,2.88216],[-76.16002,2.88481],[-76.15919,2.88634],[-76.15676,2.88774],[-76.1526,2.88841],[-76.15149,2.89123],[-76.15192,2.89877],[-76.15334,2.90296],[-76.14562,2.9049],[-76.14355,2.91568],[-76.14116,2.91604],[-76.13777,2.91453],[-76.1261,2.91431],[-76.12287,2.91654],[-76.12006,2.92114],[-76.11714,2.92258],[-76.11722,2.92594],[-76.11951,2.93065],[-76.11689,2.93246],[-76.11562,2.93808],[-76.11242,2.94392],[-76.11214,2.94762],[-76.11415,2.94853],[-76.11563,2.95075],[-76.1115,2.95753],[-76.11247,2.95911],[-76.11639,2.95997],[-76.11763,2.96147],[-76.12061,2.9628],[-76.12071,2.96357],[-76.11558,2.97091],[-76.10943,2.97385],[-76.10662,2.97395],[-76.1041,2.97888],[-76.1044,2.98154],[-76.10564,2.98304],[-76.10404,2.9862],[-76.10316,2.9927],[-76.10042,2.99683],[-76.0986,3.00359],[-76.09537,3.00548],[-76.09414,3.00434],[-76.0939,3.00268],[-76.0916,3.00291],[-76.08988,3.00604],[-76.08972,3.00855],[-76.08553,3.01135],[-76.08587,3.02191],[-76.08169,3.02509],[-76.08226,3.03083],[-76.0803,3.0316],[-76.07783,3.02972],[-76.07599,3.03228],[-76.07767,3.04017],[-76.0769,3.04342],[-76.07405,3.04532],[-76.06885,3.04528],[-76.06458,3.04685]]]}},{"type":"Feature","properties":{"nombre":"Planadas","codigo":"73555","departamento":"Tolima","zona":"Norte","lat":3.09782,"lon":-75.85586},"geometry":{"type":"Polygon","coordinates":[[[-75.73128,3.32487],[-75.72897,3.32347],[-75.72784,3.32071],[-75.72223,3.31763],[-75.71322,3.31609],[-75.70908,3.31748],[-75.70262,3.31516],[-75.70187,3.31333],[-75.70286,3.30899],[-75.70077,3.30202],[-75.70029,3.29618],[-75.69792,3.28912],[-75.6981,3.28666],[-75.69453,3.28211],[-75.68927,3.27952],[-75.68708,3.28094],[-75.6858,3.28054],[-75.67883,3.28199],[-75.67802,3.28315],[-75.67529,3.28429],[-75.6741,3.28186],[-75.67112,3.28289],[-75.66889,3.27888],[-75.66678,3.2784],[-75.66684,3.27967],[-75.66585,3.28009],[-75.66133,3.27992],[-75.66034,3.27884],[-75.65861,3.28186],[-75.65729,3.28185],[-75.65483,3.28529],[-75.65269,3.28602],[-75.65156,3.28936],[-75.64992,3.29122],[-75.64479,3.29202],[-75.63618,3.29143],[-75.63495,3.29244],[-75.62963,3.29196],[-75.62768,3.29363],[-75.62622,3.29714],[-75.62429,3.29601],[-75.61981,3.29664],[-75.61762,3.29809],[-75.61397,3.2978],[-75.6109,3.29867],[-75.60925,3.29436],[-75.61088,3.29252],[-75.61118,3.28775],[-75.6092,3.28411],[-75.61008,3.28347],[-75.61142,3.28433],[-75.61235,3.28087],[-75.61199,3.27815],[-75.61037,3.27502],[-75.61167,3.27296],[-75.61097,3.27046],[-75.61217,3.26964],[-75.61273,3.267],[-75.6117,3.26623],[-75.60761,3.26644],[-75.6057,3.26458],[-75.60618,3.26117],[-75.60469,3.2589],[-75.60509,3.25378],[-75.60384,3.25114],[-75.603,3.24596],[-75.60528,3.24126],[-75.60551,3.23821],[-75.60334,3.23635],[-75.60462,3.23387],[-75.60454,3.22885],[-75.60736,3.22329],[-75.60724,3.22057],[-75.60585,3.21878],[-75.60385,3.2182],[-75.60256,3.21551],[-75.59935,3.21384],[-75.59797,3.21049],[-75.59525,3.20779],[-75.59262,3.20813],[-75.58971,3.21196],[-75.58527,3.21375],[-75.58316,3.2163],[-75.57821,3.21992],[-75.57751,3.2215],[-75.57265,3.21803],[-75.57307,3.21374],[-75.57153,3.21072],[-75.57364,3.20934],[-75.57586,3.20627],[-75.57429,3.20204],[-75.57255,3.20066],[-75.57636,3.19773],[-75.57801,3.19419],[-75.57649,3.18889],[-75.57748,3.18568],[-75.57883,3.18366],[-75.58292,3.18048],[-75.58322,3.17865],[-75.58499,3.17681],[-75.58478,3.17498],[-75.58223,3.17125],[-75.58225,3.16884],[-75.58594,3.16351],[-75.58694,3.15862],[-75.58851,3.15582],[-75.58325,3.14702],[-75.58179,3.14689],[-75.57949,3.14498],[-75.57632,3.14478],[-75.57687,3.14269],[-75.58057,3.13958],[-75.58215,3.13722],[-75.58338,3.12695],[-75.58255,3.1238],[-75.5885,3.11779],[-75.5932,3.11633],[-75.597,3.11645],[-75.60165,3.1139],[-75.60254,3.11207],[-75.60276,3.10834],[-75.60443,3.10566],[-75.6059,3.10083],[-75.61048,3.09334],[-75.61399,3.09018],[-75.61673,3.0837],[-75.62036,3.07948],[-75.62214,3.07543],[-75.61953,3.06621],[-75.61703,3.06151],[-75.6134,3.05931],[-75.60561,3.05776],[-75.60198,3.05411],[-75.59994,3.048],[-75.60104,3.04478],[-75.60152,3.03915],[-75.60449,3.03756],[-75.60908,3.03296],[-75.61065,3.02847],[-75.61215,3.02715],[-75.61382,3.02351],[-75.61681,3.02089],[-75.61914,3.01441],[-75.62098,3.01161],[-75.62711,3.00882],[-75.62735,3.0067],[-75.62625,3.0037],[-75.6268,3.00235],[-75.63135,2.99713],[-75.63551,2.99412],[-75.63872,2.99525],[-75.64729,2.99626],[-75.65981,2.9867],[-75.67226,2.98859],[-75.68445,2.9893],[-75.69321,2.99339],[-75.69333,2.98909],[-75.69509,2.98677],[-75.69863,2.9759],[-75.70271,2.96997],[-75.71067,2.96422],[-75.72084,2.96163],[-75.72521,2.95633],[-75.7286,2.95362],[-75.73352,2.95317],[-75.73591,2.95441],[-75.73773,2.9544],[-75.74031,2.95329],[-75.74403,2.95317],[-75.7495,2.94683],[-75.75266,2.94686],[-75.75486,2.94489],[-75.75742,2.94457],[-75.7615,2.94232],[-75.76554,2.93348],[-75.76613,2.93072],[-75.7655,2.92893],[-75.76711,2.92374],[-75.76303,2.91703],[-75.76295,2.91493],[-75.76857,2.91508],[-75.773,2.91276],[-75.77684,2.91364],[-75.77921,2.91174],[-75.78081,2.91174],[-75.78214,2.90717],[-75.78585,2.90251],[-75.78703,2.89909],[-75.79114,2.89854],[-75.79185,2.89646],[-75.79687,2.89329],[-75.79802,2.88906],[-75.80117,2.88623],[-75.8034,2.8854],[-75.81448,2.88523],[-75.82085,2.88324],[-75.82342,2.8799],[-75.83167,2.87448],[-75.8343,2.87349],[-75.83721,2.87371],[-75.84013,2.8719],[-75.84636,2.87108],[-75.85389,2.87215],[-75.85739,2.87151],[-75.86007,2.87301],[-75.86341,2.87783],[-75.86933,2.87983],[-75.87417,2.88374],[-75.87663,2.88724],[-75.88072,2.88739],[-75.88205,2.88947],[-75.88437,2.89757],[-75.89302,2.89814],[-75.89799,2.89377],[-75.89943,2.89477],[-75.90154,2.89486],[-75.90239,2.89814],[-75.9038,2.89977],[-75.90663,2.89972],[-75.9074,2.90052],[-75.90856,2.90947],[-75.91585,2.91185],[-75.91821,2.91356],[-75.91955,2.9138],[-75.92186,2.91265],[-75.92737,2.91374],[-75.92833,2.91503],[-75.92741,2.92142],[-75.93323,2.92239],[-75.93835,2.92057],[-75.94267,2.92202],[-75.94444,2.92181],[-75.94699,2.92015],[-75.94948,2.91674],[-75.9534,2.91775],[-75.95698,2.92342],[-75.95609,2.92725],[-75.95895,2.93678],[-75.96315,2.93605],[-75.96463,2.93839],[-75.96572,2.94467],[-75.9712,2.94513],[-75.97541,2.94772],[-75.97728,2.9502],[-75.97748,2.95229],[-75.98153,2.9561],[-75.98101,2.95879],[-75.98185,2.96355],[-75.9844,2.9656],[-75.98278,2.96869],[-75.98339,2.97075],[-75.98279,2.97231],[-75.98502,2.97576],[-75.98514,2.97847],[-75.98859,2.98254],[-75.99128,2.98245],[-76.02899,2.94049],[-76.02943,2.94976],[-76.02873,2.95469],[-76.02709,2.9561],[-76.02506,2.96058],[-76.02611,2.96818],[-76.02917,2.97192],[-76.02901,2.97807],[-76.02745,2.98165],[-76.02633,2.9876],[-76.02025,2.99506],[-76.02167,2.99983],[-76.0208,3.00389],[-76.0224,3.00527],[-76.03374,3.00931],[-76.03474,3.01017],[-76.03586,3.01352],[-76.0413,3.01588],[-76.04182,3.01829],[-76.0396,3.02177],[-76.03916,3.02492],[-76.04015,3.02882],[-76.04461,3.03245],[-76.04434,3.03662],[-76.0456,3.03952],[-76.04409,3.04173],[-76.0449,3.04312],[-76.04694,3.04389],[-76.05236,3.04236],[-76.05386,3.0438],[-76.05591,3.04417],[-76.05816,3.0422],[-76.05995,3.04529],[-76.06169,3.04652],[-76.0635,3.04601],[-76.06544,3.04689],[-76.06724,3.04588],[-76.07298,3.04959],[-76.07289,3.05705],[-76.0707,3.05926],[-76.07023,3.06693],[-76.07205,3.06886],[-76.07322,3.0726],[-76.07318,3.07727],[-76.07917,3.08381],[-76.08227,3.09044],[-76.08763,3.0918],[-76.0888,3.094],[-76.09239,3.09692],[-76.09746,3.09758],[-76.10298,3.09612],[-76.10541,3.10056],[-76.10574,3.10678],[-76.10264,3.10933],[-76.09712,3.1121],[-76.09187,3.11141],[-76.09,3.11406],[-76.08481,3.11306],[-76.08316,3.1171],[-76.078,3.11763],[-76.07372,3.12249],[-76.07367,3.12638],[-76.07654,3.1332],[-76.07417,3.13541],[-76.07268,3.14028],[-76.0762,3.14533],[-76.07795,3.15082],[-76.08092,3.15234],[-76.08442,3.15276],[-76.08612,3.15506],[-76.07786,3.16467],[-76.08106,3.16833],[-76.08303,3.17249],[-76.09086,3.17511],[-76.09215,3.17678],[-76.09251,3.17963],[-76.091,3.18521],[-76.09247,3.18748],[-76.09063,3.19026],[-76.09027,3.19277],[-76.09157,3.19656],[-76.09144,3.19848],[-76.08676,3.19362],[-76.08486,3.19265],[-76.08351,3.19004],[-76.07974,3.18797],[-76.0788,3.18264],[-76.0749,3.17811],[-76.05775,3.16979],[-76.05219,3.17024],[-76.04894,3.17219],[-76.04452,3.17253],[-76.03908,3.175],[-76.03363,3.17508],[-76.03133,3.17388],[-76.03017,3.17211],[-76.02588,3.17036],[-76.02509,3.1692],[-76.02073,3.16981],[-76.01909,3.17026],[-76.01865,3.1716],[-76.01547,3.17179],[-76.0086,3.17605],[-76.00753,3.17533],[-76.00681,3.1767],[-76.00432,3.17664],[-75.99956,3.17864],[-75.99714,3.18148],[-75.99529,3.1813],[-75.98755,3.18443],[-75.98481,3.18389],[-75.98206,3.18555],[-75.97559,3.18384],[-75.97304,3.18481],[-75.96623,3.18315],[-75.96223,3.1841],[-75.95616,3.183],[-75.95218,3.1803],[-75.95092,3.18045],[-75.94989,3.18227],[-75.94691,3.18408],[-75.94257,3.18359],[-75.93874,3.1862],[-75.92618,3.192],[-75.91443,3.19404],[-75.9118,3.1976],[-75.91177,3.19981],[-75.91064,3.20028],[-75.9099,3.20184],[-75.90623,3.20379],[-75.90556,3.20599],[-75.89779,3.2087],[-75.89671,3.2117],[-75.89071,3.21934],[-75.88698,3.22069],[-75.88283,3.21926],[-75.88218,3.22276],[-75.87851,3.22244],[-75.87817,3.22865],[-75.87526,3.23194],[-75.8752,3.23689],[-75.87343,3.23742],[-75.87297,3.23388],[-75.86865,3.23194],[-75.86549,3.23525],[-75.86298,3.23556],[-75.85918,3.2408],[-75.85569,3.24151],[-75.85132,3.24826],[-75.84993,3.24796],[-75.84894,3.24905],[-75.84772,3.24895],[-75.84703,3.25017],[-75.84159,3.25251],[-75.83864,3.25731],[-75.83601,3.25917],[-75.82892,3.26818],[-75.82495,3.26972],[-75.8209,3.27391],[-75.81826,3.27353],[-75.81767,3.27748],[-75.8185,3.28244],[-75.81546,3.28424],[-75.81202,3.28811],[-75.80582,3.28848],[-75.80414,3.28775],[-75.80339,3.28955],[-75.80147,3.28991],[-75.80028,3.29162],[-75.79788,3.29058],[-75.79563,3.29194],[-75.79183,3.29778],[-75.79072,3.30175],[-75.78687,3.30434],[-75.78743,3.3069],[-75.78649,3.30968],[-75.78138,3.31177],[-75.77945,3.31108],[-75.77562,3.31305],[-75.77223,3.31017],[-75.77034,3.31057],[-75.76654,3.3096],[-75.76382,3.31097],[-75.7628,3.313],[-75.76158,3.31368],[-75.76025,3.31772],[-75.75821,3.31675],[-75.75667,3.31798],[-75.75278,3.31682],[-75.75098,3.31509],[-75.74883,3.31802],[-75.74607,3.31712],[-75.74601,3.31855],[-75.74345,3.31838],[-75.74116,3.3214],[-75.73412,3.32471],[-75.73128,3.32487]]]}},{"type":"Feature","properties":{"nombre":"Alpujarra","codigo":"73024","departamento":"Tolima","zona":"Norte","lat":3.39453,"lon":-74.92153},"geometry":{"type":"Polygon","coordinates":[[[-74.99537,3.51212],[-74.9962,3.5101],[-74.99226,3.50474],[-74.98354,3.50366],[-74.9814,3.50238],[-74.97781,3.50268],[-74.97362,3.50134],[-74.97307,3.50057],[-74.97362,3.49882],[-74.97202,3.49815],[-74.97267,3.49625],[-74.97042,3.49451],[-74.97058,3.49334],[-74.96746,3.48802],[-74.96449,3.488],[-74.96221,3.4863],[-74.962,3.48406],[-74.95289,3.48002],[-74.95192,3.47751],[-74.95012,3.4767],[-74.94651,3.47758],[-74.94396,3.47638],[-74.94215,3.47847],[-74.93653,3.47969],[-74.93574,3.48168],[-74.93617,3.48503],[-74.9326,3.48775],[-74.9337,3.48992],[-74.93279,3.49414],[-74.92992,3.49643],[-74.92974,3.49855],[-74.92682,3.49667],[-74.92515,3.49377],[-74.91734,3.49423],[-74.9171,3.49209],[-74.9124,3.49234],[-74.91158,3.49321],[-74.90884,3.49177],[-74.90602,3.49383],[-74.90389,3.49042],[-74.9021,3.48992],[-74.89874,3.49277],[-74.89524,3.49343],[-74.89525,3.49574],[-74.89248,3.49851],[-74.89252,3.49971],[-74.88933,3.50108],[-74.88834,3.50242],[-74.8841,3.50083],[-74.88208,3.5049],[-74.87983,3.50652],[-74.87544,3.50718],[-74.87155,3.50675],[-74.86873,3.50866],[-74.86594,3.50753],[-74.8613,3.50943],[-74.85912,3.51162],[-74.852,3.51152],[-74.84559,3.50937],[-74.84372,3.50669],[-74.84183,3.50612],[-74.83906,3.50181],[-74.83365,3.49911],[-74.83063,3.49657],[-74.82796,3.49191],[-74.82766,3.48888],[-74.82849,3.48694],[-74.83454,3.4794],[-74.83711,3.47476],[-74.84852,3.46183],[-74.85155,3.45439],[-74.84773,3.45241],[-74.84395,3.44825],[-74.83912,3.44537],[-74.83211,3.43557],[-74.82807,3.43373],[-74.82659,3.43128],[-74.82771,3.43038],[-74.8277,3.42894],[-74.82423,3.4249],[-74.82365,3.42038],[-74.82157,3.41769],[-74.82107,3.41482],[-74.81441,3.4132],[-74.81102,3.41065],[-74.81233,3.40836],[-74.81635,3.40643],[-74.81783,3.40305],[-74.81769,3.39985],[-74.81488,3.39579],[-74.81532,3.39347],[-74.81829,3.39327],[-74.82175,3.38948],[-74.82414,3.39014],[-74.82567,3.38888],[-74.82745,3.38011],[-74.82709,3.37675],[-74.83112,3.37093],[-74.83114,3.36961],[-74.83564,3.36719],[-74.83977,3.36085],[-74.84561,3.35629],[-74.84867,3.35174],[-74.84954,3.34745],[-74.84807,3.34274],[-74.84849,3.34083],[-74.85124,3.34021],[-74.85715,3.33652],[-74.85915,3.33483],[-74.86029,3.33228],[-74.86408,3.33127],[-74.86693,3.32766],[-74.874,3.32692],[-74.87548,3.32613],[-74.87664,3.32437],[-74.8748,3.32213],[-74.87489,3.32117],[-74.87633,3.31964],[-74.8794,3.31877],[-74.8799,3.31491],[-74.88123,3.31422],[-74.88301,3.31467],[-74.88449,3.3133],[-74.88724,3.3078],[-74.88997,3.30683],[-74.89114,3.30349],[-74.89372,3.30325],[-74.89522,3.30072],[-74.89925,3.29781],[-74.90421,3.29212],[-74.90695,3.29054],[-74.91198,3.28978],[-74.91721,3.29051],[-74.92048,3.28617],[-74.92518,3.28554],[-74.92808,3.28291],[-74.92939,3.28303],[-74.93285,3.28591],[-74.93396,3.28602],[-74.93978,3.28397],[-74.94136,3.28238],[-74.94598,3.28174],[-74.94824,3.28015],[-74.95294,3.28169],[-74.95695,3.2795],[-74.95908,3.27708],[-74.96075,3.27869],[-74.96386,3.27963],[-74.96418,3.28238],[-74.97268,3.28377],[-74.97461,3.2831],[-74.97711,3.28507],[-74.98004,3.28527],[-74.98378,3.28369],[-74.99013,3.28317],[-74.99115,3.28154],[-74.99116,3.27976],[-74.99272,3.27826],[-75.00063,3.27621],[-75.00462,3.27752],[-75.00585,3.28],[-75.00909,3.2813],[-75.01076,3.28596],[-75.01355,3.28772],[-75.01865,3.28757],[-75.02159,3.28882],[-75.02571,3.28843],[-75.02899,3.28715],[-75.03444,3.28823],[-75.03538,3.28693],[-75.03629,3.28691],[-75.04336,3.28976],[-75.04597,3.29184],[-75.05005,3.29065],[-75.05609,3.2909],[-75.05865,3.29274],[-75.06146,3.29024],[-75.06388,3.29362],[-75.0669,3.29384],[-75.06891,3.2958],[-75.07061,3.2953],[-75.06946,3.29901],[-75.07105,3.30077],[-75.06704,3.30404],[-75.06475,3.31046],[-75.06358,3.31137],[-75.05995,3.31153],[-75.05829,3.31284],[-75.0579,3.31466],[-75.05993,3.32156],[-75.05501,3.33222],[-75.05537,3.33409],[-75.0576,3.33625],[-75.05565,3.34289],[-75.05701,3.34622],[-75.05879,3.34801],[-75.05982,3.35208],[-75.05712,3.35678],[-75.05487,3.35855],[-75.05473,3.36031],[-75.06011,3.36508],[-75.05499,3.368],[-75.05688,3.37799],[-75.05459,3.38034],[-75.04886,3.38103],[-75.04732,3.38244],[-75.04414,3.38345],[-75.04277,3.38509],[-75.0353,3.38494],[-75.03245,3.38583],[-75.03487,3.3905],[-75.02765,3.39139],[-75.02821,3.39655],[-75.03023,3.4005],[-75.03236,3.40111],[-75.03446,3.40381],[-75.04253,3.40783],[-75.04178,3.41261],[-75.04244,3.41432],[-75.04219,3.41782],[-75.04113,3.41836],[-75.03978,3.42194],[-75.03738,3.42339],[-75.0349,3.42691],[-75.03107,3.42962],[-75.02751,3.43408],[-75.02674,3.44006],[-75.02426,3.44199],[-75.02379,3.44512],[-75.01959,3.45049],[-75.0132,3.45506],[-75.00496,3.45823],[-75.00682,3.46469],[-75.00609,3.46887],[-75.00225,3.47111],[-74.99964,3.47052],[-74.99565,3.47221],[-74.99245,3.47533],[-74.99279,3.47809],[-74.99576,3.47891],[-74.99703,3.48102],[-74.99523,3.48587],[-74.99524,3.48953],[-74.99303,3.49088],[-74.99241,3.49427],[-74.99722,3.49648],[-74.99863,3.4954],[-75.00335,3.49835],[-75.00386,3.49953],[-74.99955,3.5052],[-74.99679,3.51143],[-74.99537,3.51212]]]}},{"type":"Feature","properties":{"nombre":"Ataco","codigo":"73067","departamento":"Tolima","zona":"Norte","lat":3.43647,"lon":-75.48699},"geometry":{"type":"Polygon","coordinates":[[[-75.32703,3.66529],[-75.32343,3.66375],[-75.32515,3.65844],[-75.32694,3.65774],[-75.3277,3.65335],[-75.32927,3.65223],[-75.32943,3.64924],[-75.33118,3.64813],[-75.32968,3.64622],[-75.3285,3.64697],[-75.32782,3.6451],[-75.3259,3.64402],[-75.32439,3.64168],[-75.32321,3.63603],[-75.32452,3.63245],[-75.32405,3.6307],[-75.32057,3.62815],[-75.31827,3.62106],[-75.31467,3.6182],[-75.31466,3.615],[-75.31173,3.61521],[-75.3102,3.61424],[-75.3105,3.61253],[-75.30986,3.61135],[-75.30548,3.61099],[-75.30368,3.61184],[-75.30209,3.6112],[-75.30163,3.61227],[-75.29991,3.61241],[-75.29914,3.6106],[-75.29205,3.61032],[-75.28958,3.60837],[-75.28789,3.60572],[-75.2872,3.60128],[-75.28441,3.60257],[-75.28,3.60088],[-75.27872,3.60209],[-75.27784,3.60088],[-75.27715,3.60218],[-75.27493,3.60147],[-75.27412,3.60309],[-75.27105,3.60492],[-75.27138,3.60172],[-75.26847,3.60102],[-75.26884,3.60027],[-75.26699,3.59803],[-75.26647,3.59521],[-75.26325,3.59211],[-75.26011,3.59149],[-75.25825,3.59223],[-75.25711,3.59381],[-75.25449,3.59433],[-75.25376,3.59605],[-75.25177,3.59642],[-75.25151,3.60116],[-75.24804,3.60583],[-75.24873,3.60694],[-75.24693,3.60716],[-75.24436,3.61052],[-75.24419,3.60746],[-75.23813,3.6025],[-75.23713,3.60057],[-75.23875,3.59608],[-75.24056,3.59589],[-75.24136,3.59199],[-75.24585,3.59011],[-75.24865,3.59013],[-75.24806,3.58525],[-75.24884,3.58348],[-75.24667,3.58285],[-75.24581,3.58017],[-75.24804,3.57554],[-75.24671,3.57132],[-75.24686,3.56888],[-75.24909,3.5669],[-75.24945,3.56466],[-75.25038,3.56475],[-75.25253,3.56785],[-75.25523,3.56881],[-75.25706,3.5706],[-75.25923,3.57084],[-75.26087,3.57478],[-75.26506,3.57672],[-75.26599,3.57636],[-75.26687,3.57368],[-75.26814,3.5736],[-75.27134,3.56997],[-75.274,3.57079],[-75.27583,3.56865],[-75.27669,3.56915],[-75.27804,3.56852],[-75.27992,3.56947],[-75.28129,3.56905],[-75.28126,3.57027],[-75.28381,3.57179],[-75.28461,3.56957],[-75.28706,3.56755],[-75.28718,3.56551],[-75.28872,3.56509],[-75.28794,3.56418],[-75.28952,3.56264],[-75.28878,3.56043],[-75.2903,3.56049],[-75.28891,3.55807],[-75.29043,3.55805],[-75.29068,3.55512],[-75.28876,3.55226],[-75.28973,3.55105],[-75.29194,3.55156],[-75.29266,3.5508],[-75.29195,3.54882],[-75.28864,3.54731],[-75.29003,3.54442],[-75.28798,3.54404],[-75.28822,3.54172],[-75.28659,3.54233],[-75.28689,3.54158],[-75.2855,3.54046],[-75.28634,3.53896],[-75.28251,3.53608],[-75.28181,3.53467],[-75.28069,3.53504],[-75.27937,3.53407],[-75.27924,3.53182],[-75.27831,3.53228],[-75.27756,3.53087],[-75.27507,3.53083],[-75.27368,3.5262],[-75.27132,3.52373],[-75.26942,3.52382],[-75.26997,3.5227],[-75.26694,3.51699],[-75.26673,3.5144],[-75.26378,3.51216],[-75.26091,3.51233],[-75.25809,3.51082],[-75.25664,3.50759],[-75.25537,3.5066],[-75.25615,3.50602],[-75.25521,3.505],[-75.25648,3.50444],[-75.25616,3.50343],[-75.25706,3.50289],[-75.25592,3.50203],[-75.25676,3.50144],[-75.25657,3.50026],[-75.2572,3.49954],[-75.25847,3.49984],[-75.25871,3.49906],[-75.25736,3.4958],[-75.25745,3.49385],[-75.25642,3.49273],[-75.25719,3.49233],[-75.25686,3.4917],[-75.2577,3.49179],[-75.25869,3.49027],[-75.26118,3.49241],[-75.26329,3.48934],[-75.26628,3.48787],[-75.26768,3.48617],[-75.26657,3.48161],[-75.26442,3.47968],[-75.26492,3.4784],[-75.26584,3.47782],[-75.26881,3.47918],[-75.27286,3.47963],[-75.27783,3.47723],[-75.27769,3.47481],[-75.2794,3.47153],[-75.28324,3.46862],[-75.28807,3.46253],[-75.29143,3.46026],[-75.29301,3.45715],[-75.2962,3.45589],[-75.30245,3.45055],[-75.30181,3.44849],[-75.30052,3.4492],[-75.29789,3.44667],[-75.29879,3.44386],[-75.29708,3.44059],[-75.29369,3.44062],[-75.29133,3.44181],[-75.28912,3.44133],[-75.28957,3.43964],[-75.28652,3.43732],[-75.28539,3.43452],[-75.28522,3.43055],[-75.28378,3.427],[-75.28425,3.42467],[-75.28157,3.42609],[-75.27726,3.42159],[-75.27724,3.41993],[-75.27576,3.41892],[-75.27558,3.41631],[-75.2773,3.41482],[-75.27793,3.41301],[-75.27642,3.41124],[-75.27674,3.40921],[-75.27609,3.40768],[-75.27614,3.40496],[-75.27754,3.40222],[-75.27591,3.398],[-75.27216,3.39657],[-75.27278,3.39237],[-75.27125,3.3891],[-75.27243,3.38757],[-75.2724,3.38609],[-75.27189,3.38523],[-75.27097,3.38607],[-75.26957,3.38559],[-75.26857,3.38448],[-75.26824,3.38211],[-75.27118,3.38377],[-75.2768,3.38255],[-75.28108,3.38606],[-75.28227,3.38866],[-75.28874,3.39105],[-75.29013,3.39193],[-75.29038,3.3932],[-75.29212,3.39321],[-75.29443,3.39541],[-75.29682,3.39579],[-75.29976,3.3989],[-75.30163,3.39917],[-75.30121,3.40291],[-75.30236,3.40442],[-75.304,3.40344],[-75.30591,3.40499],[-75.3083,3.40391],[-75.30789,3.40534],[-75.30862,3.4085],[-75.31053,3.41043],[-75.30917,3.41224],[-75.31258,3.41443],[-75.3168,3.41468],[-75.31804,3.41596],[-75.31887,3.41958],[-75.32125,3.41824],[-75.3215,3.4165],[-75.32298,3.41472],[-75.32326,3.41086],[-75.32143,3.40932],[-75.32146,3.40836],[-75.32388,3.40767],[-75.32662,3.40373],[-75.32854,3.40365],[-75.32997,3.40156],[-75.33505,3.39952],[-75.33898,3.40014],[-75.34029,3.39797],[-75.34151,3.39837],[-75.33972,3.40205],[-75.34149,3.4054],[-75.34335,3.40533],[-75.34399,3.40407],[-75.34551,3.40516],[-75.34822,3.40481],[-75.35034,3.40273],[-75.35144,3.40257],[-75.35623,3.40291],[-75.35682,3.40434],[-75.35845,3.40514],[-75.35667,3.40611],[-75.35691,3.4079],[-75.35833,3.40859],[-75.35943,3.40774],[-75.36029,3.40915],[-75.36241,3.40826],[-75.36368,3.40588],[-75.36482,3.40719],[-75.36646,3.40658],[-75.36915,3.40447],[-75.37119,3.40058],[-75.37021,3.39823],[-75.37053,3.39626],[-75.37289,3.3962],[-75.37367,3.39514],[-75.37274,3.3902],[-75.37101,3.38789],[-75.37337,3.38567],[-75.37297,3.3846],[-75.37516,3.38412],[-75.37722,3.38194],[-75.37764,3.37746],[-75.37506,3.37515],[-75.38539,3.37503],[-75.38811,3.37672],[-75.38986,3.37569],[-75.39622,3.37738],[-75.40147,3.37404],[-75.40349,3.37091],[-75.40669,3.36945],[-75.40849,3.37056],[-75.40903,3.36897],[-75.40967,3.36897],[-75.41071,3.37007],[-75.41212,3.36983],[-75.41285,3.37166],[-75.41497,3.37123],[-75.41661,3.36949],[-75.41515,3.36733],[-75.41709,3.36476],[-75.41902,3.36385],[-75.4186,3.36222],[-75.42245,3.36126],[-75.42545,3.35541],[-75.42665,3.35512],[-75.4261,3.3525],[-75.42976,3.35185],[-75.43241,3.34904],[-75.4347,3.34865],[-75.43606,3.34944],[-75.43727,3.3478],[-75.439,3.34811],[-75.44035,3.34525],[-75.44146,3.34588],[-75.44111,3.34715],[-75.44487,3.35684],[-75.44968,3.35619],[-75.45139,3.35434],[-75.45538,3.35525],[-75.46287,3.35438],[-75.46688,3.35792],[-75.46904,3.35718],[-75.47114,3.35949],[-75.47386,3.35789],[-75.4761,3.36055],[-75.47921,3.36093],[-75.48122,3.35982],[-75.48201,3.35822],[-75.48093,3.35659],[-75.48218,3.35506],[-75.48142,3.35499],[-75.48081,3.35318],[-75.48505,3.34897],[-75.48654,3.34595],[-75.48703,3.33962],[-75.48628,3.33477],[-75.48546,3.33395],[-75.48599,3.33202],[-75.48888,3.32807],[-75.49066,3.32701],[-75.49042,3.32591],[-75.49222,3.32568],[-75.49366,3.32363],[-75.49648,3.32201],[-75.49761,3.32248],[-75.49854,3.3214],[-75.4999,3.32338],[-75.50111,3.32295],[-75.50221,3.32421],[-75.50408,3.32395],[-75.50804,3.32585],[-75.51125,3.32873],[-75.51225,3.32755],[-75.51393,3.32714],[-75.51489,3.32549],[-75.51598,3.32681],[-75.51696,3.32566],[-75.51932,3.32522],[-75.52193,3.32289],[-75.52363,3.32252],[-75.5267,3.3194],[-75.52744,3.31719],[-75.52418,3.31463],[-75.52276,3.31249],[-75.52322,3.31092],[-75.522,3.30687],[-75.52178,3.30211],[-75.52474,3.29712],[-75.53104,3.29213],[-75.53144,3.29102],[-75.53029,3.28643],[-75.53679,3.2802],[-75.54248,3.27598],[-75.54546,3.27052],[-75.54617,3.26536],[-75.54979,3.25708],[-75.55434,3.25609],[-75.55823,3.2513],[-75.5588,3.24886],[-75.56104,3.24808],[-75.5659,3.2429],[-75.56932,3.24083],[-75.57167,3.23528],[-75.5721,3.23192],[-75.57585,3.2286],[-75.578,3.22012],[-75.58316,3.2163],[-75.58527,3.21375],[-75.58971,3.21196],[-75.59296,3.20794],[-75.59601,3.20832],[-75.59797,3.21049],[-75.59935,3.21384],[-75.60256,3.21551],[-75.60385,3.2182],[-75.60585,3.21878],[-75.60736,3.22081],[-75.60639,3.22613],[-75.60454,3.22885],[-75.60462,3.23387],[-75.60334,3.23635],[-75.60551,3.23821],[-75.60528,3.24126],[-75.603,3.24596],[-75.60384,3.25114],[-75.60509,3.25378],[-75.60469,3.2589],[-75.60618,3.26117],[-75.6057,3.26458],[-75.60761,3.26644],[-75.6117,3.26623],[-75.61273,3.267],[-75.61217,3.26964],[-75.61097,3.27046],[-75.61167,3.27296],[-75.61037,3.27502],[-75.61199,3.27815],[-75.61235,3.28087],[-75.61142,3.28433],[-75.61008,3.28347],[-75.6092,3.28411],[-75.61118,3.28775],[-75.61088,3.29252],[-75.60925,3.29436],[-75.6109,3.29867],[-75.61397,3.2978],[-75.61762,3.29809],[-75.61981,3.29664],[-75.62429,3.29601],[-75.62622,3.29714],[-75.62768,3.29363],[-75.62963,3.29196],[-75.63495,3.29244],[-75.63618,3.29143],[-75.64479,3.29202],[-75.64992,3.29122],[-75.65156,3.28936],[-75.65269,3.28602],[-75.65483,3.28529],[-75.65729,3.28185],[-75.65861,3.28186],[-75.66034,3.27884],[-75.66133,3.27992],[-75.66585,3.28009],[-75.66684,3.27967],[-75.66678,3.2784],[-75.66889,3.27888],[-75.67112,3.28289],[-75.6741,3.28186],[-75.67529,3.28429],[-75.67802,3.28315],[-75.67883,3.28199],[-75.6858,3.28054],[-75.68708,3.28094],[-75.68927,3.27952],[-75.69453,3.28211],[-75.6981,3.28666],[-75.69792,3.28912],[-75.70029,3.29618],[-75.70077,3.30202],[-75.70286,3.30899],[-75.70186,3.3137],[-75.70296,3.31547],[-75.70908,3.31748],[-75.71322,3.31609],[-75.72113,3.31726],[-75.72784,3.32071],[-75.72897,3.32347],[-75.73083,3.32478],[-75.73412,3.32471],[-75.73927,3.32236],[-75.73682,3.32393],[-75.73579,3.32586],[-75.73305,3.32574],[-75.72947,3.32998],[-75.7302,3.33289],[-75.73391,3.3366],[-75.73183,3.33949],[-75.72756,3.34293],[-75.72709,3.34408],[-75.72781,3.34548],[-75.72688,3.34784],[-75.72399,3.34898],[-75.72383,3.35471],[-75.72222,3.35789],[-75.72297,3.36117],[-75.72042,3.36316],[-75.72076,3.36446],[-75.71929,3.37007],[-75.7165,3.3713],[-75.71605,3.37466],[-75.7174,3.37615],[-75.71448,3.37908],[-75.71295,3.37962],[-75.71235,3.3809],[-75.70968,3.38238],[-75.70875,3.3842],[-75.70785,3.39401],[-75.7058,3.39849],[-75.70421,3.39892],[-75.70347,3.40016],[-75.70376,3.40359],[-75.70508,3.40539],[-75.70204,3.4062],[-75.70183,3.40991],[-75.69819,3.4145],[-75.69657,3.41914],[-75.69749,3.42079],[-75.69713,3.42172],[-75.69473,3.42505],[-75.69221,3.42532],[-75.68864,3.42964],[-75.68896,3.43187],[-75.68804,3.43617],[-75.68512,3.43937],[-75.68551,3.44359],[-75.68261,3.44672],[-75.6816,3.44909],[-75.67924,3.44863],[-75.67672,3.4524],[-75.67362,3.45282],[-75.67282,3.45487],[-75.67403,3.45677],[-75.67356,3.45912],[-75.67444,3.46195],[-75.67388,3.46292],[-75.67053,3.46348],[-75.66825,3.46635],[-75.66596,3.46549],[-75.66332,3.46774],[-75.66094,3.46519],[-75.65289,3.46605],[-75.64927,3.46344],[-75.64636,3.46344],[-75.63973,3.45986],[-75.63713,3.45653],[-75.63114,3.46],[-75.62997,3.45915],[-75.62516,3.45886],[-75.62156,3.45634],[-75.61491,3.4573],[-75.60834,3.45471],[-75.60387,3.45631],[-75.60224,3.4525],[-75.60044,3.45182],[-75.58969,3.45441],[-75.58077,3.45262],[-75.57844,3.4538],[-75.5779,3.4552],[-75.57824,3.45773],[-75.5806,3.45963],[-75.5801,3.46232],[-75.57916,3.46361],[-75.57551,3.46544],[-75.57199,3.4642],[-75.57067,3.46597],[-75.56917,3.4665],[-75.56494,3.46359],[-75.56169,3.46273],[-75.55341,3.4628],[-75.54912,3.46407],[-75.54387,3.46329],[-75.53606,3.46597],[-75.53112,3.46898],[-75.52717,3.46902],[-75.52499,3.47139],[-75.52243,3.47275],[-75.52075,3.47518],[-75.51692,3.47439],[-75.50488,3.47762],[-75.50431,3.47641],[-75.503,3.47603],[-75.50027,3.47742],[-75.49546,3.47792],[-75.48569,3.48461],[-75.48353,3.48411],[-75.48035,3.48594],[-75.47515,3.48487],[-75.47254,3.48534],[-75.47063,3.48255],[-75.46601,3.4813],[-75.46279,3.47698],[-75.46185,3.47701],[-75.46123,3.47891],[-75.46031,3.47879],[-75.46097,3.47502],[-75.46015,3.47334],[-75.45694,3.47451],[-75.45563,3.47622],[-75.45481,3.48312],[-75.4461,3.49291],[-75.44273,3.4949],[-75.43583,3.50322],[-75.43363,3.50763],[-75.4306,3.51116],[-75.43004,3.51848],[-75.42783,3.52257],[-75.42563,3.53006],[-75.42279,3.53188],[-75.42047,3.53472],[-75.41815,3.53508],[-75.41689,3.53647],[-75.41645,3.53885],[-75.4174,3.54224],[-75.42041,3.54732],[-75.42125,3.55783],[-75.42052,3.55937],[-75.41594,3.56335],[-75.41283,3.57256],[-75.40517,3.58039],[-75.40375,3.58398],[-75.39979,3.58745],[-75.39815,3.59155],[-75.39524,3.59418],[-75.38822,3.59599],[-75.38573,3.59777],[-75.38423,3.60043],[-75.38067,3.60228],[-75.37622,3.60226],[-75.37495,3.60437],[-75.37178,3.60555],[-75.37042,3.60779],[-75.36547,3.61099],[-75.36672,3.61555],[-75.36538,3.61874],[-75.36604,3.62655],[-75.36307,3.63583],[-75.36001,3.63862],[-75.35411,3.6392],[-75.35344,3.64034],[-75.35399,3.64323],[-75.35803,3.64433],[-75.35889,3.64699],[-75.3583,3.64897],[-75.35442,3.65097],[-75.3551,3.65819],[-75.35386,3.66114],[-75.35181,3.66183],[-75.34044,3.65937],[-75.33585,3.66132],[-75.33024,3.66247],[-75.32849,3.6651],[-75.32703,3.66529]]]}}]}