{"type":"FeatureCollection","features":[{"type":"Feature","properties":{"nombre":"ACEVEDO","municipio":"Acevedo","codigo_municipio":"41006"},"geometry":{"type":"Polygon","coordinates":[[[-76.02533,1.71316],[-76.02429,1.71369],[-76.02418,1.71355],[-76.02421,1.71295],[-76.02485,1.71215],[-76.02481,1.7119],[-76.0251,1.71137],[-76.0248,1.71095],[-76.02469,1.71038],[-76.02404,1.71015],[-76.02368,1.70945],[-76.02446,1.70917],[-76.02506,1.7098],[-76.02611,1.70951],[-76.02663,1.70914],[-76.02628,1.70877],[-76.02674,1.70793],[-76.02719,1.70818],[-76.02748,1.70867],[-76.02705,1.70941],[-76.0271,1.70965],[-76.02734,1.70965],[-76.02696,1.70986],[-76.02682,1.71038],[-76.02685,1.71103],[-76.02722,1.71151],[-76.02719,1.71184],[-76.02692,1.7119],[-76.02654,1.71239],[-76.02658,1.7129],[-76.02568,1.71398],[-76.02533,1.71316]]]}},{"type":"Feature","properties":{"nombre":"ACEVEDO","municipio":"Acevedo","codigo_municipio":"41006"},"geometry":{"type":"Polygon","coordinates":[[[-75.88184,1.81024],[-75.88279,1.80682],[-75.88308,1.80645],[-75.88394,1.80587],[-75.88598,1.80581],[-75.88645,1.80553],[-75.88683,1.80572],[-75.88728,1.80464],[-75.88757,1.80472],[-75.88765,1.80398],[-75.88808,1.80294],[-75.88817,1.80214],[-75.88834,1.80199],[-75.88808,1.80148],[-75.88869,1.80158],[-75.88895,1.80113],[-75.89036,1.80178],[-75.8901,1.80209],[-75.89028,1.80223],[-75.89094,1.80216],[-75.8912,1.80176],[-75.89046,1.80066],[-75.89079,1.80049],[-75.89161,1.80129],[-75.89186,1.80107],[-75.89212,1.80158],[-75.89236,1.80121],[-75.89418,1.80252],[-75.89369,1.80301],[-75.89396,1.80308],[-75.89395,1.80347],[-75.89337,1.80344],[-75.89351,1.80395],[-75.89302,1.80436],[-75.89314,1.8045],[-75.89273,1.8046],[-75.89352,1.80528],[-75.89245,1.80635],[-75.89259,1.8066],[-75.89211,1.807],[-75.89241,1.80724],[-75.89258,1.80771],[-75.89243,1.80801],[-75.89084,1.80778],[-75.89103,1.80906],[-75.88974,1.8086],[-75.8889,1.80787],[-75.88763,1.80941],[-75.88732,1.80939],[-75.88682,1.80884],[-75.88646,1.80942],[-75.88599,1.80943],[-75.88421,1.81114],[-75.88359,1.81137],[-75.88322,1.81129],[-75.88184,1.81024]]]}},{"type":"Feature","properties":{"nombre":"AGRADO","municipio":"Agrado","codigo_municipio":"41013"},"geometry":{"type":"Polygon","coordinates":[[[-75.7717,2.27121],[-75.77044,2.27044],[-75.77042,2.26999],[-75.76992,2.26927],[-75.77028,2.26833],[-75.77024,2.26751],[-75.76977,2.26571],[-75.77009,2.265],[-75.76988,2.26364],[-75.7702,2.26294],[-75.7702,2.26237],[-75.76997,2.26181],[-75.76959,2.26154],[-75.76932,2.26053],[-75.76845,2.25886],[-75.76761,2.25817],[-75.76568,2.25853],[-75.76494,2.25661],[-75.76489,2.2561],[-75.76696,2.25578],[-75.76714,2.25506],[-75.76807,2.25426],[-75.76807,2.25353],[-75.76758,2.25256],[-75.76756,2.25201],[-75.76673,2.25182],[-75.76664,2.25145],[-75.76587,2.2511],[-75.76557,2.25064],[-75.76593,2.24925],[-75.76589,2.24873],[-75.76517,2.24847],[-75.76467,2.24762],[-75.76553,2.24786],[-75.76647,2.24781],[-75.76696,2.24832],[-75.7668,2.24899],[-75.7669,2.24936],[-75.76765,2.25001],[-75.7684,2.25021],[-75.76958,2.25082],[-75.77016,2.2509],[-75.7713,2.25175],[-75.77196,2.25195],[-75.77355,2.25177],[-75.77376,2.25216],[-75.77412,2.25242],[-75.77506,2.2527],[-75.77554,2.25262],[-75.77617,2.25288],[-75.77606,2.2567],[-75.777,2.25726],[-75.77666,2.25801],[-75.77597,2.25765],[-75.77612,2.26062],[-75.7769,2.26754],[-75.77462,2.2691],[-75.77335,2.27062],[-75.77326,2.2712],[-75.77274,2.27108],[-75.7717,2.27121]]]}},{"type":"Feature","properties":{"nombre":"MESITAS","municipio":"Aipe","codigo_municipio":"41016"},"geometry":{"type":"Polygon","coordinates":[[[-75.52158,3.31296],[-75.52136,3.31226],[-75.52104,3.31223],[-75.52105,3.31207],[-75.52212,3.3121],[-75.52208,3.31141],[-75.52234,3.31138],[-75.52276,3.31102],[-75.52235,3.30956],[-75.52343,3.31112],[-75.5239,3.31221],[-75.5235,3.31292],[-75.52294,3.31293],[-75.52213,3.31385],[-75.52144,3.31369],[-75.52132,3.31346],[-75.52158,3.31296]]]}},{"type":"Feature","properties":{"nombre":"AIPE","municipio":"Aipe","codigo_municipio":"41016"},"geometry":{"type":"Polygon","coordinates":[[[-75.23279,3.234],[-75.23231,3.23417],[-75.23201,3.23367],[-75.23197,3.23309],[-75.2322,3.2327],[-75.23281,3.23225],[-75.23343,3.23116],[-75.23341,3.22996],[-75.23316,3.22988],[-75.23309,3.22849],[-75.23327,3.22691],[-75.23341,3.22668],[-75.23312,3.22422],[-75.23292,3.22408],[-75.23271,3.22307],[-75.23279,3.22202],[-75.23263,3.22172],[-75.23273,3.22146],[-75.23253,3.21978],[-75.23276,3.21825],[-75.23263,3.2175],[-75.2329,3.21692],[-75.23343,3.21651],[-75.23348,3.21545],[-75.23368,3.21485],[-75.23413,3.21462],[-75.23473,3.21474],[-75.23503,3.21581],[-75.23538,3.21643],[-75.23792,3.21675],[-75.23856,3.21744],[-75.23903,3.21761],[-75.23945,3.21759],[-75.23957,3.21682],[-75.24136,3.2169],[-75.24129,3.21776],[-75.24082,3.21769],[-75.24085,3.21788],[-75.24177,3.21862],[-75.24253,3.21814],[-75.2433,3.21876],[-75.24356,3.21815],[-75.24449,3.21799],[-75.2446,3.2176],[-75.24567,3.21779],[-75.246,3.21752],[-75.24633,3.21762],[-75.24698,3.21887],[-75.24738,3.2192],[-75.24676,3.21984],[-75.24809,3.2212],[-75.24692,3.22262],[-75.24687,3.22369],[-75.2495,3.22546],[-75.25032,3.22631],[-75.25069,3.22694],[-75.24863,3.22557],[-75.24679,3.22505],[-75.24715,3.22523],[-75.24696,3.22705],[-75.24665,3.22702],[-75.24657,3.22858],[-75.24568,3.22853],[-75.24565,3.22932],[-75.24469,3.22928],[-75.24474,3.22785],[-75.24319,3.22734],[-75.24298,3.22706],[-75.24183,3.22652],[-75.24146,3.22888],[-75.24064,3.2288],[-75.24072,3.22807],[-75.23937,3.22786],[-75.23986,3.23365],[-75.23965,3.23368],[-75.23914,3.23336],[-75.23844,3.23359],[-75.23831,3.23369],[-75.2383,3.23468],[-75.23409,3.2343],[-75.23279,3.234]]]}},{"type":"Feature","properties":{"nombre":"PRAGA","municipio":"Aipe","codigo_municipio":"41016"},"geometry":{"type":"Polygon","coordinates":[[[-75.49401,3.27113],[-75.49233,3.27081],[-75.49217,3.27084],[-75.49226,3.27105],[-75.49174,3.27107],[-75.49172,3.27074],[-75.49096,3.27061],[-75.49101,3.27073],[-75.49046,3.27094],[-75.49033,3.27069],[-75.49061,3.27063],[-75.49059,3.27049],[-75.49021,3.27057],[-75.49055,3.26936],[-75.4904,3.26932],[-75.49052,3.2688],[-75.49104,3.26828],[-75.49122,3.2675],[-75.4911,3.2671],[-75.49009,3.26647],[-75.49016,3.26605],[-75.49106,3.26607],[-75.49244,3.26552],[-75.49283,3.26561],[-75.49225,3.26638],[-75.49272,3.26671],[-75.49289,3.26714],[-75.49371,3.26764],[-75.4936,3.26808],[-75.49434,3.26835],[-75.49486,3.2704],[-75.49401,3.27113]]]}},{"type":"Feature","properties":{"nombre":"SANTA RITA","municipio":"Aipe","codigo_municipio":"41016"},"geometry":{"type":"Polygon","coordinates":[[[-75.56624,3.24227],[-75.56693,3.24197],[-75.5669,3.24185],[-75.56847,3.24171],[-75.56823,3.24189],[-75.56693,3.24208],[-75.56673,3.24221],[-75.56669,3.24275],[-75.56626,3.24304],[-75.56605,3.24282],[-75.56638,3.24264],[-75.56624,3.24227]]]}},{"type":"Feature","properties":{"nombre":"ALGECIRAS","municipio":"Algeciras","codigo_municipio":"41020"},"geometry":{"type":"Polygon","coordinates":[[[-75.31075,2.52931],[-75.31135,2.52856],[-75.31134,2.52838],[-75.31031,2.52782],[-75.3106,2.52587],[-75.31078,2.52557],[-75.31059,2.5251],[-75.31007,2.52475],[-75.30996,2.52425],[-75.30973,2.52452],[-75.30808,2.52466],[-75.30776,2.52439],[-75.30709,2.52421],[-75.30672,2.52315],[-75.30656,2.52099],[-75.30891,2.52098],[-75.31007,2.52058],[-75.31005,2.5201],[-75.30949,2.51909],[-75.30952,2.51852],[-75.30932,2.51796],[-75.30987,2.51769],[-75.31289,2.51704],[-75.31346,2.51645],[-75.31409,2.5163],[-75.31414,2.51585],[-75.31334,2.51518],[-75.31325,2.51485],[-75.3132,2.51337],[-75.31333,2.51271],[-75.31245,2.51189],[-75.31193,2.51045],[-75.31301,2.5098],[-75.31323,2.51008],[-75.31329,2.51063],[-75.31376,2.51111],[-75.31474,2.51127],[-75.31525,2.51164],[-75.31555,2.51207],[-75.31547,2.51229],[-75.31587,2.51211],[-75.31634,2.51259],[-75.31677,2.51273],[-75.31691,2.51333],[-75.31665,2.51394],[-75.31662,2.51454],[-75.31705,2.5148],[-75.31717,2.51514],[-75.31789,2.51459],[-75.31805,2.51422],[-75.31935,2.51401],[-75.31918,2.5147],[-75.3191,2.51747],[-75.32203,2.51745],[-75.32886,2.51674],[-75.32929,2.51951],[-75.32333,2.52042],[-75.32366,2.52215],[-75.32101,2.52273],[-75.32119,2.52382],[-75.32181,2.52366],[-75.32219,2.52474],[-75.32011,2.52615],[-75.32007,2.52653],[-75.31976,2.52702],[-75.3191,2.52735],[-75.3188,2.52727],[-75.31864,2.52829],[-75.31834,2.52831],[-75.3179,2.52808],[-75.31714,2.52814],[-75.31605,2.52744],[-75.3153,2.52675],[-75.31451,2.52675],[-75.31388,2.5279],[-75.31406,2.528],[-75.3135,2.52896],[-75.31282,2.52889],[-75.31259,2.52953],[-75.31285,2.52969],[-75.31259,2.53001],[-75.31075,2.52931]]]}},{"type":"Feature","properties":{"nombre":"ALTAMIRA","municipio":"Altamira","codigo_municipio":"41026"},"geometry":{"type":"Polygon","coordinates":[[[-75.78945,2.06908],[-75.78706,2.06818],[-75.78664,2.06897],[-75.78591,2.06855],[-75.78661,2.0678],[-75.7841,2.06676],[-75.78352,2.06543],[-75.78382,2.06478],[-75.78391,2.06389],[-75.78534,2.06342],[-75.78579,2.06302],[-75.78522,2.06253],[-75.78578,2.06229],[-75.78557,2.06206],[-75.78613,2.06194],[-75.78631,2.06173],[-75.78616,2.06157],[-75.78748,2.0605],[-75.788,2.06092],[-75.78968,2.05851],[-75.79008,2.05941],[-75.79051,2.0588],[-75.79097,2.05954],[-75.79199,2.06023],[-75.79278,2.06018],[-75.79322,2.06113],[-75.79344,2.06103],[-75.79356,2.06137],[-75.79305,2.06161],[-75.79291,2.06178],[-75.79299,2.06195],[-75.79283,2.06203],[-75.79271,2.06178],[-75.79126,2.06238],[-75.79116,2.06484],[-75.79058,2.06533],[-75.79062,2.06587],[-75.79031,2.06719],[-75.78997,2.06754],[-75.78945,2.06908]]]}},{"type":"Feature","properties":{"nombre":"BARAYA","municipio":"Baraya","codigo_municipio":"41078"},"geometry":{"type":"Polygon","coordinates":[[[-75.05048,3.15701],[-75.05045,3.15666],[-75.04985,3.15661],[-75.04976,3.156],[-75.04992,3.15598],[-75.04976,3.15511],[-75.04966,3.15511],[-75.04969,3.15461],[-75.04902,3.15375],[-75.04909,3.15334],[-75.04888,3.15306],[-75.0492,3.15274],[-75.04923,3.15242],[-75.0482,3.15267],[-75.04799,3.15239],[-75.04771,3.15245],[-75.04772,3.15234],[-75.0492,3.15167],[-75.05048,3.1517],[-75.05105,3.15188],[-75.05105,3.15137],[-75.05336,3.1509],[-75.05407,3.15053],[-75.05429,3.15002],[-75.05461,3.14985],[-75.05477,3.1493],[-75.0554,3.15009],[-75.05547,3.14959],[-75.05595,3.14914],[-75.05584,3.14903],[-75.05676,3.14882],[-75.05714,3.14889],[-75.05753,3.1482],[-75.06095,3.14603],[-75.06103,3.14621],[-75.0608,3.14674],[-75.06002,3.14728],[-75.06013,3.14769],[-75.06044,3.1479],[-75.05966,3.14921],[-75.0591,3.14876],[-75.0584,3.14897],[-75.05893,3.14907],[-75.0589,3.14936],[-75.05928,3.14941],[-75.05931,3.15044],[-75.0591,3.15137],[-75.05842,3.15105],[-75.05815,3.15241],[-75.05817,3.15308],[-75.05785,3.15371],[-75.05852,3.1539],[-75.05764,3.15446],[-75.05689,3.15449],[-75.05698,3.15494],[-75.05631,3.15536],[-75.05713,3.15629],[-75.05734,3.15678],[-75.05675,3.15679],[-75.05583,3.15645],[-75.05578,3.1566],[-75.05538,3.15652],[-75.05549,3.15626],[-75.05498,3.15613],[-75.05482,3.15583],[-75.05397,3.15521],[-75.05348,3.15632],[-75.05325,3.15639],[-75.05287,3.15605],[-75.05215,3.1559],[-75.05196,3.15624],[-75.05163,3.1559],[-75.05152,3.15626],[-75.05155,3.15563],[-75.05097,3.15558],[-75.05109,3.1571],[-75.05048,3.15701]]]}},{"type":"Feature","properties":{"nombre":"CAMPOALEGRE","municipio":"Campoalegre","codigo_municipio":"41132"},"geometry":{"type":"Polygon","coordinates":[[[-75.32057,2.69432],[-75.31676,2.69198],[-75.3162,2.69094],[-75.31619,2.6903],[-75.31651,2.69004],[-75.31688,2.68936],[-75.31682,2.68857],[-75.31712,2.68827],[-75.31782,2.68857],[-75.31898,2.68857],[-75.32,2.68488],[-75.32075,2.68517],[-75.32112,2.68368],[-75.32096,2.68339],[-75.32126,2.68323],[-75.31828,2.68229],[-75.3186,2.68095],[-75.32014,2.68134],[-75.3202,2.68115],[-75.32121,2.68104],[-75.32166,2.67854],[-75.32288,2.67879],[-75.32338,2.67933],[-75.32391,2.67961],[-75.32402,2.67911],[-75.32378,2.67894],[-75.32392,2.67885],[-75.32444,2.67906],[-75.32524,2.67912],[-75.32522,2.67967],[-75.32467,2.68014],[-75.32461,2.6818],[-75.32503,2.6818],[-75.32525,2.68161],[-75.32523,2.68109],[-75.32585,2.68029],[-75.32634,2.6805],[-75.32608,2.67928],[-75.32647,2.67932],[-75.3253,2.67607],[-75.3251,2.67617],[-75.32302,2.67496],[-75.3226,2.67488],[-75.32229,2.6752],[-75.32188,2.67528],[-75.32235,2.6743],[-75.32276,2.67422],[-75.32336,2.67328],[-75.32425,2.67349],[-75.3239,2.67369],[-75.32409,2.67403],[-75.3249,2.67492],[-75.32517,2.67469],[-75.3255,2.67469],[-75.3258,2.67531],[-75.32549,2.67547],[-75.32588,2.67554],[-75.32588,2.67586],[-75.32559,2.67601],[-75.32566,2.6762],[-75.32621,2.67625],[-75.32629,2.6764],[-75.32637,2.67737],[-75.32666,2.67788],[-75.32694,2.67804],[-75.32657,2.6784],[-75.32686,2.67939],[-75.32767,2.67953],[-75.32863,2.6784],[-75.32891,2.67867],[-75.32993,2.6777],[-75.33074,2.67818],[-75.33001,2.67914],[-75.33033,2.67941],[-75.33054,2.67911],[-75.33113,2.6796],[-75.33136,2.67953],[-75.33144,2.67976],[-75.33198,2.67961],[-75.33215,2.68013],[-75.33267,2.67983],[-75.33357,2.68101],[-75.33363,2.68177],[-75.33403,2.68281],[-75.3336,2.68345],[-75.33336,2.68345],[-75.33182,2.68776],[-75.33274,2.68846],[-75.33365,2.68885],[-75.33349,2.68924],[-75.33425,2.6896],[-75.33379,2.69045],[-75.33306,2.69004],[-75.3333,2.6896],[-75.33136,2.68777],[-75.32996,2.68938],[-75.32975,2.68924],[-75.32905,2.69047],[-75.32876,2.6903],[-75.32852,2.69129],[-75.32902,2.6915],[-75.3289,2.69175],[-75.32943,2.6921],[-75.33037,2.69201],[-75.33051,2.69219],[-75.33145,2.69235],[-75.33169,2.69345],[-75.33156,2.69431],[-75.33189,2.69471],[-75.33209,2.69544],[-75.33252,2.69805],[-75.33229,2.69811],[-75.33233,2.69976],[-75.32031,2.69951],[-75.32068,2.69843],[-75.32048,2.69491],[-75.32057,2.69432]]]}},{"type":"Feature","properties":{"nombre":"SANTANA","municipio":"Colombia","codigo_municipio":"41206"},"geometry":{"type":"Polygon","coordinates":[[[-74.70135,3.59033],[-74.70144,3.58992],[-74.70107,3.58987],[-74.70119,3.58947],[-74.70213,3.5896],[-74.70217,3.58913],[-74.70189,3.58909],[-74.70263,3.58823],[-74.70282,3.58828],[-74.70271,3.58799],[-74.70292,3.58777],[-74.70265,3.58749],[-74.70336,3.58673],[-74.70344,3.58679],[-74.70387,3.58614],[-74.70454,3.58583],[-74.70477,3.58514],[-74.70572,3.58368],[-74.7064,3.58348],[-74.70686,3.58421],[-74.70647,3.58441],[-74.70626,3.5848],[-74.70709,3.58517],[-74.70756,3.58578],[-74.70752,3.58665],[-74.70816,3.58666],[-74.70782,3.58717],[-74.70837,3.58759],[-74.70777,3.58799],[-74.70751,3.58789],[-74.70706,3.58805],[-74.70672,3.58903],[-74.70574,3.58961],[-74.70496,3.59018],[-74.70491,3.59036],[-74.70428,3.59037],[-74.70368,3.59088],[-74.7038,3.59122],[-74.70174,3.59077],[-74.70189,3.59053],[-74.70135,3.59033]]]}},{"type":"Feature","properties":{"nombre":"COLOMBIA","municipio":"Colombia","codigo_municipio":"41206"},"geometry":{"type":"Polygon","coordinates":[[[-74.80358,3.38319],[-74.80202,3.38144],[-74.80385,3.38028],[-74.80481,3.37984],[-74.80517,3.37985],[-74.80514,3.37953],[-74.8043,3.37937],[-74.8038,3.3791],[-74.80367,3.37926],[-74.80352,3.37911],[-74.80341,3.37941],[-74.80269,3.37908],[-74.80268,3.37887],[-74.80235,3.37891],[-74.80165,3.37851],[-74.80076,3.37838],[-74.80073,3.37821],[-74.80011,3.37823],[-74.79981,3.37763],[-74.80001,3.37757],[-74.79978,3.37659],[-74.79962,3.37663],[-74.79925,3.37604],[-74.79891,3.37605],[-74.79908,3.37568],[-74.799,3.3754],[-74.79754,3.37251],[-74.79769,3.37189],[-74.79945,3.37149],[-74.80016,3.37155],[-74.80181,3.37124],[-74.80223,3.37093],[-74.80245,3.37036],[-74.80296,3.37076],[-74.80314,3.37032],[-74.80301,3.3699],[-74.80336,3.37043],[-74.80311,3.37108],[-74.8033,3.37133],[-74.8038,3.3736],[-74.80481,3.37522],[-74.80536,3.37551],[-74.80538,3.37611],[-74.8061,3.37653],[-74.80605,3.37719],[-74.80624,3.37756],[-74.80614,3.37787],[-74.80639,3.37808],[-74.80641,3.37899],[-74.80656,3.37943],[-74.80705,3.37957],[-74.80758,3.38012],[-74.80737,3.38064],[-74.80742,3.38163],[-74.80725,3.3819],[-74.80699,3.38193],[-74.80689,3.38234],[-74.80569,3.38242],[-74.80489,3.3827],[-74.80456,3.38301],[-74.80392,3.38302],[-74.80358,3.38319]]]}},{"type":"Feature","properties":{"nombre":"ELÍAS","municipio":"Elías","codigo_municipio":"41244"},"geometry":{"type":"Polygon","coordinates":[[[-75.93781,2.0165],[-75.93649,2.01375],[-75.93587,2.0139],[-75.93568,2.01406],[-75.93579,2.01419],[-75.93532,2.01446],[-75.93527,2.01434],[-75.93335,2.01463],[-75.93305,2.01482],[-75.93299,2.01452],[-75.93359,2.01444],[-75.93337,2.01385],[-75.9326,2.01329],[-75.93212,2.01313],[-75.93147,2.0131],[-75.9315,2.01294],[-75.9309,2.01304],[-75.93094,2.01271],[-75.92962,2.01222],[-75.92983,2.01189],[-75.92921,2.01183],[-75.9293,2.01077],[-75.93279,2.01082],[-75.93348,2.01135],[-75.93356,2.01082],[-75.93458,2.0111],[-75.93454,2.01134],[-75.93541,2.01157],[-75.93558,2.01138],[-75.93673,2.01181],[-75.93762,2.01143],[-75.93782,2.01198],[-75.93909,2.01184],[-75.93931,2.01224],[-75.93924,2.0125],[-75.9396,2.01256],[-75.93957,2.01279],[-75.94053,2.0131],[-75.94054,2.01294],[-75.94069,2.01296],[-75.94095,2.01154],[-75.94425,2.01222],[-75.94427,2.01252],[-75.94482,2.01248],[-75.94502,2.0119],[-75.94521,2.01216],[-75.94516,2.01268],[-75.94538,2.01283],[-75.94535,2.01298],[-75.94562,2.01306],[-75.94562,2.01336],[-75.94532,2.01339],[-75.94538,2.0143],[-75.94447,2.01439],[-75.94438,2.01415],[-75.94399,2.01421],[-75.94395,2.01403],[-75.94321,2.01423],[-75.9434,2.01515],[-75.94174,2.01515],[-75.94176,2.01495],[-75.94111,2.01493],[-75.94108,2.01553],[-75.94076,2.01583],[-75.94078,2.01616],[-75.94014,2.01599],[-75.94007,2.01625],[-75.93968,2.01632],[-75.9393,2.01635],[-75.93908,2.01611],[-75.93866,2.0162],[-75.93849,2.01676],[-75.93824,2.0169],[-75.93781,2.0165]]]}},{"type":"Feature","properties":{"nombre":"ELIAS","municipio":"Elías","codigo_municipio":"41244"},"geometry":{"type":"Polygon","coordinates":[[[-75.93779,2.01654],[-75.93745,2.01571],[-75.93679,2.01473],[-75.93674,2.01408],[-75.93651,2.01376],[-75.93589,2.0139],[-75.93568,2.01406],[-75.93577,2.01419],[-75.93531,2.01446],[-75.93527,2.01435],[-75.93335,2.01471],[-75.93307,2.0149],[-75.93299,2.01452],[-75.9335,2.01445],[-75.93339,2.01393],[-75.93212,2.01323],[-75.93146,2.01322],[-75.93149,2.01305],[-75.93089,2.01318],[-75.93092,2.01285],[-75.92953,2.01236],[-75.92976,2.01202],[-75.92916,2.01195],[-75.9293,2.01077],[-75.93279,2.01082],[-75.93345,2.01133],[-75.93352,2.0109],[-75.93454,2.01117],[-75.9345,2.0114],[-75.93539,2.0115],[-75.93543,2.01128],[-75.93686,2.01166],[-75.93785,2.01126],[-75.93794,2.01186],[-75.93912,2.01179],[-75.93934,2.0122],[-75.9392,2.01254],[-75.93959,2.01262],[-75.93955,2.01285],[-75.94046,2.01309],[-75.94046,2.01293],[-75.94066,2.01296],[-75.94095,2.01154],[-75.94516,2.01244],[-75.94518,2.01285],[-75.94562,2.01306],[-75.9456,2.01329],[-75.94532,2.01332],[-75.94538,2.0143],[-75.94445,2.01439],[-75.94437,2.01415],[-75.94397,2.01422],[-75.94393,2.01403],[-75.94318,2.01422],[-75.9434,2.01515],[-75.94134,2.01517],[-75.94109,2.01494],[-75.94084,2.01619],[-75.94014,2.01601],[-75.94006,2.01626],[-75.93949,2.0164],[-75.93908,2.01613],[-75.93865,2.01621],[-75.93848,2.01679],[-75.93822,2.01693],[-75.93779,2.01654]]]}},{"type":"Feature","properties":{"nombre":"EL VISO","municipio":"Elías","codigo_municipio":"41244"},"geometry":{"type":"Polygon","coordinates":[[[-75.90349,2.01892],[-75.90393,2.01859],[-75.90382,2.01833],[-75.9043,2.01816],[-75.90444,2.01838],[-75.90478,2.01819],[-75.90471,2.01811],[-75.90506,2.01785],[-75.90491,2.01763],[-75.90545,2.01724],[-75.90514,2.01686],[-75.90547,2.0165],[-75.90519,2.01623],[-75.90524,2.01596],[-75.90648,2.01605],[-75.90659,2.01584],[-75.90647,2.01578],[-75.90643,2.01526],[-75.90602,2.01578],[-75.90583,2.01587],[-75.90561,2.01563],[-75.90648,2.01482],[-75.90635,2.01459],[-75.90661,2.01447],[-75.9065,2.0142],[-75.90708,2.01382],[-75.90742,2.01433],[-75.9084,2.01416],[-75.90887,2.01424],[-75.90851,2.01485],[-75.90874,2.01497],[-75.90865,2.01515],[-75.90988,2.01532],[-75.9104,2.01575],[-75.90945,2.01678],[-75.90998,2.0174],[-75.9095,2.01793],[-75.90933,2.01866],[-75.90909,2.01891],[-75.90885,2.01886],[-75.9084,2.0184],[-75.90703,2.01899],[-75.90707,2.01868],[-75.90685,2.01862],[-75.90643,2.01865],[-75.90603,2.01888],[-75.90556,2.01936],[-75.90604,2.01989],[-75.90523,2.0212],[-75.90478,2.02097],[-75.9044,2.02023],[-75.90395,2.02019],[-75.90382,2.02004],[-75.90371,2.01912],[-75.90349,2.01892]]]}},{"type":"Feature","properties":{"nombre":"GIGANTE","municipio":"Gigante","codigo_municipio":"41306"},"geometry":{"type":"MultiPolygon","coordinates":[[[[-75.53688,2.38682],[-75.53652,2.38615],[-75.53786,2.38644],[-75.53688,2.38682]]],[[[-75.54395,2.39045],[-75.54412,2.39059],[-75.54368,2.39104],[-75.54248,2.39166],[-75.54187,2.39158],[-75.54101,2.3912],[-75.54033,2.39055],[-75.53948,2.39043],[-75.53901,2.39057],[-75.53904,2.39082],[-75.53849,2.39073],[-75.53696,2.39176],[-75.53686,2.388],[-75.53807,2.3877],[-75.53972,2.3877],[-75.53968,2.38794],[-75.53871,2.38793],[-75.5387,2.38826],[-75.53972,2.38842],[-75.53971,2.38856],[-75.53934,2.38859],[-75.5397,2.38862],[-75.53968,2.38883],[-75.53929,2.38888],[-75.53968,2.3889],[-75.53966,2.38912],[-75.53919,2.38916],[-75.53965,2.38919],[-75.53964,2.38941],[-75.53909,2.38944],[-75.53964,2.38948],[-75.53963,2.3897],[-75.53907,2.38973],[-75.53962,2.38977],[-75.5396,2.38999],[-75.53905,2.38995],[-75.5396,2.39006],[-75.53958,2.39028],[-75.539,2.39033],[-75.54052,2.39045],[-75.54198,2.39036],[-75.5434,2.39078],[-75.54395,2.39045]]],[[[-75.54395,2.39045],[-75.5441,2.38988],[-75.54498,2.38994],[-75.54486,2.39041],[-75.54395,2.39045]]],[[[-75.53737,2.38773],[-75.53692,2.38691],[-75.53813,2.3865],[-75.54,2.38681],[-75.54141,2.38645],[-75.54152,2.38749],[-75.53737,2.38773]]],[[[-75.53993,2.38668],[-75.53829,2.38639],[-75.5383,2.38623],[-75.53798,2.38637],[-75.53798,2.38561],[-75.53883,2.38547],[-75.54048,2.38565],[-75.54046,2.3865],[-75.54024,2.38659],[-75.53993,2.38668]]],[[[-75.53871,2.38818],[-75.53873,2.38794],[-75.53917,2.38797],[-75.53915,2.3882],[-75.53871,2.38818]]],[[[-75.53919,2.38807],[-75.53968,2.388],[-75.53963,2.3883],[-75.53918,2.38821],[-75.53919,2.38807]]],[[[-75.53967,2.39028],[-75.53969,2.39007],[-75.54057,2.39013],[-75.54056,2.39035],[-75.53967,2.39028]]],[[[-75.54047,2.39005],[-75.53968,2.38999],[-75.53969,2.38978],[-75.54059,2.38984],[-75.54047,2.39005]]],[[[-75.53969,2.38941],[-75.53975,2.38855],[-75.54067,2.38876],[-75.54063,2.38953],[-75.53969,2.38941]]],[[[-75.53974,2.38805],[-75.53987,2.38804],[-75.53983,2.38836],[-75.53969,2.38833],[-75.53974,2.38805]]],[[[-75.53972,2.38971],[-75.53974,2.38949],[-75.54061,2.38955],[-75.54059,2.38977],[-75.53972,2.38971]]],[[[-75.53988,2.38796],[-75.53979,2.38771],[-75.5399,2.38772],[-75.53988,2.38796]]],[[[-75.54026,2.38858],[-75.53982,2.38852],[-75.53994,2.38772],[-75.54043,2.38772],[-75.54026,2.38858]]],[[[-75.54283,2.3906],[-75.54203,2.39027],[-75.54062,2.39038],[-75.54075,2.38872],[-75.54034,2.38858],[-75.54051,2.3877],[-75.54233,2.38745],[-75.54235,2.38767],[-75.54129,2.3878],[-75.54134,2.38859],[-75.54298,2.38853],[-75.54292,2.38877],[-75.54421,2.38901],[-75.54401,2.38983],[-75.54292,2.38973],[-75.54309,2.38979],[-75.54283,2.3906]]],[[[-75.54103,2.38638],[-75.54078,2.38454],[-75.5421,2.38431],[-75.54294,2.38446],[-75.54317,2.38472],[-75.54415,2.38458],[-75.54414,2.38424],[-75.54453,2.38412],[-75.54515,2.38484],[-75.54485,2.38629],[-75.54307,2.38598],[-75.54103,2.38638]]],[[[-75.54133,2.38792],[-75.54148,2.3878],[-75.54149,2.3879],[-75.54133,2.38792]]],[[[-75.54139,2.38801],[-75.54155,2.3882],[-75.54139,2.3882],[-75.54139,2.38801]]],[[[-75.54139,2.38828],[-75.54155,2.38847],[-75.54139,2.3885],[-75.54139,2.38828]]],[[[-75.54153,2.38673],[-75.54149,2.38646],[-75.54217,2.38636],[-75.54221,2.38662],[-75.54153,2.38673]]],[[[-75.54154,2.38684],[-75.5422,2.38673],[-75.54224,2.387],[-75.54158,2.38711],[-75.54154,2.38684]]],[[[-75.54162,2.38747],[-75.54158,2.3872],[-75.54226,2.38709],[-75.54231,2.38738],[-75.54162,2.38747]]],[[[-75.54232,2.38775],[-75.54236,2.38794],[-75.54164,2.38795],[-75.54188,2.38776],[-75.54232,2.38775]]],[[[-75.54233,2.38799],[-75.54237,2.38819],[-75.54165,2.3882],[-75.54164,2.388],[-75.54233,2.38799]]],[[[-75.54233,2.38827],[-75.54237,2.38848],[-75.54165,2.38849],[-75.54165,2.38827],[-75.54233,2.38827]]],[[[-75.54226,2.3866],[-75.54221,2.38628],[-75.5429,2.38619],[-75.54289,2.3865],[-75.54226,2.3866]]],[[[-75.54238,2.38698],[-75.54227,2.3867],[-75.54296,2.3866],[-75.543,2.38687],[-75.54238,2.38698]]],[[[-75.54243,2.38736],[-75.54232,2.38708],[-75.543,2.38696],[-75.54304,2.38723],[-75.54243,2.38736]]],[[[-75.54297,2.38736],[-75.54305,2.38767],[-75.54242,2.38767],[-75.54239,2.38745],[-75.54297,2.38736]]],[[[-75.54294,2.38774],[-75.54298,2.38793],[-75.54242,2.38794],[-75.54242,2.38775],[-75.54294,2.38774]]],[[[-75.54294,2.38798],[-75.54298,2.38818],[-75.54242,2.38818],[-75.54242,2.38799],[-75.54294,2.38798]]],[[[-75.54288,2.38826],[-75.54291,2.38845],[-75.54243,2.38845],[-75.54243,2.38826],[-75.54288,2.38826]]],[[[-75.54361,2.39065],[-75.54294,2.39061],[-75.54304,2.39026],[-75.54383,2.39037],[-75.54361,2.39065]]],[[[-75.54306,2.38826],[-75.54347,2.38834],[-75.54339,2.38876],[-75.54298,2.38869],[-75.54306,2.38826]]],[[[-75.54313,2.38724],[-75.54299,2.38617],[-75.54379,2.38618],[-75.54365,2.38713],[-75.54313,2.38724]]],[[[-75.54308,2.38817],[-75.54316,2.38778],[-75.54356,2.38787],[-75.54349,2.38825],[-75.54308,2.38817]]],[[[-75.54357,2.38778],[-75.54316,2.38769],[-75.54317,2.3873],[-75.54363,2.38723],[-75.54357,2.38778]]],[[[-75.54391,2.39031],[-75.54318,2.39023],[-75.54325,2.38983],[-75.54399,2.38991],[-75.54391,2.39031]]],[[[-75.54363,2.3879],[-75.54445,2.38807],[-75.54423,2.38893],[-75.54348,2.38878],[-75.54363,2.3879]]],[[[-75.54381,2.38719],[-75.54464,2.38732],[-75.54448,2.38801],[-75.54367,2.38782],[-75.54381,2.38719]]],[[[-75.54379,2.38711],[-75.54389,2.38621],[-75.54483,2.38638],[-75.54463,2.38724],[-75.54379,2.38711]]],[[[-75.54412,2.38977],[-75.54431,2.38904],[-75.54514,2.38924],[-75.54498,2.38986],[-75.54412,2.38977]]],[[[-75.54432,2.38897],[-75.54455,2.38811],[-75.54535,2.3883],[-75.54516,2.38915],[-75.54432,2.38897]]],[[[-75.54471,2.38734],[-75.54552,2.38746],[-75.54537,2.3882],[-75.54456,2.38802],[-75.54471,2.38734]]],[[[-75.54491,2.38639],[-75.54573,2.38656],[-75.54553,2.38739],[-75.54472,2.38725],[-75.54491,2.38639]]],[[[-75.54575,2.38647],[-75.54493,2.3863],[-75.54509,2.38553],[-75.54591,2.38571],[-75.54575,2.38647]]],[[[-75.54617,2.39041],[-75.54493,2.39045],[-75.54506,2.38997],[-75.54621,2.39026],[-75.54617,2.39041]]],[[[-75.54521,2.3893],[-75.54608,2.3894],[-75.54595,2.39007],[-75.54507,2.38989],[-75.54521,2.3893]]],[[[-75.54636,2.39053],[-75.54638,2.39065],[-75.54574,2.39082],[-75.54511,2.39086],[-75.5451,2.39059],[-75.54636,2.39053]]],[[[-75.54592,2.38562],[-75.5451,2.38544],[-75.54521,2.3849],[-75.54573,2.38504],[-75.54612,2.3848],[-75.54592,2.38562]]],[[[-75.54543,2.38832],[-75.54627,2.38851],[-75.54608,2.38933],[-75.54524,2.38916],[-75.54543,2.38832]]],[[[-75.5456,2.38749],[-75.54647,2.38761],[-75.5463,2.38841],[-75.54547,2.38823],[-75.5456,2.38749]]],[[[-75.54569,2.387],[-75.54597,2.38706],[-75.5459,2.38741],[-75.54562,2.38738],[-75.54569,2.387]]],[[[-75.5458,2.38658],[-75.54603,2.38662],[-75.54593,2.38699],[-75.54572,2.38693],[-75.5458,2.38658]]],[[[-75.54668,2.38665],[-75.54583,2.38648],[-75.546,2.38572],[-75.54685,2.38588],[-75.54668,2.38665]]],[[[-75.54589,2.38251],[-75.54602,2.38202],[-75.54628,2.38114],[-75.54614,2.38181],[-75.54715,2.38243],[-75.5464,2.38236],[-75.54589,2.38251]]],[[[-75.54602,2.38708],[-75.54654,2.3872],[-75.54647,2.38751],[-75.54595,2.38744],[-75.54602,2.38708]]],[[[-75.54688,2.38579],[-75.54601,2.38563],[-75.54618,2.38486],[-75.54703,2.38501],[-75.54688,2.38579]]],[[[-75.54601,2.39015],[-75.54619,2.38943],[-75.54693,2.38959],[-75.54665,2.39025],[-75.54601,2.39015]]],[[[-75.54602,2.38701],[-75.54607,2.38665],[-75.5466,2.38677],[-75.54652,2.38712],[-75.54602,2.38701]]],[[[-75.54705,2.38495],[-75.54604,2.38471],[-75.54623,2.38428],[-75.54643,2.38416],[-75.54718,2.3843],[-75.54705,2.38495]]],[[[-75.54619,2.39038],[-75.54622,2.39026],[-75.54645,2.39033],[-75.54638,2.39036],[-75.54619,2.39038]]],[[[-75.54636,2.38854],[-75.54714,2.38871],[-75.54695,2.38947],[-75.54619,2.38934],[-75.54636,2.38854]]],[[[-75.54639,2.38128],[-75.5466,2.38134],[-75.54642,2.38184],[-75.54621,2.38177],[-75.54639,2.38128]]],[[[-75.54661,2.38765],[-75.54734,2.3878],[-75.54713,2.38856],[-75.54638,2.38842],[-75.54661,2.38765]]],[[[-75.54827,2.38109],[-75.54782,2.38091],[-75.54777,2.38107],[-75.54752,2.38097],[-75.54678,2.38078],[-75.54653,2.38067],[-75.54682,2.3801],[-75.54733,2.38035],[-75.54724,2.38028],[-75.54776,2.37854],[-75.54759,2.37846],[-75.54765,2.37832],[-75.5478,2.37842],[-75.54793,2.378],[-75.54849,2.37829],[-75.54826,2.37873],[-75.54808,2.37871],[-75.54836,2.37885],[-75.54808,2.37952],[-75.54838,2.37888],[-75.54853,2.37897],[-75.54791,2.38002],[-75.54877,2.38019],[-75.54863,2.38046],[-75.54835,2.38031],[-75.54859,2.38052],[-75.54837,2.38087],[-75.54768,2.38048],[-75.54779,2.38013],[-75.54796,2.38012],[-75.54779,2.38008],[-75.54795,2.37954],[-75.54757,2.38047],[-75.54834,2.38095],[-75.54827,2.38109]]],[[[-75.54657,2.38195],[-75.54673,2.38138],[-75.54693,2.38146],[-75.54674,2.38197],[-75.54657,2.38195]]],[[[-75.5466,2.38755],[-75.54677,2.38676],[-75.54759,2.38692],[-75.54743,2.38767],[-75.5466,2.38755]]],[[[-75.5469,2.38088],[-75.54712,2.38093],[-75.54697,2.38133],[-75.54677,2.38126],[-75.5469,2.38088]]],[[[-75.54677,2.38668],[-75.54695,2.38588],[-75.54783,2.38601],[-75.54761,2.38683],[-75.54677,2.38668]]],[[[-75.54678,2.39053],[-75.54701,2.38959],[-75.54766,2.38966],[-75.54703,2.38951],[-75.54724,2.38871],[-75.54807,2.38889],[-75.54798,2.38936],[-75.54832,2.38943],[-75.54896,2.38927],[-75.5493,2.38806],[-75.55009,2.3882],[-75.55016,2.38785],[-75.55005,2.38808],[-75.54933,2.38796],[-75.54944,2.38718],[-75.5501,2.3873],[-75.55063,2.38718],[-75.54944,2.38711],[-75.54959,2.38633],[-75.55021,2.3863],[-75.55027,2.38702],[-75.55032,2.38663],[-75.55058,2.38661],[-75.55058,2.38699],[-75.55097,2.38696],[-75.55094,2.38646],[-75.55124,2.38643],[-75.55115,2.38609],[-75.54962,2.38621],[-75.54976,2.38549],[-75.5501,2.38545],[-75.54815,2.38513],[-75.54876,2.38367],[-75.54972,2.38372],[-75.55046,2.38343],[-75.55057,2.38366],[-75.55038,2.3844],[-75.55073,2.38488],[-75.55114,2.38501],[-75.55103,2.38526],[-75.55197,2.38499],[-75.55235,2.38542],[-75.55263,2.3851],[-75.55343,2.38497],[-75.5534,2.38572],[-75.55307,2.38614],[-75.55298,2.38743],[-75.55279,2.38783],[-75.55172,2.38813],[-75.55049,2.38941],[-75.5498,2.3894],[-75.54901,2.3902],[-75.54849,2.39038],[-75.54735,2.39036],[-75.54678,2.39053]]],[[[-75.54699,2.38214],[-75.54682,2.38203],[-75.54703,2.38147],[-75.54722,2.38156],[-75.54699,2.38214]]],[[[-75.54696,2.38581],[-75.54712,2.38503],[-75.54802,2.3852],[-75.54785,2.38593],[-75.54696,2.38581]]],[[[-75.54718,2.38101],[-75.54744,2.38102],[-75.54728,2.38146],[-75.54706,2.38136],[-75.54718,2.38101]]],[[[-75.5473,2.38229],[-75.5471,2.38221],[-75.54732,2.38157],[-75.54753,2.38168],[-75.5473,2.38229]]],[[[-75.54726,2.38433],[-75.54825,2.38441],[-75.54806,2.38511],[-75.54712,2.38497],[-75.54726,2.38433]]],[[[-75.54749,2.38781],[-75.54832,2.3879],[-75.54812,2.38882],[-75.54727,2.38862],[-75.54749,2.38781]]],[[[-75.54727,2.38423],[-75.54766,2.38374],[-75.54837,2.38328],[-75.54859,2.38321],[-75.54881,2.38335],[-75.54828,2.38432],[-75.54727,2.38423]]],[[[-75.54728,2.38146],[-75.54747,2.38097],[-75.54778,2.38109],[-75.5477,2.3816],[-75.54728,2.38146]]],[[[-75.5475,2.38227],[-75.54773,2.38172],[-75.54782,2.3824],[-75.5475,2.38227]]],[[[-75.54769,2.38692],[-75.5485,2.38705],[-75.54834,2.38781],[-75.54752,2.38768],[-75.54769,2.38692]]],[[[-75.54791,2.38603],[-75.54869,2.38615],[-75.54854,2.38695],[-75.54771,2.38685],[-75.54791,2.38603]]],[[[-75.54786,2.38203],[-75.54777,2.38151],[-75.54809,2.38148],[-75.54811,2.38199],[-75.54786,2.38203]]],[[[-75.54991,2.38246],[-75.54929,2.38226],[-75.54941,2.38203],[-75.54892,2.38165],[-75.54778,2.38134],[-75.54787,2.38102],[-75.54907,2.38149],[-75.54946,2.38193],[-75.55,2.38222],[-75.54991,2.38246]]],[[[-75.54818,2.38256],[-75.54794,2.38249],[-75.54787,2.38209],[-75.54812,2.38205],[-75.54818,2.38256]]],[[[-75.54872,2.38605],[-75.54793,2.38594],[-75.54813,2.3852],[-75.54885,2.38535],[-75.54872,2.38605]]],[[[-75.54806,2.38935],[-75.54816,2.38891],[-75.549,2.38909],[-75.54895,2.38924],[-75.54806,2.38935]]],[[[-75.54842,2.38005],[-75.54812,2.37998],[-75.54861,2.379],[-75.5489,2.37916],[-75.54842,2.38005]]],[[[-75.5482,2.382],[-75.54813,2.3816],[-75.54818,2.38151],[-75.54838,2.38155],[-75.54847,2.38205],[-75.5482,2.382]]],[[[-75.54841,2.38793],[-75.5492,2.38804],[-75.54896,2.38899],[-75.54819,2.38884],[-75.54841,2.38793]]],[[[-75.54838,2.38263],[-75.54823,2.38216],[-75.54848,2.38211],[-75.54857,2.38261],[-75.54838,2.38263]]],[[[-75.54948,2.37899],[-75.54931,2.3793],[-75.5483,2.37872],[-75.54852,2.37831],[-75.54889,2.37856],[-75.54899,2.37839],[-75.54951,2.37862],[-75.54986,2.37921],[-75.54974,2.37949],[-75.54934,2.37931],[-75.54948,2.37899]]],[[[-75.54834,2.3811],[-75.5484,2.38099],[-75.54887,2.38128],[-75.5487,2.38126],[-75.54834,2.3811]]],[[[-75.54844,2.38783],[-75.5486,2.38705],[-75.54937,2.38717],[-75.54925,2.38795],[-75.54844,2.38783]]],[[[-75.54863,2.38103],[-75.54872,2.38073],[-75.54857,2.381],[-75.54845,2.38092],[-75.54865,2.38055],[-75.54922,2.38082],[-75.54901,2.38132],[-75.54863,2.38103]]],[[[-75.54858,2.38216],[-75.54849,2.38166],[-75.54855,2.3816],[-75.54875,2.38168],[-75.54883,2.38212],[-75.54858,2.38216]]],[[[-75.54878,2.38011],[-75.5485,2.38005],[-75.54896,2.37919],[-75.54925,2.37935],[-75.54878,2.38011]]],[[[-75.54874,2.38272],[-75.54859,2.38222],[-75.54884,2.38218],[-75.54893,2.38267],[-75.54874,2.38272]]],[[[-75.54861,2.38698],[-75.54877,2.38614],[-75.54949,2.38628],[-75.54938,2.38709],[-75.54861,2.38698]]],[[[-75.5487,2.38049],[-75.54887,2.38019],[-75.54943,2.38028],[-75.54925,2.38076],[-75.5487,2.38049]]],[[[-75.54879,2.38607],[-75.54892,2.38534],[-75.54916,2.38538],[-75.54911,2.38612],[-75.54879,2.38607]]],[[[-75.54893,2.38219],[-75.54887,2.38185],[-75.54892,2.38177],[-75.54913,2.38187],[-75.54919,2.38218],[-75.54893,2.38219]]],[[[-75.54938,2.38266],[-75.5493,2.38234],[-75.54983,2.38258],[-75.54896,2.38314],[-75.54888,2.38277],[-75.54938,2.38266]]],[[[-75.54902,2.38267],[-75.54895,2.38229],[-75.5492,2.38224],[-75.54926,2.38262],[-75.54902,2.38267]]],[[[-75.54897,2.38004],[-75.54933,2.37938],[-75.54971,2.37956],[-75.54945,2.38021],[-75.54897,2.38004]]],[[[-75.54903,2.38329],[-75.54999,2.38277],[-75.55081,2.38104],[-75.55142,2.38045],[-75.55142,2.38084],[-75.55107,2.38129],[-75.55136,2.38184],[-75.55124,2.38184],[-75.55115,2.38226],[-75.55127,2.38243],[-75.55075,2.3832],[-75.55031,2.38311],[-75.55006,2.3834],[-75.54948,2.38358],[-75.54903,2.38329]]],[[[-75.54989,2.38207],[-75.54906,2.38138],[-75.5493,2.38088],[-75.55012,2.38126],[-75.55004,2.38188],[-75.54989,2.38207]]],[[[-75.54921,2.38588],[-75.54959,2.38585],[-75.54954,2.3862],[-75.54918,2.38614],[-75.54921,2.38588]]],[[[-75.54928,2.38542],[-75.54967,2.38546],[-75.54961,2.38579],[-75.54923,2.38574],[-75.54928,2.38542]]],[[[-75.54949,2.38034],[-75.55011,2.38038],[-75.55012,2.38116],[-75.54933,2.3808],[-75.54949,2.38034]]],[[[-75.5501,2.38029],[-75.54953,2.38021],[-75.54977,2.3796],[-75.55012,2.37973],[-75.5501,2.38029]]],[[[-75.55022,2.38105],[-75.5503,2.37956],[-75.55015,2.37953],[-75.54967,2.37876],[-75.55004,2.37819],[-75.55057,2.37876],[-75.55139,2.37893],[-75.55126,2.3787],[-75.55152,2.37867],[-75.55145,2.37929],[-75.55128,2.37939],[-75.55134,2.37923],[-75.55123,2.37939],[-75.55136,2.37944],[-75.55117,2.3801],[-75.55083,2.37977],[-75.55097,2.37952],[-75.55073,2.37967],[-75.55076,2.37999],[-75.55114,2.38046],[-75.5509,2.3806],[-75.55056,2.38122],[-75.55022,2.38105]]],[[[-75.54981,2.37951],[-75.54996,2.37933],[-75.55004,2.37958],[-75.54981,2.37951]]],[[[-75.55014,2.38181],[-75.55032,2.3819],[-75.55017,2.38223],[-75.55008,2.38217],[-75.55014,2.38181]]],[[[-75.55021,2.38117],[-75.55052,2.38129],[-75.55032,2.38187],[-75.55014,2.38175],[-75.55021,2.38117]]],[[[-75.55032,2.38661],[-75.55029,2.38628],[-75.55056,2.38627],[-75.55059,2.38658],[-75.55032,2.38661]]],[[[-75.5508,2.38625],[-75.5508,2.38657],[-75.55066,2.38658],[-75.55064,2.38626],[-75.5508,2.38625]]],[[[-75.55068,2.38686],[-75.55066,2.3866],[-75.5508,2.38659],[-75.55089,2.38691],[-75.55068,2.38686]]],[[[-75.55132,2.38035],[-75.55123,2.38014],[-75.55155,2.37924],[-75.5516,2.37865],[-75.55185,2.37863],[-75.55206,2.37995],[-75.55132,2.38035]]],[[[-75.5518,2.37786],[-75.55138,2.37596],[-75.5523,2.37568],[-75.55264,2.3774],[-75.5518,2.37786]]],[[[-75.55231,2.38003],[-75.55249,2.38024],[-75.55171,2.38067],[-75.55155,2.38045],[-75.55231,2.38003]]],[[[-75.55179,2.38107],[-75.55178,2.38089],[-75.5519,2.38098],[-75.55179,2.38107]]],[[[-75.55189,2.38108],[-75.55211,2.38124],[-75.55184,2.38147],[-75.5518,2.38116],[-75.55189,2.38108]]],[[[-75.55182,2.37789],[-75.552,2.37794],[-75.55186,2.37803],[-75.55182,2.37789]]],[[[-75.55185,2.37811],[-75.55205,2.37804],[-75.55216,2.37827],[-75.55191,2.3784],[-75.55185,2.37811]]],[[[-75.55211,2.38134],[-75.55233,2.3815],[-75.5519,2.38187],[-75.55186,2.38155],[-75.55211,2.38134]]],[[[-75.55233,2.3816],[-75.55255,2.38177],[-75.55208,2.38217],[-75.55192,2.38209],[-75.55233,2.3816]]],[[[-75.55194,2.37847],[-75.55219,2.37834],[-75.55231,2.37858],[-75.55198,2.37875],[-75.55194,2.37847]]],[[[-75.55195,2.37884],[-75.55266,2.37851],[-75.55285,2.37891],[-75.55248,2.37917],[-75.55257,2.37974],[-75.55215,2.37994],[-75.55195,2.37884]]],[[[-75.55209,2.37793],[-75.55202,2.37779],[-75.55229,2.37767],[-75.55232,2.37779],[-75.55209,2.37793]]],[[[-75.55255,2.38186],[-75.55277,2.38203],[-75.55239,2.38236],[-75.55215,2.38221],[-75.55255,2.38186]]],[[[-75.55218,2.37808],[-75.55236,2.37789],[-75.55247,2.37812],[-75.55225,2.37822],[-75.55218,2.37808]]],[[[-75.55231,2.37834],[-75.55253,2.37819],[-75.55263,2.37842],[-75.55241,2.37853],[-75.55231,2.37834]]],[[[-75.55237,2.37764],[-75.55281,2.37757],[-75.55243,2.37775],[-75.55237,2.37764]]],[[[-75.55241,2.38243],[-75.55282,2.38209],[-75.55358,2.38333],[-75.55281,2.38306],[-75.55278,2.38275],[-75.55241,2.38243]]],[[[-75.55257,2.3802],[-75.55242,2.37997],[-75.55508,2.37865],[-75.55523,2.37938],[-75.55513,2.3795],[-75.55477,2.37912],[-75.55257,2.3802]]],[[[-75.5525,2.37793],[-75.55285,2.37765],[-75.55296,2.37788],[-75.55257,2.37807],[-75.5525,2.37793]]],[[[-75.55268,2.37913],[-75.55277,2.37933],[-75.55256,2.37939],[-75.55251,2.37918],[-75.55268,2.37913]]],[[[-75.55271,2.37939],[-75.55284,2.37961],[-75.55266,2.37968],[-75.55257,2.37945],[-75.55271,2.37939]]],[[[-75.5526,2.38054],[-75.55258,2.38029],[-75.55263,2.38039],[-75.55333,2.37993],[-75.55341,2.38009],[-75.55335,2.37992],[-75.55349,2.3801],[-75.5526,2.38054]]],[[[-75.55271,2.37836],[-75.55259,2.37815],[-75.553,2.37797],[-75.55311,2.3782],[-75.55271,2.37836]]],[[[-75.55265,2.38066],[-75.55306,2.38044],[-75.55317,2.38065],[-75.55275,2.38087],[-75.55265,2.38066]]],[[[-75.55403,2.37845],[-75.55444,2.37881],[-75.55288,2.37959],[-75.55272,2.37906],[-75.55403,2.37845]]],[[[-75.55294,2.37883],[-75.55275,2.37847],[-75.55316,2.37827],[-75.55336,2.37868],[-75.55294,2.37883]]],[[[-75.55289,2.38114],[-75.55278,2.38096],[-75.55311,2.3808],[-75.55321,2.38101],[-75.55289,2.38114]]],[[[-75.55283,2.37742],[-75.55311,2.37739],[-75.5529,2.37752],[-75.55283,2.37742]]],[[[-75.55301,2.38141],[-75.55294,2.38125],[-75.55336,2.38104],[-75.55342,2.3813],[-75.55301,2.38141]]],[[[-75.55298,2.37768],[-75.55316,2.37749],[-75.55329,2.37771],[-75.55305,2.37783],[-75.55298,2.37768]]],[[[-75.55307,2.38194],[-75.55319,2.38216],[-75.55311,2.38219],[-75.55307,2.38217],[-75.55307,2.38194]]],[[[-75.55307,2.38163],[-75.55351,2.38132],[-75.55362,2.38155],[-75.5532,2.38176],[-75.55311,2.38161],[-75.5531,2.38183],[-75.55307,2.38163]]],[[[-75.55319,2.38214],[-75.55309,2.38193],[-75.55355,2.38169],[-75.55362,2.38194],[-75.55319,2.38214]]],[[[-75.55322,2.38063],[-75.5531,2.38041],[-75.55359,2.38024],[-75.55369,2.38041],[-75.5536,2.38031],[-75.55364,2.38042],[-75.55322,2.38063]]],[[[-75.55332,2.38067],[-75.55345,2.38088],[-75.55324,2.38099],[-75.55313,2.38078],[-75.55332,2.38067]]],[[[-75.55365,2.382],[-75.55386,2.38204],[-75.55319,2.38239],[-75.55313,2.38228],[-75.55365,2.382]]],[[[-75.55313,2.37724],[-75.5533,2.3773],[-75.55319,2.37735],[-75.55313,2.37724]]],[[[-75.55315,2.3779],[-75.55332,2.37782],[-75.55343,2.37804],[-75.55321,2.37815],[-75.55315,2.3779]]],[[[-75.55342,2.3786],[-75.55322,2.37823],[-75.55347,2.37812],[-75.55366,2.37852],[-75.55342,2.3786]]],[[[-75.55323,2.37744],[-75.55334,2.37738],[-75.55345,2.37761],[-75.55333,2.37767],[-75.55323,2.37744]]],[[[-75.55392,2.38229],[-75.5541,2.3825],[-75.55351,2.38279],[-75.55332,2.38258],[-75.55392,2.38229]]],[[[-75.55337,2.38066],[-75.55373,2.38048],[-75.55384,2.38069],[-75.55347,2.38087],[-75.55337,2.38066]]],[[[-75.55367,2.37791],[-75.55339,2.37778],[-75.55351,2.37771],[-75.55367,2.37791]]],[[[-75.55352,2.38123],[-75.5534,2.38101],[-75.55393,2.38075],[-75.55398,2.38086],[-75.55394,2.38073],[-75.55412,2.3809],[-75.55352,2.38123]]],[[[-75.55375,2.37848],[-75.55355,2.37808],[-75.5537,2.37801],[-75.55394,2.37838],[-75.55375,2.37848]]],[[[-75.55367,2.38153],[-75.55356,2.38132],[-75.55418,2.38098],[-75.55432,2.3812],[-75.55367,2.38153]]],[[[-75.55408,2.38259],[-75.55425,2.3828],[-75.55376,2.38304],[-75.55357,2.38284],[-75.55408,2.38259]]],[[[-75.55358,2.38166],[-75.55379,2.38156],[-75.5539,2.38178],[-75.55369,2.38189],[-75.55358,2.38166]]],[[[-75.55374,2.38046],[-75.5539,2.38064],[-75.55389,2.38068],[-75.55386,2.3807],[-75.55374,2.38046]]],[[[-75.55424,2.38289],[-75.55439,2.38307],[-75.55393,2.38325],[-75.5538,2.3831],[-75.55424,2.38289]]],[[[-75.55392,2.3818],[-75.55382,2.38156],[-75.55437,2.38126],[-75.55453,2.38145],[-75.55392,2.3818]]],[[[-75.55393,2.38186],[-75.55465,2.38152],[-75.5547,2.38162],[-75.55391,2.38201],[-75.55393,2.38186]]],[[[-75.55485,2.38184],[-75.55502,2.38206],[-75.55417,2.38247],[-75.55405,2.38222],[-75.55485,2.38184]]],[[[-75.5542,2.38252],[-75.55505,2.38211],[-75.55517,2.38236],[-75.55432,2.38277],[-75.5542,2.38252]]],[[[-75.55435,2.38284],[-75.55519,2.38242],[-75.55531,2.38266],[-75.55445,2.38305],[-75.55435,2.38284]]],[[[-75.55535,2.38121],[-75.55552,2.38143],[-75.55495,2.38171],[-75.55484,2.38146],[-75.55535,2.38121]]],[[[-75.5555,2.38152],[-75.55568,2.38174],[-75.55511,2.38201],[-75.55499,2.38177],[-75.5555,2.38152]]],[[[-75.55566,2.38182],[-75.55583,2.38203],[-75.55527,2.38231],[-75.55515,2.38206],[-75.55566,2.38182]]],[[[-75.55582,2.38212],[-75.55599,2.38234],[-75.55542,2.38261],[-75.5553,2.38236],[-75.55582,2.38212]]],[[[-75.55544,2.38111],[-75.55558,2.38103],[-75.55614,2.38232],[-75.55612,2.38234],[-75.55544,2.38111]]],[[[-75.55614,2.37563],[-75.55627,2.37531],[-75.55837,2.3764],[-75.55668,2.37728],[-75.55659,2.37577],[-75.55614,2.37563]]]]}},{"type":"Feature","properties":{"nombre":"POTRERILLOS","municipio":"Gigante","codigo_municipio":"41306"},"geometry":{"type":"MultiPolygon","coordinates":[[[[-75.48644,2.46605],[-75.48424,2.46565],[-75.48395,2.46503],[-75.48457,2.46489],[-75.48524,2.46502],[-75.48515,2.46535],[-75.48534,2.46511],[-75.48644,2.46605]]],[[[-75.48453,2.46588],[-75.48613,2.46609],[-75.48605,2.46649],[-75.48621,2.46702],[-75.486,2.46708],[-75.48544,2.46687],[-75.4857,2.46666],[-75.48563,2.46641],[-75.48453,2.46588]]],[[[-75.48472,2.4648],[-75.48505,2.46465],[-75.48577,2.46466],[-75.4856,2.46498],[-75.48625,2.46525],[-75.48616,2.46562],[-75.48571,2.46519],[-75.48472,2.4648]]],[[[-75.48629,2.46696],[-75.48612,2.46642],[-75.48663,2.46681],[-75.48629,2.46696]]],[[[-75.48612,2.4664],[-75.48619,2.46609],[-75.4867,2.46617],[-75.48648,2.46661],[-75.48612,2.4664]]],[[[-75.48679,2.46604],[-75.48689,2.46552],[-75.4872,2.46558],[-75.48677,2.46543],[-75.48674,2.46608],[-75.4865,2.46605],[-75.4862,2.46571],[-75.48632,2.46525],[-75.48672,2.46537],[-75.4873,2.46477],[-75.48743,2.46486],[-75.48809,2.46465],[-75.48816,2.4651],[-75.48786,2.46529],[-75.48751,2.46528],[-75.48749,2.46572],[-75.48724,2.46568],[-75.48721,2.46592],[-75.48751,2.46591],[-75.48751,2.46622],[-75.48679,2.46604]]],[[[-75.48742,2.46748],[-75.48686,2.46779],[-75.48662,2.46748],[-75.48651,2.46757],[-75.48622,2.46703],[-75.4867,2.46688],[-75.48709,2.46709],[-75.48672,2.46741],[-75.48711,2.46712],[-75.48869,2.46796],[-75.48898,2.46801],[-75.48903,2.46836],[-75.48818,2.46824],[-75.48742,2.46748]]],[[[-75.48652,2.46662],[-75.4868,2.46614],[-75.48733,2.46637],[-75.48704,2.46658],[-75.48683,2.46648],[-75.48695,2.46664],[-75.48671,2.4668],[-75.48652,2.46662]]],[[[-75.48681,2.46688],[-75.48738,2.46641],[-75.48791,2.46678],[-75.48784,2.46738],[-75.48681,2.46688]]],[[[-75.48738,2.46632],[-75.48739,2.46625],[-75.48742,2.46629],[-75.48738,2.46632]]],[[[-75.48747,2.46639],[-75.48806,2.46608],[-75.48911,2.4663],[-75.48905,2.46712],[-75.48834,2.46696],[-75.48777,2.46661],[-75.48747,2.46639]]],[[[-75.48831,2.46512],[-75.48858,2.4652],[-75.48831,2.4657],[-75.48757,2.46548],[-75.48759,2.46536],[-75.48792,2.46532],[-75.48831,2.46512]]],[[[-75.48757,2.46557],[-75.48811,2.46565],[-75.48827,2.46574],[-75.48759,2.46618],[-75.48757,2.46557]]],[[[-75.48787,2.46743],[-75.48801,2.46688],[-75.48848,2.46709],[-75.48843,2.46736],[-75.48853,2.46711],[-75.48904,2.4672],[-75.48898,2.46794],[-75.48787,2.46743]]],[[[-75.48886,2.46617],[-75.48855,2.46614],[-75.48813,2.46602],[-75.48835,2.46574],[-75.48892,2.46586],[-75.48886,2.46617]]],[[[-75.48865,2.46502],[-75.48827,2.46507],[-75.48821,2.46474],[-75.48896,2.46468],[-75.48916,2.46479],[-75.48904,2.46523],[-75.48865,2.46502]]],[[[-75.4885,2.46568],[-75.48867,2.46526],[-75.48897,2.46532],[-75.48894,2.46573],[-75.4885,2.46568]]],[[[-75.48904,2.46803],[-75.48946,2.46801],[-75.4894,2.46831],[-75.48908,2.46825],[-75.48904,2.46803]]],[[[-75.48943,2.46595],[-75.48906,2.46584],[-75.48904,2.46533],[-75.48922,2.46542],[-75.48943,2.46595]]],[[[-75.48907,2.466],[-75.48957,2.46608],[-75.48961,2.46642],[-75.48924,2.46635],[-75.48907,2.466]]],[[[-75.48908,2.46794],[-75.48916,2.46723],[-75.48953,2.46729],[-75.48938,2.46795],[-75.48908,2.46794]]],[[[-75.48908,2.46526],[-75.48916,2.46508],[-75.48926,2.46534],[-75.48908,2.46526]]],[[[-75.48922,2.46646],[-75.48961,2.46653],[-75.48949,2.46721],[-75.48915,2.46713],[-75.48922,2.46646]]],[[[-75.48952,2.46835],[-75.48979,2.46648],[-75.48932,2.46495],[-75.48979,2.46522],[-75.48982,2.46566],[-75.49096,2.467],[-75.49096,2.46769],[-75.49034,2.46748],[-75.4903,2.46764],[-75.49056,2.46768],[-75.49048,2.46814],[-75.48976,2.46803],[-75.48992,2.46836],[-75.4896,2.46871],[-75.48952,2.46835]]]]}},{"type":"Feature","properties":{"nombre":"RIO LORO","municipio":"Gigante","codigo_municipio":"41306"},"geometry":{"type":"MultiPolygon","coordinates":[[[[-75.60847,2.32331],[-75.60867,2.32299],[-75.60814,2.32267],[-75.60865,2.32162],[-75.60922,2.32162],[-75.60915,2.3221],[-75.60945,2.3222],[-75.60898,2.32358],[-75.60847,2.32331]]],[[[-75.6094,2.32382],[-75.60919,2.32378],[-75.60902,2.3236],[-75.6092,2.32335],[-75.60956,2.32367],[-75.6094,2.32382]]],[[[-75.60956,2.32353],[-75.60925,2.32323],[-75.60978,2.32172],[-75.6105,2.32196],[-75.61038,2.32238],[-75.61055,2.32261],[-75.61057,2.32324],[-75.61085,2.3233],[-75.61085,2.32348],[-75.60956,2.32353]]],[[[-75.60979,2.32132],[-75.61099,2.32153],[-75.61112,2.32172],[-75.6106,2.32157],[-75.61052,2.32185],[-75.60953,2.32161],[-75.60979,2.32132]]],[[[-75.6097,2.32373],[-75.61224,2.32338],[-75.61229,2.32376],[-75.61003,2.32372],[-75.61003,2.32382],[-75.6097,2.32373]]],[[[-75.61063,2.32146],[-75.61026,2.32134],[-75.60994,2.32128],[-75.61051,2.32082],[-75.61075,2.32113],[-75.61063,2.32146]]],[[[-75.61056,2.32185],[-75.61062,2.32163],[-75.61114,2.3218],[-75.61105,2.322],[-75.61056,2.32185]]]]}},{"type":"Feature","properties":{"nombre":"SILVANIA","municipio":"Gigante","codigo_municipio":"41306"},"geometry":{"type":"MultiPolygon","coordinates":[[[[-75.5065,2.29883],[-75.50632,2.29851],[-75.50703,2.2985],[-75.50703,2.29881],[-75.5065,2.29883]]],[[[-75.50648,2.2989],[-75.50702,2.29891],[-75.50701,2.29956],[-75.50681,2.29952],[-75.50648,2.2989]]],[[[-75.50662,2.29845],[-75.507,2.29838],[-75.50698,2.29847],[-75.50662,2.29845]]],[[[-75.50744,2.29837],[-75.50689,2.29824],[-75.50744,2.29794],[-75.50744,2.29837]]],[[[-75.50709,2.30022],[-75.50705,2.29972],[-75.50754,2.2994],[-75.50769,2.30012],[-75.50709,2.30022]]],[[[-75.50708,2.29956],[-75.50712,2.29891],[-75.50752,2.29889],[-75.50754,2.29846],[-75.5086,2.29847],[-75.50874,2.29865],[-75.50742,2.29908],[-75.50708,2.29956]]],[[[-75.50716,2.2988],[-75.50714,2.29847],[-75.50742,2.29848],[-75.50742,2.29878],[-75.50716,2.2988]]],[[[-75.50755,2.29787],[-75.50809,2.2976],[-75.50808,2.29838],[-75.50752,2.29837],[-75.50755,2.29787]]],[[[-75.50843,2.29797],[-75.50853,2.29838],[-75.50816,2.29838],[-75.50817,2.29798],[-75.50843,2.29797]]],[[[-75.50816,2.29792],[-75.50817,2.29759],[-75.50866,2.29734],[-75.50871,2.2979],[-75.50816,2.29792]]],[[[-75.50861,2.29824],[-75.50861,2.29797],[-75.50929,2.29797],[-75.50929,2.29824],[-75.50861,2.29824]]],[[[-75.50929,2.2984],[-75.50861,2.29828],[-75.50928,2.29827],[-75.50929,2.2984]]],[[[-75.50927,2.29859],[-75.50873,2.29849],[-75.50928,2.29847],[-75.50927,2.29859]]],[[[-75.50889,2.29874],[-75.50878,2.29861],[-75.50927,2.29862],[-75.50927,2.29873],[-75.50889,2.29874]]],[[[-75.50901,2.29883],[-75.50927,2.29876],[-75.50926,2.29885],[-75.50901,2.29883]]],[[[-75.50944,2.29844],[-75.50935,2.29828],[-75.5098,2.2983],[-75.50932,2.29857],[-75.50944,2.29844]]],[[[-75.50932,2.29874],[-75.50978,2.29839],[-75.50982,2.29854],[-75.50932,2.29874]]],[[[-75.50933,2.29885],[-75.50982,2.29858],[-75.50986,2.29865],[-75.50958,2.29881],[-75.50933,2.29885]]],[[[-75.50934,2.29823],[-75.50934,2.29796],[-75.50977,2.29796],[-75.50979,2.29823],[-75.50934,2.29823]]]]}},{"type":"Feature","properties":{"nombre":"GUADALUPE","municipio":"Guadalupe","codigo_municipio":"41319"},"geometry":{"type":"Polygon","coordinates":[[[-75.75278,2.02973],[-75.75243,2.02905],[-75.75282,2.0289],[-75.75207,2.02796],[-75.75137,2.02579],[-75.7518,2.0257],[-75.75234,2.02529],[-75.75253,2.02484],[-75.75348,2.02389],[-75.7538,2.02313],[-75.7538,2.02254],[-75.75498,2.02226],[-75.75525,2.02315],[-75.75553,2.02328],[-75.75682,2.0223],[-75.75709,2.02118],[-75.75749,2.02062],[-75.75758,2.01983],[-75.75739,2.01921],[-75.75844,2.01899],[-75.75892,2.01859],[-75.75917,2.01897],[-75.75904,2.02002],[-75.75921,2.02169],[-75.76107,2.02158],[-75.76159,2.02205],[-75.76289,2.02179],[-75.7634,2.02196],[-75.7647,2.02182],[-75.76551,2.02198],[-75.76556,2.02238],[-75.765,2.02251],[-75.76515,2.02324],[-75.76481,2.02307],[-75.76483,2.02336],[-75.7647,2.02339],[-75.76461,2.02321],[-75.7639,2.02323],[-75.76345,2.02341],[-75.76308,2.02341],[-75.76304,2.02326],[-75.76226,2.02332],[-75.76199,2.02337],[-75.76212,2.02402],[-75.76124,2.02421],[-75.76116,2.02392],[-75.76028,2.02409],[-75.76042,2.02436],[-75.75966,2.02509],[-75.75964,2.02498],[-75.75908,2.02576],[-75.75903,2.02562],[-75.75891,2.0259],[-75.75861,2.02598],[-75.7587,2.02624],[-75.75822,2.02663],[-75.7579,2.02641],[-75.75668,2.02748],[-75.75636,2.02717],[-75.7568,2.02784],[-75.75672,2.02802],[-75.75614,2.02817],[-75.75568,2.02758],[-75.75624,2.02839],[-75.75589,2.0287],[-75.75546,2.02893],[-75.75493,2.02799],[-75.75395,2.02896],[-75.75357,2.02957],[-75.75278,2.02973]]]}},{"type":"Feature","properties":{"nombre":"HOBO","municipio":"Hobo","codigo_municipio":"41349"},"geometry":{"type":"Polygon","coordinates":[[[-75.45455,2.58677],[-75.45368,2.58604],[-75.45301,2.58616],[-75.45262,2.58653],[-75.45212,2.58652],[-75.45193,2.58686],[-75.44934,2.58535],[-75.44876,2.5845],[-75.44874,2.58389],[-75.44859,2.58376],[-75.44781,2.58363],[-75.44719,2.58371],[-75.44647,2.58344],[-75.44609,2.58266],[-75.44673,2.58189],[-75.445,2.58126],[-75.44359,2.58055],[-75.44341,2.58083],[-75.44347,2.58154],[-75.44321,2.58148],[-75.4426,2.58065],[-75.44146,2.58042],[-75.43831,2.57813],[-75.43775,2.57791],[-75.44086,2.57463],[-75.44582,2.57908],[-75.44857,2.57913],[-75.45107,2.58009],[-75.45118,2.57996],[-75.45136,2.58004],[-75.45149,2.57983],[-75.45286,2.58026],[-75.45259,2.58061],[-75.45451,2.58195],[-75.45496,2.58246],[-75.45424,2.58376],[-75.4547,2.58436],[-75.45493,2.58495],[-75.45416,2.58611],[-75.45481,2.58617],[-75.45545,2.58645],[-75.45519,2.58704],[-75.45455,2.58677]]]}},{"type":"Feature","properties":{"nombre":"IQUIRA","municipio":"Íquira","codigo_municipio":"41357"},"geometry":{"type":"Polygon","coordinates":[[[-75.63122,2.65321],[-75.63102,2.65332],[-75.63029,2.65173],[-75.62951,2.65154],[-75.63009,2.6495],[-75.63068,2.64939],[-75.6308,2.6483],[-75.63302,2.64866],[-75.63328,2.64816],[-75.6346,2.6485],[-75.63467,2.64781],[-75.63495,2.6474],[-75.63477,2.64728],[-75.63513,2.64684],[-75.63479,2.64594],[-75.63526,2.64554],[-75.63601,2.64566],[-75.63593,2.64582],[-75.63627,2.64673],[-75.63702,2.64605],[-75.63735,2.64668],[-75.63764,2.64636],[-75.63848,2.64604],[-75.63872,2.64678],[-75.63761,2.64786],[-75.63728,2.64911],[-75.63739,2.6493],[-75.63806,2.64961],[-75.63834,2.64949],[-75.63868,2.64966],[-75.6388,2.65004],[-75.6391,2.65019],[-75.63892,2.65051],[-75.63935,2.65075],[-75.63929,2.65108],[-75.63954,2.65117],[-75.63979,2.65156],[-75.63952,2.65176],[-75.63963,2.65198],[-75.63944,2.65192],[-75.63915,2.65211],[-75.6384,2.65297],[-75.6382,2.65262],[-75.63795,2.65277],[-75.63675,2.65252],[-75.63605,2.6517],[-75.63564,2.6517],[-75.63551,2.65187],[-75.63495,2.65195],[-75.63458,2.65273],[-75.63424,2.65235],[-75.63382,2.65254],[-75.63357,2.65202],[-75.6313,2.65336],[-75.63122,2.65321]]]}},{"type":"Feature","properties":{"nombre":"RIO NEGRO","municipio":"Íquira","codigo_municipio":"41357"},"geometry":{"type":"Polygon","coordinates":[[[-75.74906,2.69262],[-75.75031,2.69057],[-75.75049,2.69078],[-75.75035,2.69053],[-75.75063,2.68995],[-75.74898,2.68826],[-75.74879,2.68776],[-75.74937,2.68766],[-75.75147,2.68778],[-75.75173,2.68765],[-75.75226,2.68863],[-75.75213,2.68881],[-75.75236,2.68934],[-75.75315,2.68995],[-75.753,2.69013],[-75.75252,2.68974],[-75.75173,2.69058],[-75.75068,2.69289],[-75.75021,2.69261],[-75.74916,2.69291],[-75.74906,2.69262]]]}},{"type":"Feature","properties":{"nombre":"VALENCIA DE LA PAZ","municipio":"Íquira","codigo_municipio":"41357"},"geometry":{"type":"Polygon","coordinates":[[[-75.6155,2.693],[-75.61591,2.69167],[-75.61553,2.69138],[-75.61554,2.69122],[-75.6153,2.69122],[-75.61539,2.69069],[-75.61503,2.69022],[-75.61515,2.68978],[-75.61581,2.69037],[-75.61636,2.69046],[-75.61694,2.69028],[-75.617,2.69061],[-75.61762,2.69088],[-75.61737,2.691],[-75.61707,2.69072],[-75.61647,2.69099],[-75.61625,2.69193],[-75.61607,2.69186],[-75.61584,2.69254],[-75.6155,2.693]]]}},{"type":"Feature","properties":{"nombre":"ISNOS","municipio":"Isnos","codigo_municipio":"41359"},"geometry":{"type":"Polygon","coordinates":[[[-76.36925,2.27109],[-76.36855,2.2709],[-76.36687,2.27111],[-76.36359,2.27097],[-76.36218,2.27134],[-76.36134,2.27107],[-76.36107,2.27072],[-76.36099,2.27026],[-76.36216,2.26756],[-76.36264,2.26477],[-76.36322,2.26338],[-76.36346,2.26211],[-76.36402,2.26126],[-76.36454,2.26049],[-76.36613,2.25912],[-76.36731,2.25862],[-76.36964,2.257],[-76.37049,2.25612],[-76.37086,2.25535],[-76.37137,2.253],[-76.37146,2.25124],[-76.37187,2.24991],[-76.37203,2.24843],[-76.37201,2.24662],[-76.37216,2.24579],[-76.37247,2.24537],[-76.37257,2.24485],[-76.37257,2.24297],[-76.37375,2.23767],[-76.37408,2.23656],[-76.37621,2.2341],[-76.37745,2.23094],[-76.37776,2.22918],[-76.37773,2.22694],[-76.37515,2.21933],[-76.37492,2.21774],[-76.37529,2.21595],[-76.37644,2.2144],[-76.37692,2.21414],[-76.38429,2.21421],[-76.38519,2.21368],[-76.38563,2.21314],[-76.38593,2.21226],[-76.38601,2.21122],[-76.38554,2.20954],[-76.38436,2.20687],[-76.38224,2.2032],[-76.37985,2.19981],[-76.37966,2.19719],[-76.37994,2.19607],[-76.38027,2.19273],[-76.38029,2.1891],[-76.37926,2.18562],[-76.37844,2.18404],[-76.37612,2.18134],[-76.37389,2.1793],[-76.37268,2.17793],[-76.36649,2.17251],[-76.36589,2.16731],[-76.36675,2.16556],[-76.36699,2.16412],[-76.36942,2.15944],[-76.37147,2.1563],[-76.37402,2.15346],[-76.3743,2.15246],[-76.37428,2.15142],[-76.37386,2.1504],[-76.37306,2.14935],[-76.3724,2.14872],[-76.37086,2.14801],[-76.36978,2.14775],[-76.36744,2.14754],[-76.36537,2.14693],[-76.36136,2.14645],[-76.36038,2.14682],[-76.35949,2.14738],[-76.35891,2.14752],[-76.3574,2.14703],[-76.35549,2.14673],[-76.35457,2.1463],[-76.35174,2.14099],[-76.35075,2.1385],[-76.34989,2.13748],[-76.3492,2.13722],[-76.34859,2.13669],[-76.34684,2.13297],[-76.34518,2.13132],[-76.34257,2.12626],[-76.34065,2.12372],[-76.34028,2.12224],[-76.33857,2.11784],[-76.33655,2.11543],[-76.33464,2.11125],[-76.33386,2.10995],[-76.33217,2.10821],[-76.3299,2.10363],[-76.32847,2.10123],[-76.32664,2.09942],[-76.32519,2.09726],[-76.32385,2.09454],[-76.32193,2.09241],[-76.32065,2.09153],[-76.3192,2.09083],[-76.31134,2.08569],[-76.30977,2.08411],[-76.30565,2.082],[-76.30157,2.07944],[-76.29897,2.07849],[-76.29853,2.07849],[-76.29627,2.077],[-76.29518,2.07666],[-76.29288,2.07472],[-76.29199,2.07275],[-76.28889,2.07015],[-76.28836,2.06992],[-76.28751,2.06999],[-76.28683,2.07054],[-76.28569,2.07091],[-76.28423,2.07101],[-76.28006,2.07031],[-76.27945,2.07003],[-76.27893,2.06885],[-76.27889,2.06743],[-76.27863,2.06611],[-76.27823,2.06509],[-76.27737,2.06393],[-76.27659,2.06318],[-76.27633,2.06268],[-76.27577,2.06219],[-76.27489,2.06092],[-76.2739,2.06053],[-76.27088,2.05879],[-76.26877,2.05786],[-76.26688,2.05766],[-76.26561,2.05867],[-76.26425,2.05809],[-76.26353,2.05804],[-76.26333,2.05774],[-76.26352,2.05706],[-76.26332,2.05652],[-76.26178,2.05609],[-76.26153,2.05548],[-76.26154,2.05457],[-76.26135,2.05408],[-76.26053,2.05326],[-76.25964,2.0527],[-76.25912,2.05186],[-76.25857,2.0515],[-76.25743,2.05145],[-76.25584,2.05164],[-76.25446,2.05139],[-76.25361,2.05109],[-76.25193,2.04965],[-76.25144,2.04969],[-76.25096,2.05015],[-76.25013,2.05034],[-76.24968,2.0502],[-76.24927,2.04981],[-76.2486,2.0488],[-76.24848,2.04814],[-76.24831,2.04799],[-76.24755,2.04785],[-76.24695,2.04815],[-76.24633,2.04823],[-76.24547,2.04808],[-76.24528,2.04764],[-76.24531,2.04698],[-76.24444,2.04643],[-76.24426,2.04607],[-76.24447,2.04503],[-76.24435,2.04471],[-76.24308,2.04444],[-76.24187,2.04491],[-76.24161,2.04485],[-76.24094,2.043],[-76.24019,2.04211],[-76.23999,2.04127],[-76.23864,2.0391],[-76.23781,2.03684],[-76.23614,2.03643],[-76.23396,2.03626],[-76.23219,2.03504],[-76.23159,2.03415],[-76.22966,2.0322],[-76.22832,2.03278],[-76.22683,2.03294],[-76.22563,2.03379],[-76.22537,2.03413],[-76.22487,2.03441],[-76.22449,2.03436],[-76.21987,2.03029],[-76.21973,2.02999],[-76.21989,2.02938],[-76.21981,2.02911],[-76.2193,2.02891],[-76.21944,2.02722],[-76.21927,2.02695],[-76.2186,2.02653],[-76.21735,2.02649],[-76.2168,2.02782],[-76.21592,2.02872],[-76.21512,2.02899],[-76.21459,2.02885],[-76.21346,2.02763],[-76.21264,2.02712],[-76.20961,2.02703],[-76.20891,2.02675],[-76.20804,2.02604],[-76.20719,2.02593],[-76.20622,2.02553],[-76.20571,2.02558],[-76.20486,2.02598],[-76.20338,2.02741],[-76.20288,2.02739],[-76.20113,2.02658],[-76.20043,2.0268],[-76.19961,2.02764],[-76.19896,2.02802],[-76.19861,2.02763],[-76.19864,2.02686],[-76.19848,2.02649],[-76.19787,2.02614],[-76.1954,2.0259],[-76.19497,2.02606],[-76.19436,2.02679],[-76.19379,2.02655],[-76.19285,2.02579],[-76.19236,2.02566],[-76.19179,2.026],[-76.19073,2.02525],[-76.18981,2.02506],[-76.18917,2.02455],[-76.18842,2.0243],[-76.18837,2.02414],[-76.18892,2.0234],[-76.18892,2.02293],[-76.18877,2.02283],[-76.18813,2.0231],[-76.1876,2.02392],[-76.18724,2.02373],[-76.18701,2.02314],[-76.18686,2.0231],[-76.18645,2.02326],[-76.18625,2.02384],[-76.18598,2.02405],[-76.18394,2.02405],[-76.18285,2.02449],[-76.1821,2.02521],[-76.18172,2.02516],[-76.1813,2.02484],[-76.18081,2.0239],[-76.18028,2.02397],[-76.17938,2.0231],[-76.17821,2.02293],[-76.17656,2.02123],[-76.17587,2.02098],[-76.17577,2.02057],[-76.17617,2.01918],[-76.17576,2.01862],[-76.17494,2.01864],[-76.17383,2.01936],[-76.17338,2.01931],[-76.17343,2.01876],[-76.17327,2.01827],[-76.17362,2.01717],[-76.17344,2.01709],[-76.17216,2.01731],[-76.17206,2.01703],[-76.17239,2.01632],[-76.17211,2.01582],[-76.17047,2.01449],[-76.16968,2.01407],[-76.16919,2.01412],[-76.16909,2.01331],[-76.16891,2.01308],[-76.1674,2.01227],[-76.16563,2.0123],[-76.16373,2.01163],[-76.16161,2.01039],[-76.16128,2.00996],[-76.16122,2.00953],[-76.16132,2.0088],[-76.1617,2.00839],[-76.16142,2.00757],[-76.16063,2.00681],[-76.15894,2.0068],[-76.15836,2.00659],[-76.15862,2.00531],[-76.15834,2.00428],[-76.15719,2.00322],[-76.15507,2.00033],[-76.15439,2.00014],[-76.15362,1.99928],[-76.15269,1.99921],[-76.15191,1.9996],[-76.15152,1.99959],[-76.15072,1.99886],[-76.15027,1.99866],[-76.14798,1.99863],[-76.14609,1.99839],[-76.1456,1.99821],[-76.14435,1.99731],[-76.14389,1.99724],[-76.14336,1.99747],[-76.14264,1.99833],[-76.14117,1.99859],[-76.13984,1.99958],[-76.1384,1.9994],[-76.13783,1.9985],[-76.13702,1.99859],[-76.13571,1.99926],[-76.13519,2.00041],[-76.13493,2.0004],[-76.13447,1.99978],[-76.13403,1.99862],[-76.13244,1.99691],[-76.13324,1.99711],[-76.13348,1.99702],[-76.13389,1.99626],[-76.13452,1.99598],[-76.13498,1.99473],[-76.13566,1.99417],[-76.1359,1.99339],[-76.13638,1.99283],[-76.13645,1.99215],[-76.13717,1.99159],[-76.13788,1.99067],[-76.13897,1.99],[-76.13959,1.98991],[-76.13993,1.98956],[-76.1404,1.98941],[-76.14156,1.98855],[-76.14203,1.98726],[-76.14316,1.98598],[-76.14365,1.98516],[-76.14486,1.98485],[-76.14566,1.98428],[-76.14679,1.98263],[-76.14841,1.98087],[-76.14755,1.98043],[-76.14677,1.9797],[-76.14902,1.97978],[-76.15091,1.98037],[-76.1527,1.98065],[-76.15333,1.98053],[-76.1547,1.98084],[-76.15548,1.98081],[-76.15623,1.98011],[-76.1568,1.9798],[-76.15693,1.97946],[-76.15669,1.97919],[-76.15672,1.97801],[-76.15656,1.97698],[-76.15586,1.9769],[-76.15577,1.97655],[-76.15599,1.97612],[-76.15658,1.97608],[-76.15702,1.97561],[-76.15795,1.97548],[-76.15808,1.97532],[-76.15759,1.97511],[-76.15717,1.9752],[-76.15701,1.97544],[-76.15663,1.97526],[-76.1564,1.97536],[-76.15629,1.97513],[-76.15659,1.97471],[-76.15602,1.97422],[-76.1556,1.97466],[-76.15517,1.97423],[-76.15478,1.97441],[-76.15422,1.97432],[-76.15373,1.97324],[-76.15375,1.97215],[-76.1539,1.97199],[-76.15514,1.97228],[-76.1558,1.97203],[-76.15654,1.97136],[-76.15664,1.97102],[-76.15622,1.97089],[-76.15573,1.97102],[-76.15553,1.97074],[-76.1567,1.97049],[-76.15684,1.9702],[-76.15659,1.96988],[-76.15668,1.96978],[-76.15779,1.96967],[-76.15817,1.96944],[-76.15822,1.96929],[-76.1575,1.96913],[-76.15747,1.96897],[-76.1581,1.96849],[-76.15803,1.9681],[-76.15846,1.96772],[-76.15898,1.96757],[-76.15909,1.96728],[-76.15896,1.96699],[-76.15989,1.96684],[-76.16017,1.96643],[-76.16055,1.96638],[-76.16075,1.96607],[-76.16103,1.96647],[-76.16125,1.96654],[-76.16141,1.96556],[-76.16196,1.9653],[-76.16142,1.9646],[-76.16114,1.96389],[-76.16057,1.96338],[-76.16048,1.96237],[-76.16024,1.9623],[-76.1594,1.9626],[-76.15894,1.9615],[-76.15866,1.96131],[-76.15827,1.96231],[-76.15774,1.96266],[-76.15694,1.96222],[-76.15687,1.96115],[-76.15599,1.96123],[-76.15549,1.96069],[-76.15454,1.96024],[-76.15421,1.95928],[-76.15298,1.95935],[-76.15253,1.95898],[-76.15122,1.9588],[-76.15088,1.9583],[-76.15039,1.95797],[-76.14821,1.9577],[-76.14776,1.95687],[-76.14715,1.9563],[-76.14654,1.95649],[-76.14587,1.95638],[-76.14506,1.9568],[-76.1443,1.95668],[-76.14388,1.95643],[-76.143,1.95687],[-76.14263,1.95723],[-76.14249,1.95799],[-76.14209,1.9585],[-76.1408,1.9587],[-76.1405,1.95894],[-76.14036,1.96029],[-76.14019,1.96066],[-76.13939,1.9607],[-76.13842,1.96147],[-76.13824,1.96123],[-76.13893,1.96063],[-76.13897,1.95974],[-76.13876,1.95906],[-76.1381,1.95861],[-76.13761,1.95792],[-76.13383,1.95604],[-76.13204,1.95472],[-76.1311,1.95446],[-76.13055,1.95369],[-76.12889,1.95321],[-76.1286,1.9528],[-76.12825,1.95159],[-76.12699,1.9508],[-76.12648,1.95076],[-76.12501,1.95138],[-76.12446,1.95135],[-76.12397,1.95112],[-76.12287,1.94967],[-76.12138,1.94952],[-76.12031,1.94913],[-76.11997,1.9488],[-76.11917,1.94916],[-76.11813,1.94919],[-76.117,1.94954],[-76.11682,1.95008],[-76.11604,1.9504],[-76.11534,1.9502],[-76.11463,1.95056],[-76.1121,1.95038],[-76.11162,1.95015],[-76.11004,1.94989],[-76.10882,1.94911],[-76.10712,1.94846],[-76.10656,1.94803],[-76.10534,1.94638],[-76.10502,1.94561],[-76.105,1.94508],[-76.1054,1.9439],[-76.10542,1.94269],[-76.10563,1.94194],[-76.10534,1.94115],[-76.10553,1.94032],[-76.10545,1.94004],[-76.10513,1.93989],[-76.10438,1.94009],[-76.10356,1.94004],[-76.10271,1.94053],[-76.10205,1.93986],[-76.1017,1.93979],[-76.10092,1.93808],[-76.10094,1.93776],[-76.10228,1.93737],[-76.10469,1.93618],[-76.10632,1.93583],[-76.10996,1.93579],[-76.11347,1.93507],[-76.11433,1.93427],[-76.11535,1.93268],[-76.11636,1.93148],[-76.11804,1.93057],[-76.12107,1.92825],[-76.12142,1.92825],[-76.12309,1.92707],[-76.12626,1.9233],[-76.12705,1.92277],[-76.12882,1.92227],[-76.13127,1.92226],[-76.13283,1.92238],[-76.13347,1.92264],[-76.13397,1.92266],[-76.13566,1.92197],[-76.13651,1.92143],[-76.13761,1.92031],[-76.13889,1.91867],[-76.13964,1.91812],[-76.14354,1.91829],[-76.14517,1.91797],[-76.14629,1.91725],[-76.1472,1.91692],[-76.14869,1.91671],[-76.15116,1.91684],[-76.1518,1.91661],[-76.15239,1.91603],[-76.1539,1.91277],[-76.15367,1.91076],[-76.15418,1.90937],[-76.15438,1.90805],[-76.15432,1.90762],[-76.15228,1.90433],[-76.15151,1.90239],[-76.1516,1.90181],[-76.15198,1.90142],[-76.15388,1.90047],[-76.15409,1.90014],[-76.15397,1.89951],[-76.15317,1.89868],[-76.15269,1.89793],[-76.15216,1.89583],[-76.15253,1.89548],[-76.15324,1.89517],[-76.15647,1.8942],[-76.15778,1.89292],[-76.15973,1.89325],[-76.16113,1.89309],[-76.1615,1.89286],[-76.1624,1.89166],[-76.16291,1.88927],[-76.16337,1.88826],[-76.16434,1.88768],[-76.16544,1.88749],[-76.16628,1.88673],[-76.16613,1.88626],[-76.16572,1.88579],[-76.16515,1.88551],[-76.16424,1.88545],[-76.16405,1.88522],[-76.16425,1.88271],[-76.16466,1.88075],[-76.16426,1.87993],[-76.16279,1.87872],[-76.16261,1.87833],[-76.1629,1.87743],[-76.16432,1.87574],[-76.16477,1.87497],[-76.16513,1.87382],[-76.16546,1.87085],[-76.16589,1.86976],[-76.16695,1.86792],[-76.16764,1.86733],[-76.1684,1.8671],[-76.16955,1.86752],[-76.17057,1.86928],[-76.17131,1.86981],[-76.17219,1.8699],[-76.17413,1.86947],[-76.17475,1.86952],[-76.17515,1.86973],[-76.17642,1.87098],[-76.17688,1.87103],[-76.17717,1.87079],[-76.17737,1.87009],[-76.17734,1.8692],[-76.17699,1.86829],[-76.17706,1.86785],[-76.17782,1.86716],[-76.17928,1.86651],[-76.18043,1.86632],[-76.18219,1.86573],[-76.18394,1.86561],[-76.18662,1.86514],[-76.19154,1.86405],[-76.19467,1.86234],[-76.19567,1.86238],[-76.19661,1.8627],[-76.19874,1.86402],[-76.19908,1.86408],[-76.2027,1.86371],[-76.20663,1.86219],[-76.20721,1.86169],[-76.20787,1.86141],[-76.20926,1.86233],[-76.21012,1.86246],[-76.21163,1.86167],[-76.2139,1.86005],[-76.21518,1.85965],[-76.21543,1.85922],[-76.21517,1.8578],[-76.21535,1.85733],[-76.2158,1.8568],[-76.21707,1.85657],[-76.21755,1.85634],[-76.21866,1.85444],[-76.21987,1.85523],[-76.22084,1.85559],[-76.22237,1.85522],[-76.22374,1.85425],[-76.22484,1.85384],[-76.22695,1.85414],[-76.22738,1.85435],[-76.22772,1.85502],[-76.22767,1.8559],[-76.22716,1.85723],[-76.22513,1.85937],[-76.22486,1.86057],[-76.22496,1.86126],[-76.22557,1.86238],[-76.22594,1.86243],[-76.22715,1.8621],[-76.22787,1.86233],[-76.22869,1.86312],[-76.229,1.86404],[-76.22843,1.86542],[-76.22851,1.86628],[-76.22873,1.86659],[-76.22977,1.867],[-76.23128,1.86854],[-76.23161,1.86944],[-76.23153,1.86982],[-76.23105,1.87082],[-76.2301,1.87207],[-76.23012,1.87256],[-76.23081,1.873],[-76.23297,1.87345],[-76.23381,1.87506],[-76.23445,1.87555],[-76.23513,1.87548],[-76.23701,1.87444],[-76.23808,1.87441],[-76.23892,1.87466],[-76.23952,1.87548],[-76.23956,1.87596],[-76.23903,1.87708],[-76.23887,1.87813],[-76.23959,1.87932],[-76.24002,1.87935],[-76.24201,1.87842],[-76.24406,1.87789],[-76.24499,1.87784],[-76.24565,1.87809],[-76.24585,1.87828],[-76.24588,1.87864],[-76.24523,1.87986],[-76.24545,1.88056],[-76.24632,1.88126],[-76.24694,1.88135],[-76.24859,1.88122],[-76.24897,1.88143],[-76.2493,1.88328],[-76.24992,1.88496],[-76.2507,1.88638],[-76.254,1.88748],[-76.25523,1.88877],[-76.25582,1.88984],[-76.2563,1.8902],[-76.25743,1.89035],[-76.25874,1.89003],[-76.2593,1.89013],[-76.25956,1.89036],[-76.26007,1.89119],[-76.26015,1.89214],[-76.25976,1.89434],[-76.26047,1.89601],[-76.26172,1.89741],[-76.26371,1.89767],[-76.26456,1.89838],[-76.26537,1.8994],[-76.26546,1.89979],[-76.26506,1.9016],[-76.26502,1.9029],[-76.26671,1.90454],[-76.26785,1.90679],[-76.26844,1.90717],[-76.2696,1.90733],[-76.2699,1.9076],[-76.27,1.90799],[-76.26926,1.90958],[-76.2692,1.91001],[-76.2694,1.91079],[-76.27123,1.91125],[-76.27185,1.91165],[-76.27182,1.91206],[-76.27164,1.91227],[-76.26956,1.91343],[-76.26938,1.91394],[-76.2696,1.91447],[-76.27207,1.9155],[-76.27274,1.91692],[-76.2737,1.91781],[-76.27449,1.91788],[-76.27683,1.91766],[-76.27731,1.91781],[-76.27801,1.91842],[-76.27821,1.91884],[-76.2783,1.92109],[-76.27958,1.92255],[-76.27972,1.92306],[-76.27949,1.92347],[-76.27876,1.92413],[-76.2785,1.92485],[-76.27858,1.92541],[-76.28108,1.92791],[-76.28177,1.92995],[-76.28249,1.93083],[-76.28275,1.93152],[-76.28229,1.93385],[-76.28239,1.93549],[-76.2819,1.93656],[-76.28174,1.93748],[-76.28217,1.9383],[-76.2819,1.93969],[-76.28244,1.94067],[-76.28194,1.94184],[-76.28201,1.94291],[-76.28226,1.94359],[-76.28219,1.94495],[-76.28278,1.94605],[-76.28316,1.94777],[-76.28361,1.94867],[-76.2827,1.94971],[-76.28313,1.9509],[-76.28343,1.95241],[-76.28313,1.95302],[-76.28249,1.95298],[-76.28217,1.95316],[-76.28182,1.95411],[-76.28143,1.95467],[-76.28156,1.95507],[-76.28221,1.95537],[-76.28273,1.95586],[-76.28307,1.95656],[-76.28336,1.95846],[-76.28315,1.95963],[-76.2832,1.96091],[-76.28333,1.96147],[-76.28384,1.96234],[-76.28384,1.96282],[-76.28375,1.9635],[-76.28301,1.96435],[-76.283,1.96489],[-76.28329,1.96525],[-76.28468,1.96599],[-76.28503,1.96659],[-76.28507,1.9672],[-76.28488,1.96745],[-76.28453,1.96746],[-76.28385,1.96718],[-76.2832,1.96712],[-76.28292,1.9672],[-76.28283,1.96748],[-76.28445,1.9695],[-76.28457,1.97],[-76.28438,1.97034],[-76.28414,1.9704],[-76.28229,1.97048],[-76.28202,1.97209],[-76.28176,1.97231],[-76.28096,1.97253],[-76.27901,1.97445],[-76.27847,1.97643],[-76.27865,1.97788],[-76.27881,1.97787],[-76.27882,1.97808],[-76.27852,1.97859],[-76.27756,1.97934],[-76.27722,1.98021],[-76.27726,1.98077],[-76.27769,1.98143],[-76.27781,1.98193],[-76.27759,1.98256],[-76.27743,1.98271],[-76.27726,1.98249],[-76.27662,1.98258],[-76.27638,1.98241],[-76.27652,1.9828],[-76.27566,1.98171],[-76.2749,1.98115],[-76.27445,1.98169],[-76.2744,1.98288],[-76.2739,1.98482],[-76.27364,1.9852],[-76.27314,1.9851],[-76.27188,1.98437],[-76.27069,1.98419],[-76.27017,1.98438],[-76.27019,1.98635],[-76.26984,1.98692],[-76.26915,1.98736],[-76.26912,1.98796],[-76.26942,1.98937],[-76.26875,1.99079],[-76.26875,1.99173],[-76.26941,1.9925],[-76.26909,1.99339],[-76.26908,1.99387],[-76.27056,1.99768],[-76.27056,1.99806],[-76.27015,1.99803],[-76.26971,2.00019],[-76.26976,2.00077],[-76.27068,2.00186],[-76.27081,2.0017],[-76.27129,2.00209],[-76.27209,2.00238],[-76.27357,2.00343],[-76.27373,2.00388],[-76.27404,2.00376],[-76.27411,2.00387],[-76.27307,2.00552],[-76.27335,2.00592],[-76.27415,2.00646],[-76.27451,2.00709],[-76.27441,2.00791],[-76.27492,2.00922],[-76.27506,2.01087],[-76.27553,2.01118],[-76.2771,2.01134],[-76.27941,2.01216],[-76.28037,2.0128],[-76.28093,2.01385],[-76.28169,2.0145],[-76.28428,2.0155],[-76.28503,2.0162],[-76.28561,2.01612],[-76.28687,2.0146],[-76.2874,2.0146],[-76.28824,2.01507],[-76.28886,2.0158],[-76.2892,2.01652],[-76.28972,2.01915],[-76.29044,2.02095],[-76.29154,2.02263],[-76.29243,2.02299],[-76.29286,2.02292],[-76.29419,2.02208],[-76.29515,2.02234],[-76.2958,2.02432],[-76.29607,2.02456],[-76.29714,2.02443],[-76.29757,2.02454],[-76.29814,2.02493],[-76.29926,2.02665],[-76.30132,2.0279],[-76.30241,2.02899],[-76.30257,2.02941],[-76.30247,2.03141],[-76.30261,2.03169],[-76.30291,2.03175],[-76.30358,2.0314],[-76.30405,2.03139],[-76.30529,2.03293],[-76.30583,2.03297],[-76.30658,2.03273],[-76.30763,2.03287],[-76.3086,2.03278],[-76.31033,2.03302],[-76.31139,2.03276],[-76.31283,2.033],[-76.31324,2.03291],[-76.31423,2.03139],[-76.31453,2.03122],[-76.31619,2.03112],[-76.31643,2.03077],[-76.31725,2.03022],[-76.31763,2.03014],[-76.31863,2.03039],[-76.31991,2.03027],[-76.32027,2.03042],[-76.32092,2.03107],[-76.32254,2.03214],[-76.32274,2.0329],[-76.32249,2.03398],[-76.32312,2.03491],[-76.32438,2.03575],[-76.32559,2.03587],[-76.32696,2.03691],[-76.32917,2.03731],[-76.32935,2.03765],[-76.32935,2.03821],[-76.32964,2.03851],[-76.33123,2.03842],[-76.33243,2.04008],[-76.33308,2.04035],[-76.33292,2.04142],[-76.3331,2.04186],[-76.33387,2.04214],[-76.33469,2.0431],[-76.33645,2.0435],[-76.33691,2.04399],[-76.33744,2.04419],[-76.33808,2.04494],[-76.33843,2.04584],[-76.33877,2.04596],[-76.33973,2.0459],[-76.34062,2.04645],[-76.34078,2.04661],[-76.34099,2.04791],[-76.34188,2.0481],[-76.34251,2.04902],[-76.34306,2.0495],[-76.34342,2.04954],[-76.34423,2.04922],[-76.34481,2.04978],[-76.34522,2.04988],[-76.34541,2.05015],[-76.3455,2.05086],[-76.34494,2.05228],[-76.34504,2.05261],[-76.3459,2.05272],[-76.34652,2.05332],[-76.34755,2.05353],[-76.34789,2.05399],[-76.34748,2.05627],[-76.34756,2.05721],[-76.34826,2.05921],[-76.3487,2.05988],[-76.34879,2.06045],[-76.34863,2.06066],[-76.34724,2.06122],[-76.34701,2.06141],[-76.347,2.06167],[-76.34794,2.06253],[-76.34931,2.06485],[-76.35012,2.06448],[-76.35086,2.06445],[-76.35235,2.06543],[-76.35427,2.06544],[-76.3548,2.06557],[-76.35603,2.06643],[-76.35703,2.06626],[-76.35789,2.06666],[-76.36206,2.06756],[-76.36287,2.0683],[-76.36325,2.07018],[-76.36393,2.07099],[-76.36669,2.07129],[-76.36927,2.07268],[-76.3697,2.07325],[-76.3721,2.0752],[-76.37328,2.0754],[-76.37404,2.07603],[-76.37468,2.076],[-76.37524,2.07541],[-76.37571,2.07558],[-76.37594,2.076],[-76.37652,2.07593],[-76.37673,2.07565],[-76.37754,2.07563],[-76.37841,2.07577],[-76.37911,2.07662],[-76.37876,2.07831],[-76.37804,2.07914],[-76.37771,2.07989],[-76.37822,2.08033],[-76.37935,2.08191],[-76.37938,2.08225],[-76.37902,2.08297],[-76.37829,2.08369],[-76.3772,2.08416],[-76.3771,2.08468],[-76.37863,2.08653],[-76.37899,2.08753],[-76.37994,2.08805],[-76.38011,2.08886],[-76.38086,2.08879],[-76.38107,2.08925],[-76.38195,2.08987],[-76.38205,2.0907],[-76.38169,2.09155],[-76.38192,2.09209],[-76.38233,2.09239],[-76.38304,2.09238],[-76.38328,2.09285],[-76.38428,2.09278],[-76.38499,2.09292],[-76.38542,2.0932],[-76.3856,2.09362],[-76.38549,2.09395],[-76.385,2.09439],[-76.38483,2.09528],[-76.38356,2.09583],[-76.3835,2.09608],[-76.38379,2.09643],[-76.38485,2.09697],[-76.38462,2.09794],[-76.38584,2.09905],[-76.38614,2.10021],[-76.38594,2.10052],[-76.38307,2.1018],[-76.38153,2.10276],[-76.38144,2.10359],[-76.38114,2.10433],[-76.38173,2.10596],[-76.3819,2.10782],[-76.38254,2.10908],[-76.38244,2.11202],[-76.38247,2.11232],[-76.38307,2.11309],[-76.38295,2.11375],[-76.38348,2.11415],[-76.38582,2.11466],[-76.38736,2.11571],[-76.38764,2.11736],[-76.39041,2.11955],[-76.39067,2.12267],[-76.39109,2.12385],[-76.39152,2.12432],[-76.39305,2.12525],[-76.39414,2.12651],[-76.39548,2.12769],[-76.39567,2.12834],[-76.3957,2.12967],[-76.39617,2.13001],[-76.39671,2.13013],[-76.39686,2.13043],[-76.39635,2.1313],[-76.39559,2.13175],[-76.39533,2.13211],[-76.39555,2.13278],[-76.39532,2.13337],[-76.39641,2.13315],[-76.39686,2.13334],[-76.39718,2.13369],[-76.39788,2.13521],[-76.3989,2.13656],[-76.39899,2.13824],[-76.39975,2.13959],[-76.39995,2.14042],[-76.40009,2.14062],[-76.40074,2.14082],[-76.40127,2.14155],[-76.40175,2.144],[-76.40169,2.14596],[-76.40195,2.14637],[-76.40311,2.14686],[-76.40536,2.14814],[-76.40562,2.14871],[-76.40577,2.14991],[-76.40641,2.1507],[-76.40764,2.15349],[-76.40813,2.15557],[-76.40791,2.15658],[-76.40798,2.15711],[-76.40858,2.15805],[-76.40922,2.15851],[-76.41049,2.15779],[-76.41438,2.16005],[-76.41502,2.16016],[-76.41629,2.16073],[-76.41731,2.1622],[-76.41802,2.16269],[-76.41929,2.1642],[-76.42116,2.16506],[-76.42221,2.16627],[-76.42341,2.16823],[-76.42401,2.16992],[-76.42453,2.17087],[-76.42461,2.17185],[-76.42513,2.17305],[-76.42562,2.17569],[-76.42525,2.17969],[-76.42416,2.1824],[-76.42394,2.1844],[-76.42409,2.18591],[-76.42398,2.18715],[-76.42319,2.18832],[-76.41982,2.19111],[-76.4175,2.19273],[-76.41491,2.19427],[-76.41184,2.19688],[-76.40881,2.20087],[-76.40645,2.2049],[-76.40484,2.20732],[-76.40319,2.2092],[-76.4029,2.21037],[-76.40271,2.21293],[-76.40174,2.21889],[-76.40147,2.22145],[-76.39983,2.22948],[-76.39863,2.23234],[-76.3953,2.23672],[-76.39376,2.23843],[-76.39252,2.24066],[-76.39226,2.24173],[-76.39145,2.24368],[-76.39139,2.24483],[-76.39262,2.24483],[-76.39052,2.25225],[-76.39038,2.25331],[-76.38924,2.25575],[-76.38934,2.25737],[-76.39005,2.25969],[-76.39007,2.26088],[-76.38982,2.26154],[-76.38899,2.26279],[-76.3861,2.26593],[-76.38069,2.27136],[-76.37677,2.27556],[-76.37522,2.27789],[-76.37402,2.27928],[-76.37334,2.27901],[-76.37235,2.27832],[-76.37152,2.27735],[-76.37086,2.27577],[-76.37082,2.27373],[-76.36962,2.27148],[-76.36925,2.27109]],[[-76.16599,2.00627],[-76.166,2.00568],[-76.16558,2.0057],[-76.16544,2.00536],[-76.16568,2.00534],[-76.16627,2.00453],[-76.16595,2.00431],[-76.16594,2.00406],[-76.16613,2.00419],[-76.16649,2.00396],[-76.1664,2.00383],[-76.16677,2.00291],[-76.16655,2.00303],[-76.16702,2.0021],[-76.16701,2.00179],[-76.16725,2.00154],[-76.16716,2.00141],[-76.16687,2.00161],[-76.16693,2.00177],[-76.16669,2.00174],[-76.1667,2.00218],[-76.16684,2.00226],[-76.16648,2.00314],[-76.16661,2.00263],[-76.16639,2.00254],[-76.16605,2.00334],[-76.16536,2.0037],[-76.16532,2.00394],[-76.16466,2.00363],[-76.16467,2.00384],[-76.16392,2.00458],[-76.16531,2.00584],[-76.16549,2.00572],[-76.16548,2.0061],[-76.16561,2.00629],[-76.16574,2.00625],[-76.16567,2.00686],[-76.1663,2.00652],[-76.16599,2.00627]],[[-76.2181,1.93498],[-76.21779,1.93397],[-76.2181,1.93401],[-76.21825,1.93386],[-76.21828,1.9333],[-76.21852,1.93315],[-76.21849,1.93297],[-76.21824,1.93286],[-76.2188,1.93194],[-76.22031,1.93251],[-76.22046,1.93018],[-76.21956,1.92994],[-76.21958,1.92946],[-76.21916,1.92875],[-76.21965,1.92776],[-76.22057,1.92838],[-76.22193,1.92826],[-76.22208,1.92807],[-76.22189,1.92803],[-76.22193,1.92647],[-76.22169,1.92505],[-76.21898,1.92352],[-76.21875,1.92414],[-76.2183,1.9244],[-76.21826,1.92486],[-76.21785,1.92571],[-76.21774,1.92631],[-76.21782,1.92702],[-76.21735,1.92702],[-76.21689,1.92724],[-76.21671,1.92781],[-76.21639,1.92804],[-76.21542,1.92759],[-76.21516,1.9272],[-76.21431,1.92708],[-76.214,1.92775],[-76.21305,1.9285],[-76.21294,1.93022],[-76.21233,1.93026],[-76.21239,1.93277],[-76.21396,1.93277],[-76.21401,1.93328],[-76.2143,1.93346],[-76.21377,1.93433],[-76.21398,1.9348],[-76.21518,1.93484],[-76.21535,1.93451],[-76.21612,1.93426],[-76.21681,1.93368],[-76.21673,1.93404],[-76.21696,1.93506],[-76.21759,1.93507],[-76.21839,1.93589],[-76.21867,1.93568],[-76.2181,1.93498]]]}},{"type":"Feature","properties":{"nombre":"ISNOS","municipio":"Isnos","codigo_municipio":"41359"},"geometry":{"type":"Polygon","coordinates":[[[-76.21759,1.93507],[-76.21696,1.93506],[-76.21673,1.93404],[-76.21681,1.93368],[-76.21612,1.93426],[-76.21535,1.93451],[-76.21518,1.93484],[-76.21398,1.9348],[-76.21377,1.93433],[-76.2143,1.93346],[-76.21401,1.93328],[-76.21396,1.93277],[-76.21239,1.93277],[-76.21233,1.93026],[-76.21294,1.93022],[-76.21305,1.9285],[-76.214,1.92775],[-76.21431,1.92708],[-76.21516,1.9272],[-76.21542,1.92759],[-76.21639,1.92804],[-76.21671,1.92781],[-76.21689,1.92724],[-76.21735,1.92702],[-76.21782,1.92702],[-76.21774,1.92631],[-76.21785,1.92571],[-76.21826,1.92486],[-76.2183,1.9244],[-76.21875,1.92414],[-76.21898,1.92352],[-76.22169,1.92505],[-76.22193,1.92647],[-76.22189,1.92803],[-76.22208,1.92807],[-76.22193,1.92826],[-76.22057,1.92838],[-76.21965,1.92776],[-76.21916,1.92875],[-76.21958,1.92946],[-76.21956,1.92994],[-76.22046,1.93018],[-76.22031,1.93251],[-76.2188,1.93194],[-76.21824,1.93286],[-76.21849,1.93297],[-76.21852,1.93315],[-76.21828,1.9333],[-76.21825,1.93386],[-76.2181,1.93401],[-76.21779,1.93397],[-76.2181,1.93498],[-76.21867,1.93568],[-76.21839,1.93589],[-76.21759,1.93507]]]}},{"type":"Feature","properties":{"nombre":"SALTO DE BORDONES","municipio":"Isnos","codigo_municipio":"41359"},"geometry":{"type":"Polygon","coordinates":[[[-76.16574,2.00637],[-76.16545,2.00603],[-76.16549,2.00572],[-76.16531,2.00584],[-76.16392,2.00458],[-76.16467,2.00384],[-76.16466,2.00363],[-76.16532,2.00394],[-76.16536,2.0037],[-76.16605,2.00334],[-76.16639,2.00254],[-76.16661,2.00263],[-76.16648,2.00314],[-76.16684,2.00226],[-76.1667,2.00218],[-76.16669,2.00174],[-76.16693,2.00177],[-76.16687,2.00161],[-76.16716,2.00141],[-76.16725,2.00154],[-76.16701,2.00179],[-76.16702,2.0021],[-76.16655,2.00303],[-76.16677,2.00291],[-76.1664,2.00383],[-76.16649,2.00396],[-76.16613,2.00419],[-76.16594,2.00406],[-76.16595,2.00431],[-76.16627,2.00453],[-76.16568,2.00534],[-76.16544,2.00536],[-76.16558,2.0057],[-76.166,2.00568],[-76.16599,2.00627],[-76.1663,2.00652],[-76.16567,2.00686],[-76.16574,2.00637]]]}},{"type":"Feature","properties":{"nombre":"LA ARGENTINA","municipio":"La Argentina","codigo_municipio":"41378"},"geometry":{"type":"Polygon","coordinates":[[[-75.97968,2.20394],[-75.97902,2.20408],[-75.97851,2.20445],[-75.97811,2.20373],[-75.97777,2.20382],[-75.97723,2.20265],[-75.97636,2.20166],[-75.97638,2.20113],[-75.97665,2.20094],[-75.9767,2.20067],[-75.9766,2.19993],[-75.97572,2.1996],[-75.97571,2.19901],[-75.97542,2.19866],[-75.9754,2.19828],[-75.97494,2.19813],[-75.97509,2.19771],[-75.97498,2.19779],[-75.97476,2.19716],[-75.97492,2.19643],[-75.97514,2.19645],[-75.97519,2.19543],[-75.97632,2.19554],[-75.97677,2.19441],[-75.97892,2.19252],[-75.97969,2.1933],[-75.98043,2.19357],[-75.98096,2.194],[-75.98095,2.19426],[-75.98119,2.19446],[-75.98169,2.19415],[-75.98267,2.19477],[-75.98189,2.19565],[-75.98238,2.19641],[-75.98307,2.19702],[-75.98486,2.19975],[-75.98387,2.1996],[-75.9842,2.20029],[-75.98373,2.20025],[-75.98384,2.20058],[-75.98354,2.20072],[-75.98365,2.20099],[-75.98204,2.20123],[-75.98197,2.20021],[-75.98099,2.20011],[-75.98079,2.20132],[-75.98044,2.20225],[-75.97983,2.20322],[-75.98037,2.20372],[-75.98059,2.20446],[-75.98004,2.20402],[-75.97968,2.20394]]]}},{"type":"Feature","properties":{"nombre":"LA ARGENTINA","municipio":"La Argentina","codigo_municipio":"41378"},"geometry":{"type":"Polygon","coordinates":[[[-75.97968,2.20394],[-75.97902,2.20408],[-75.97851,2.20445],[-75.97811,2.20373],[-75.97777,2.20382],[-75.97723,2.20265],[-75.97636,2.20166],[-75.97638,2.20113],[-75.97665,2.20094],[-75.9767,2.20067],[-75.9766,2.19993],[-75.97572,2.1996],[-75.97571,2.19901],[-75.97542,2.19866],[-75.9754,2.19828],[-75.97494,2.19813],[-75.97509,2.19771],[-75.97498,2.19779],[-75.97476,2.19716],[-75.97492,2.19643],[-75.97514,2.19645],[-75.97519,2.19543],[-75.97632,2.19554],[-75.97677,2.19441],[-75.97892,2.19252],[-75.97969,2.1933],[-75.98043,2.19357],[-75.98096,2.194],[-75.98095,2.19426],[-75.98119,2.19446],[-75.98169,2.19415],[-75.98267,2.19477],[-75.98189,2.19565],[-75.98238,2.19641],[-75.98307,2.19702],[-75.98486,2.19975],[-75.98387,2.1996],[-75.9842,2.20029],[-75.98373,2.20025],[-75.98384,2.20058],[-75.98354,2.20072],[-75.98365,2.20099],[-75.98204,2.20123],[-75.98197,2.20021],[-75.98099,2.20011],[-75.98079,2.20132],[-75.98044,2.20225],[-75.97983,2.20322],[-75.98037,2.20372],[-75.98059,2.20446],[-75.98004,2.20402],[-75.97968,2.20394]]]}},{"type":"Feature","properties":{"nombre":"EL PENSIL","municipio":"La Argentina","codigo_municipio":"41378"},"geometry":{"type":"Polygon","coordinates":[[[-76.05674,2.17958],[-76.05633,2.17962],[-76.05624,2.17911],[-76.05639,2.17845],[-76.05658,2.1783],[-76.0568,2.17825],[-76.05755,2.1786],[-76.05836,2.17858],[-76.05837,2.17881],[-76.05858,2.17868],[-76.05856,2.17926],[-76.0584,2.17926],[-76.05841,2.18007],[-76.05811,2.18008],[-76.05811,2.18033],[-76.05679,2.18054],[-76.05674,2.17958]]]}},{"type":"Feature","properties":{"nombre":"LA PLATA","municipio":"La Plata","codigo_municipio":"41396"},"geometry":{"type":"Polygon","coordinates":[[[-75.87412,2.39893],[-75.8735,2.39827],[-75.87283,2.39792],[-75.87321,2.39728],[-75.87465,2.39613],[-75.87555,2.39421],[-75.8761,2.39413],[-75.87658,2.39429],[-75.87699,2.3941],[-75.87767,2.39475],[-75.8787,2.39506],[-75.87892,2.39494],[-75.87953,2.39528],[-75.88009,2.39365],[-75.88067,2.39263],[-75.88122,2.392],[-75.88088,2.39186],[-75.88078,2.39221],[-75.87944,2.39184],[-75.87954,2.39154],[-75.87935,2.39143],[-75.87981,2.39154],[-75.88025,2.38997],[-75.87927,2.38972],[-75.87958,2.38938],[-75.87944,2.38923],[-75.87966,2.38882],[-75.87964,2.38817],[-75.87947,2.38793],[-75.87959,2.3871],[-75.88072,2.38635],[-75.88139,2.38678],[-75.88212,2.38683],[-75.8835,2.3848],[-75.88307,2.38425],[-75.88416,2.38283],[-75.88712,2.38079],[-75.88746,2.38076],[-75.88721,2.38032],[-75.88695,2.38046],[-75.88653,2.3804],[-75.88645,2.3796],[-75.88627,2.37939],[-75.88675,2.37891],[-75.88737,2.37944],[-75.88754,2.37942],[-75.88724,2.3789],[-75.88716,2.37837],[-75.88738,2.3781],[-75.88722,2.37748],[-75.88772,2.37735],[-75.88777,2.37754],[-75.88901,2.37715],[-75.88892,2.37682],[-75.89044,2.37624],[-75.89082,2.37619],[-75.89087,2.3766],[-75.89153,2.37655],[-75.89163,2.37554],[-75.89252,2.37528],[-75.8932,2.37638],[-75.89324,2.37756],[-75.89354,2.37788],[-75.89403,2.37797],[-75.89431,2.37822],[-75.89502,2.37798],[-75.89598,2.37802],[-75.89597,2.37761],[-75.89641,2.3776],[-75.89696,2.37777],[-75.89761,2.37822],[-75.89658,2.37908],[-75.8967,2.37912],[-75.89932,2.37693],[-75.89939,2.37733],[-75.89961,2.37756],[-75.89881,2.37898],[-75.89815,2.37957],[-75.89873,2.37985],[-75.89842,2.37989],[-75.89956,2.38123],[-75.89985,2.38145],[-75.90002,2.38127],[-75.90025,2.38144],[-75.90021,2.38189],[-75.90085,2.38199],[-75.901,2.3818],[-75.90168,2.38195],[-75.90172,2.38182],[-75.90267,2.38201],[-75.90405,2.38266],[-75.90415,2.38281],[-75.90385,2.3832],[-75.90456,2.38335],[-75.90489,2.38293],[-75.90265,2.38106],[-75.90325,2.38042],[-75.90545,2.38224],[-75.90462,2.38334],[-75.90427,2.38339],[-75.90388,2.38323],[-75.90541,2.38437],[-75.90564,2.38401],[-75.90583,2.38413],[-75.90562,2.38445],[-75.90586,2.38464],[-75.90567,2.38496],[-75.90596,2.38539],[-75.90384,2.38767],[-75.90501,2.38859],[-75.90462,2.38912],[-75.90348,2.38861],[-75.90346,2.38795],[-75.90298,2.38763],[-75.90228,2.38734],[-75.90244,2.38766],[-75.90162,2.38779],[-75.90142,2.3882],[-75.90176,2.38839],[-75.90133,2.38916],[-75.90126,2.3902],[-75.90073,2.39147],[-75.90119,2.3916],[-75.90037,2.39267],[-75.89964,2.39428],[-75.89916,2.39601],[-75.8985,2.39608],[-75.8982,2.39682],[-75.89882,2.39742],[-75.8987,2.39752],[-75.89831,2.39733],[-75.89797,2.39745],[-75.89762,2.39729],[-75.8972,2.39767],[-75.89655,2.39759],[-75.89618,2.39778],[-75.89398,2.39721],[-75.89384,2.39751],[-75.89466,2.39765],[-75.89531,2.39808],[-75.89562,2.39806],[-75.89583,2.39825],[-75.89577,2.39852],[-75.89534,2.39864],[-75.89492,2.39836],[-75.89417,2.39819],[-75.89382,2.39843],[-75.89327,2.39831],[-75.89239,2.3987],[-75.89176,2.39907],[-75.89206,2.40018],[-75.89153,2.40042],[-75.89108,2.40021],[-75.89106,2.39968],[-75.89067,2.39922],[-75.88968,2.39926],[-75.89,2.39866],[-75.88903,2.39835],[-75.88909,2.3979],[-75.88971,2.39714],[-75.88969,2.39674],[-75.88943,2.39685],[-75.88874,2.39654],[-75.88863,2.39683],[-75.88826,2.39664],[-75.88788,2.39728],[-75.88753,2.39716],[-75.88697,2.39759],[-75.8857,2.39815],[-75.88534,2.39815],[-75.88481,2.39746],[-75.88428,2.39735],[-75.88375,2.39796],[-75.88269,2.39857],[-75.88134,2.39885],[-75.88024,2.39886],[-75.87982,2.39914],[-75.87959,2.40006],[-75.87967,2.40223],[-75.87896,2.40479],[-75.87791,2.40513],[-75.87712,2.40408],[-75.87694,2.40329],[-75.87637,2.40269],[-75.87606,2.4009],[-75.87562,2.40005],[-75.87412,2.39893]]]}},{"type":"Feature","properties":{"nombre":"NÁTAGA","municipio":"Nátaga","codigo_municipio":"41483"},"geometry":{"type":"Polygon","coordinates":[[[-75.80564,2.54575],[-75.80644,2.54453],[-75.80643,2.54379],[-75.80592,2.54288],[-75.80633,2.54265],[-75.80595,2.54183],[-75.80666,2.54161],[-75.80826,2.54205],[-75.8091,2.5421],[-75.8103,2.54169],[-75.81089,2.5418],[-75.81191,2.54321],[-75.81306,2.54548],[-75.81253,2.54564],[-75.81221,2.54599],[-75.81198,2.54688],[-75.81112,2.54715],[-75.81014,2.5485],[-75.80986,2.54941],[-75.80919,2.55035],[-75.80864,2.55068],[-75.80805,2.5505],[-75.80571,2.5463],[-75.80564,2.54575]]]}},{"type":"Feature","properties":{"nombre":"OPORAPA","municipio":"Oporapa","codigo_municipio":"41503"},"geometry":{"type":"Polygon","coordinates":[[[-76.00763,2.06178],[-76.00726,2.06127],[-76.00702,2.06141],[-76.00679,2.06114],[-76.00636,2.06143],[-76.0062,2.061],[-76.00645,2.06082],[-76.00674,2.06085],[-76.0059,2.05995],[-76.00572,2.05986],[-76.00553,2.06005],[-76.00487,2.05956],[-76.00508,2.05949],[-76.00457,2.0586],[-76.00524,2.05824],[-76.00537,2.05843],[-76.00552,2.05833],[-76.0063,2.05876],[-76.00607,2.05918],[-76.00699,2.06007],[-76.00736,2.05987],[-76.0082,2.06132],[-76.00763,2.06178]]]}},{"type":"Feature","properties":{"nombre":"OPORAPA","municipio":"Oporapa","codigo_municipio":"41503"},"geometry":{"type":"Polygon","coordinates":[[[-75.99351,2.02935],[-75.99236,2.0283],[-75.9911,2.02795],[-75.99125,2.0276],[-75.99101,2.0272],[-75.99215,2.02683],[-75.99151,2.02539],[-75.99314,2.02471],[-75.99279,2.02444],[-75.99224,2.02337],[-75.99179,2.02171],[-75.99234,2.02177],[-75.99246,2.02153],[-75.99305,2.02171],[-75.99265,2.02127],[-75.99331,2.02104],[-75.99394,2.02112],[-75.9941,2.02069],[-75.99377,2.02014],[-75.99427,2.02003],[-75.99593,2.02016],[-75.99607,2.02085],[-75.99576,2.02106],[-75.99551,2.02163],[-75.99649,2.02129],[-75.9971,2.02239],[-75.99795,2.02174],[-75.99843,2.02184],[-75.9987,2.02129],[-75.99927,2.02098],[-75.99969,2.02296],[-75.99902,2.02325],[-75.99913,2.02379],[-75.999,2.02389],[-75.99942,2.02546],[-75.99799,2.02624],[-75.99655,2.02659],[-75.99639,2.02761],[-75.99601,2.02795],[-75.99639,2.02837],[-75.99607,2.02871],[-75.9961,2.0292],[-75.99597,2.02951],[-75.99556,2.02968],[-75.99547,2.03028],[-75.99498,2.03105],[-75.9946,2.03077],[-75.99351,2.02935]]]}},{"type":"Feature","properties":{"nombre":"PAICOL","municipio":"Paicol","codigo_municipio":"41518"},"geometry":{"type":"Polygon","coordinates":[[[-75.77686,2.45493],[-75.77598,2.4549],[-75.77521,2.45308],[-75.77304,2.4529],[-75.77193,2.45378],[-75.77115,2.45245],[-75.77056,2.45289],[-75.76991,2.45174],[-75.76868,2.44874],[-75.76788,2.44784],[-75.76876,2.44706],[-75.76931,2.44686],[-75.7697,2.44622],[-75.76996,2.44611],[-75.77044,2.44636],[-75.77028,2.44717],[-75.77049,2.44732],[-75.77162,2.44624],[-75.77192,2.44638],[-75.77203,2.44687],[-75.77222,2.44698],[-75.7724,2.44694],[-75.77223,2.44645],[-75.77238,2.44631],[-75.77316,2.44642],[-75.77387,2.44705],[-75.77503,2.44632],[-75.77532,2.4467],[-75.77548,2.44748],[-75.7764,2.44759],[-75.77759,2.44822],[-75.77813,2.45547],[-75.77686,2.45493]]]}},{"type":"Feature","properties":{"nombre":"INSP. OSPINA PÉREZ","municipio":"Palermo","codigo_municipio":"41524"},"geometry":{"type":"Polygon","coordinates":[[[-75.54764,2.87938],[-75.54768,2.87879],[-75.54719,2.87843],[-75.54733,2.87804],[-75.54788,2.87828],[-75.54881,2.8773],[-75.54973,2.87735],[-75.54994,2.87749],[-75.5501,2.87716],[-75.55044,2.87724],[-75.55028,2.87898],[-75.54954,2.87896],[-75.54953,2.87916],[-75.5489,2.87942],[-75.54881,2.87914],[-75.54857,2.87909],[-75.54848,2.87927],[-75.54802,2.87916],[-75.54775,2.87946],[-75.54764,2.87938]]]}},{"type":"Feature","properties":{"nombre":"EL JUNCAL","municipio":"Palermo","codigo_municipio":"41524"},"geometry":{"type":"Polygon","coordinates":[[[-75.3261,2.83359],[-75.32643,2.8307],[-75.32577,2.83002],[-75.32429,2.83125],[-75.3241,2.83106],[-75.324,2.83024],[-75.3237,2.83019],[-75.32493,2.82323],[-75.32543,2.82267],[-75.32687,2.82239],[-75.32751,2.82461],[-75.32884,2.8252],[-75.3272,2.82842],[-75.32612,2.8297],[-75.32705,2.83069],[-75.32692,2.83085],[-75.32986,2.83314],[-75.32991,2.83357],[-75.32899,2.83286],[-75.32861,2.83333],[-75.32822,2.83301],[-75.32806,2.83451],[-75.3261,2.83359]]]}},{"type":"Feature","properties":{"nombre":"ZONA URBANA","municipio":"Palermo","codigo_municipio":"41524"},"geometry":{"type":"Polygon","coordinates":[[[-75.43949,2.89989],[-75.43822,2.89801],[-75.43642,2.89593],[-75.43497,2.89373],[-75.43433,2.893],[-75.43391,2.8928],[-75.43221,2.8925],[-75.43066,2.89272],[-75.43029,2.89179],[-75.42864,2.89224],[-75.42835,2.8891],[-75.42694,2.88909],[-75.42674,2.88864],[-75.42626,2.88865],[-75.42616,2.88781],[-75.42675,2.88773],[-75.42876,2.88694],[-75.42978,2.88685],[-75.43015,2.88653],[-75.43016,2.88563],[-75.43106,2.88515],[-75.43095,2.88448],[-75.4315,2.88435],[-75.43176,2.88452],[-75.43336,2.88388],[-75.43419,2.88373],[-75.43505,2.88308],[-75.4357,2.88422],[-75.43762,2.88317],[-75.43773,2.88323],[-75.4379,2.88375],[-75.4385,2.88416],[-75.43867,2.88513],[-75.43969,2.8844],[-75.43987,2.88454],[-75.43973,2.88521],[-75.43922,2.88567],[-75.44,2.88665],[-75.44005,2.88706],[-75.43909,2.888],[-75.43913,2.88814],[-75.43894,2.88814],[-75.43866,2.88846],[-75.4385,2.88876],[-75.43876,2.88913],[-75.43782,2.89022],[-75.43887,2.89172],[-75.43925,2.8933],[-75.44003,2.89419],[-75.44007,2.89452],[-75.4407,2.89444],[-75.44029,2.89651],[-75.44176,2.89678],[-75.44183,2.8972],[-75.44131,2.89921],[-75.44075,2.89983],[-75.44036,2.89921],[-75.43949,2.89989]]]}},{"type":"Feature","properties":{"nombre":"INSP AMBORCO","municipio":"Palermo","codigo_municipio":"41524"},"geometry":{"type":"Polygon","coordinates":[[[-75.30841,2.95505],[-75.3077,2.95457],[-75.30737,2.95528],[-75.30702,2.95519],[-75.30762,2.95388],[-75.3084,2.95136],[-75.30984,2.95138],[-75.31208,2.9511],[-75.31118,2.9629],[-75.31057,2.96576],[-75.30915,2.96531],[-75.30915,2.96483],[-75.30825,2.96459],[-75.30874,2.96159],[-75.30753,2.96139],[-75.30761,2.95505],[-75.30841,2.95505]]]}},{"type":"Feature","properties":{"nombre":"INSP. BETANIA","municipio":"Palermo","codigo_municipio":"41524"},"geometry":{"type":"Polygon","coordinates":[[[-75.39579,2.75163],[-75.39632,2.75085],[-75.3965,2.75021],[-75.39782,2.7502],[-75.39762,2.74966],[-75.39716,2.7496],[-75.39709,2.74888],[-75.39733,2.74882],[-75.39865,2.74859],[-75.39909,2.7497],[-75.39937,2.75006],[-75.40063,2.74952],[-75.40268,2.75003],[-75.4027,2.7503],[-75.40193,2.75049],[-75.40208,2.75075],[-75.40148,2.75096],[-75.40149,2.75134],[-75.40134,2.75138],[-75.40135,2.75176],[-75.40117,2.7519],[-75.3986,2.75207],[-75.3983,2.7513],[-75.39769,2.75152],[-75.39735,2.75103],[-75.39649,2.7517],[-75.39433,2.75285],[-75.39424,2.75185],[-75.39579,2.75163]]]}},{"type":"Feature","properties":{"nombre":"EL PITAL","municipio":"Pital","codigo_municipio":"41548"},"geometry":{"type":"Polygon","coordinates":[[[-75.80657,2.2711],[-75.80236,2.27099],[-75.80195,2.26946],[-75.80124,2.26968],[-75.80106,2.26907],[-75.80174,2.26882],[-75.80165,2.26849],[-75.80151,2.26852],[-75.8016,2.26829],[-75.80138,2.26833],[-75.80133,2.26814],[-75.80157,2.26809],[-75.80152,2.26786],[-75.8012,2.26793],[-75.80113,2.26734],[-75.80072,2.26745],[-75.80066,2.26728],[-75.80009,2.26746],[-75.80005,2.26731],[-75.799,2.26772],[-75.79878,2.26677],[-75.79899,2.26671],[-75.79889,2.26587],[-75.79833,2.26494],[-75.7978,2.26439],[-75.79792,2.26421],[-75.79758,2.26362],[-75.79766,2.26349],[-75.79741,2.26335],[-75.79771,2.2629],[-75.79735,2.26276],[-75.79729,2.26226],[-75.79864,2.26245],[-75.79938,2.26284],[-75.79949,2.26339],[-75.80038,2.26336],[-75.80067,2.26401],[-75.80052,2.26417],[-75.8008,2.26417],[-75.8008,2.26401],[-75.80108,2.26402],[-75.80136,2.26375],[-75.80232,2.26415],[-75.80288,2.2642],[-75.80344,2.2646],[-75.80402,2.26455],[-75.80406,2.26475],[-75.80413,2.26454],[-75.80505,2.26443],[-75.80501,2.2642],[-75.80531,2.26412],[-75.80534,2.26431],[-75.80576,2.26411],[-75.80606,2.26426],[-75.80597,2.26376],[-75.80626,2.26351],[-75.80653,2.2642],[-75.80696,2.26414],[-75.80714,2.26354],[-75.80743,2.2637],[-75.8074,2.26393],[-75.8083,2.26421],[-75.80826,2.26438],[-75.80994,2.26479],[-75.81002,2.26563],[-75.80906,2.26575],[-75.80915,2.26674],[-75.80928,2.26671],[-75.80932,2.26696],[-75.80917,2.26727],[-75.80935,2.2673],[-75.80879,2.26793],[-75.80896,2.26828],[-75.80895,2.26895],[-75.80915,2.26934],[-75.80893,2.26938],[-75.80873,2.2691],[-75.80839,2.26922],[-75.80824,2.26851],[-75.80806,2.26854],[-75.80787,2.26876],[-75.8081,2.26943],[-75.80756,2.26962],[-75.80765,2.27047],[-75.80691,2.27049],[-75.807,2.27095],[-75.80657,2.2711]]]}},{"type":"Feature","properties":{"nombre":"GUACALLO","municipio":"Pitalito","codigo_municipio":"41551"},"geometry":{"type":"Polygon","coordinates":[[[-76.02882,1.95333],[-76.02764,1.95199],[-76.02717,1.9527],[-76.02689,1.9525],[-76.02667,1.95287],[-76.02513,1.95135],[-76.02494,1.95057],[-76.0253,1.95017],[-76.02406,1.94999],[-76.02395,1.94956],[-76.02478,1.94973],[-76.02498,1.94945],[-76.02478,1.94929],[-76.0249,1.94915],[-76.02524,1.94942],[-76.02555,1.94919],[-76.02575,1.94945],[-76.02686,1.94806],[-76.02706,1.94822],[-76.02735,1.94742],[-76.02817,1.94819],[-76.02875,1.94821],[-76.02874,1.94844],[-76.02915,1.94883],[-76.03082,1.94997],[-76.03025,1.95082],[-76.03071,1.95105],[-76.0311,1.95161],[-76.03053,1.95215],[-76.0306,1.95237],[-76.03025,1.95218],[-76.02994,1.95292],[-76.02999,1.95343],[-76.02936,1.95356],[-76.02882,1.95333]]]}},{"type":"Feature","properties":{"nombre":"LA LAGUNA","municipio":"Pitalito","codigo_municipio":"41551"},"geometry":{"type":"Polygon","coordinates":[[[-76.0826,1.96373],[-76.08274,1.96238],[-76.08211,1.96234],[-76.08218,1.9617],[-76.08189,1.9614],[-76.08159,1.95987],[-76.08297,1.95981],[-76.08303,1.95878],[-76.08428,1.95891],[-76.08411,1.96022],[-76.08424,1.96001],[-76.08472,1.96015],[-76.08514,1.96005],[-76.08583,1.96061],[-76.08682,1.96037],[-76.08694,1.96048],[-76.08693,1.96109],[-76.0867,1.96153],[-76.08657,1.9615],[-76.08645,1.96202],[-76.08599,1.96184],[-76.08591,1.96286],[-76.08572,1.96284],[-76.08565,1.96338],[-76.08435,1.96388],[-76.08334,1.964],[-76.0826,1.96373]]]}},{"type":"Feature","properties":{"nombre":"BRUSELAS","municipio":"Pitalito","codigo_municipio":"41551"},"geometry":{"type":"Polygon","coordinates":[[[-76.1697,1.78043],[-76.1687,1.7781],[-76.16893,1.77744],[-76.16986,1.77652],[-76.17054,1.77659],[-76.17207,1.77587],[-76.17194,1.77551],[-76.17209,1.77546],[-76.17166,1.77424],[-76.17172,1.77385],[-76.17087,1.77172],[-76.17054,1.77186],[-76.17024,1.77155],[-76.17102,1.7707],[-76.17187,1.77251],[-76.17282,1.77222],[-76.1728,1.77312],[-76.17323,1.77307],[-76.17321,1.77362],[-76.17299,1.77369],[-76.17301,1.77396],[-76.17312,1.7739],[-76.17359,1.77432],[-76.17378,1.77429],[-76.17393,1.77465],[-76.17437,1.77448],[-76.1746,1.77504],[-76.17582,1.77456],[-76.17643,1.77465],[-76.17667,1.77524],[-76.17786,1.77466],[-76.1774,1.77366],[-76.17998,1.77295],[-76.18071,1.77314],[-76.18127,1.77403],[-76.18165,1.7757],[-76.18211,1.7758],[-76.18223,1.77806],[-76.18192,1.77813],[-76.18128,1.77785],[-76.18052,1.77825],[-76.18001,1.77784],[-76.17882,1.77768],[-76.1782,1.77802],[-76.17748,1.77799],[-76.17714,1.77872],[-76.17593,1.77929],[-76.17582,1.77989],[-76.17552,1.77999],[-76.17424,1.77999],[-76.17252,1.78039],[-76.17232,1.7806],[-76.17102,1.78044],[-76.17045,1.78062],[-76.1697,1.78043]]]}},{"type":"Feature","properties":{"nombre":"RIVERA","municipio":"Rivera","codigo_municipio":"41615"},"geometry":{"type":"Polygon","coordinates":[[[-75.26559,2.78555],[-75.2647,2.78465],[-75.26447,2.78506],[-75.26398,2.78472],[-75.26408,2.78458],[-75.26274,2.78512],[-75.26149,2.78404],[-75.26129,2.78355],[-75.25995,2.78464],[-75.25982,2.78431],[-75.25926,2.78467],[-75.25756,2.78234],[-75.25741,2.78254],[-75.2561,2.78165],[-75.25579,2.78205],[-75.25461,2.78246],[-75.25425,2.78276],[-75.25408,2.7827],[-75.25393,2.78231],[-75.25246,2.78115],[-75.25211,2.7806],[-75.25124,2.78052],[-75.25018,2.7796],[-75.25108,2.77835],[-75.25054,2.77752],[-75.24986,2.77688],[-75.25079,2.7756],[-75.25124,2.77562],[-75.2522,2.77408],[-75.25231,2.77346],[-75.25321,2.77338],[-75.25366,2.77311],[-75.2538,2.77274],[-75.25416,2.77268],[-75.25416,2.77348],[-75.25481,2.77343],[-75.25489,2.7741],[-75.25534,2.7742],[-75.25532,2.77402],[-75.25564,2.77398],[-75.25471,2.77253],[-75.25483,2.77151],[-75.25534,2.77116],[-75.2567,2.77101],[-75.25774,2.77059],[-75.25791,2.7713],[-75.25779,2.77189],[-75.25626,2.77188],[-75.2553,2.77221],[-75.25482,2.77205],[-75.25484,2.77259],[-75.25564,2.77367],[-75.25597,2.77491],[-75.25764,2.77494],[-75.25767,2.7747],[-75.25795,2.77471],[-75.25799,2.77458],[-75.25743,2.77398],[-75.25759,2.77344],[-75.25812,2.7735],[-75.25851,2.77311],[-75.25889,2.77311],[-75.25963,2.77329],[-75.25922,2.77484],[-75.25941,2.77547],[-75.26009,2.77557],[-75.26036,2.77546],[-75.26023,2.77675],[-75.26084,2.77695],[-75.2608,2.77609],[-75.26126,2.77601],[-75.26119,2.77649],[-75.26191,2.77654],[-75.26247,2.77445],[-75.26256,2.77332],[-75.26293,2.77327],[-75.26405,2.77409],[-75.26452,2.77458],[-75.26454,2.77493],[-75.26522,2.77492],[-75.26503,2.77579],[-75.26703,2.77612],[-75.2668,2.7757],[-75.26741,2.77532],[-75.26789,2.77533],[-75.26817,2.77549],[-75.2683,2.77634],[-75.26819,2.77727],[-75.26697,2.7773],[-75.26811,2.78008],[-75.26817,2.78106],[-75.26803,2.78158],[-75.26708,2.78131],[-75.26734,2.78199],[-75.26601,2.78454],[-75.26631,2.7852],[-75.26684,2.78574],[-75.26669,2.78608],[-75.26559,2.78555]]]}},{"type":"Feature","properties":{"nombre":"RIVERITA","municipio":"Rivera","codigo_municipio":"41615"},"geometry":{"type":"Polygon","coordinates":[[[-75.29039,2.76051],[-75.28971,2.76038],[-75.28982,2.76009],[-75.28954,2.75993],[-75.28901,2.76],[-75.28836,2.75972],[-75.28847,2.75942],[-75.28904,2.75941],[-75.2891,2.7592],[-75.28889,2.75907],[-75.28902,2.75868],[-75.28956,2.75877],[-75.28968,2.75837],[-75.28957,2.75781],[-75.28985,2.75774],[-75.28974,2.75741],[-75.28947,2.75751],[-75.2893,2.75736],[-75.28897,2.75665],[-75.2887,2.75679],[-75.28863,2.75621],[-75.29038,2.75541],[-75.29062,2.75566],[-75.29049,2.75605],[-75.29086,2.75755],[-75.29048,2.75754],[-75.29026,2.75814],[-75.29194,2.7588],[-75.2915,2.76084],[-75.29051,2.76096],[-75.29039,2.76051]]]}},{"type":"Feature","properties":{"nombre":"EL GUADUAL","municipio":"Rivera","codigo_municipio":"41615"},"geometry":{"type":"Polygon","coordinates":[[[-75.24226,2.79959],[-75.24144,2.79928],[-75.24127,2.79875],[-75.24076,2.79838],[-75.24035,2.79855],[-75.23987,2.79764],[-75.2396,2.79761],[-75.23962,2.79722],[-75.23918,2.79646],[-75.2399,2.7962],[-75.24058,2.79731],[-75.24123,2.7968],[-75.24177,2.79756],[-75.24222,2.7972],[-75.24255,2.79773],[-75.24261,2.79751],[-75.24269,2.79751],[-75.24234,2.79886],[-75.24298,2.79956],[-75.24275,2.79964],[-75.24284,2.79975],[-75.24229,2.80049],[-75.242,2.80031],[-75.24226,2.79959]]]}},{"type":"Feature","properties":{"nombre":"LA ULLOA","municipio":"Rivera","codigo_municipio":"41615"},"geometry":{"type":"Polygon","coordinates":[[[-75.23108,2.82154],[-75.23094,2.82165],[-75.2308,2.82152],[-75.22948,2.8201],[-75.22874,2.81856],[-75.22843,2.81847],[-75.22812,2.8173],[-75.22751,2.81607],[-75.22609,2.81382],[-75.22688,2.81333],[-75.22644,2.81274],[-75.22641,2.81227],[-75.22547,2.81274],[-75.2254,2.81237],[-75.22485,2.81157],[-75.22471,2.8112],[-75.22525,2.81086],[-75.2254,2.81032],[-75.22501,2.80992],[-75.22438,2.80962],[-75.22431,2.8094],[-75.22433,2.80858],[-75.22415,2.80801],[-75.22492,2.80763],[-75.22476,2.80701],[-75.22465,2.80704],[-75.22423,2.80619],[-75.22389,2.80596],[-75.22402,2.80585],[-75.22372,2.80535],[-75.22435,2.80494],[-75.22399,2.80362],[-75.22408,2.80319],[-75.22367,2.80256],[-75.22459,2.80365],[-75.2253,2.80398],[-75.22574,2.80473],[-75.22658,2.80548],[-75.22718,2.80481],[-75.22799,2.80569],[-75.22735,2.80634],[-75.22953,2.80893],[-75.22966,2.80947],[-75.22875,2.80934],[-75.22815,2.80948],[-75.22813,2.80979],[-75.22755,2.81029],[-75.22788,2.81082],[-75.22756,2.81109],[-75.22873,2.81269],[-75.22874,2.81303],[-75.23004,2.81504],[-75.23073,2.81449],[-75.23097,2.8148],[-75.2311,2.81473],[-75.23139,2.81528],[-75.23133,2.8158],[-75.23161,2.81598],[-75.23209,2.81599],[-75.23247,2.81571],[-75.23313,2.81469],[-75.23253,2.81383],[-75.23289,2.81336],[-75.23305,2.8135],[-75.23423,2.8125],[-75.23552,2.81326],[-75.23531,2.81358],[-75.23336,2.81477],[-75.23273,2.81541],[-75.23333,2.81583],[-75.23314,2.8161],[-75.23256,2.81573],[-75.23201,2.81607],[-75.23154,2.81601],[-75.23131,2.81588],[-75.23115,2.81597],[-75.23115,2.81627],[-75.23156,2.8167],[-75.23194,2.81645],[-75.23234,2.81666],[-75.23238,2.81693],[-75.23265,2.81718],[-75.23319,2.81722],[-75.23341,2.81749],[-75.2323,2.81831],[-75.23277,2.81887],[-75.23271,2.81961],[-75.23191,2.8211],[-75.2319,2.82209],[-75.23144,2.8219],[-75.23108,2.82154]]]}},{"type":"Feature","properties":{"nombre":"RIO FRIO","municipio":"Rivera","codigo_municipio":"41615"},"geometry":{"type":"Polygon","coordinates":[[[-75.30261,2.82468],[-75.29969,2.82316],[-75.29906,2.82418],[-75.29682,2.82363],[-75.29492,2.82275],[-75.29367,2.82168],[-75.29431,2.81882],[-75.29612,2.81925],[-75.29653,2.81948],[-75.29603,2.82111],[-75.2982,2.82221],[-75.29812,2.82238],[-75.29852,2.82259],[-75.2986,2.82242],[-75.29948,2.82279],[-75.30224,2.82415],[-75.30216,2.82431],[-75.30262,2.82453],[-75.30342,2.82353],[-75.30261,2.82468]]]}},{"type":"Feature","properties":{"nombre":"MORELIA","municipio":"Saladoblanco","codigo_municipio":"41660"},"geometry":{"type":"Polygon","coordinates":[[[-76.187,2.06779],[-76.18661,2.06726],[-76.18643,2.06739],[-76.18585,2.06677],[-76.18556,2.06702],[-76.18526,2.06661],[-76.18602,2.06628],[-76.18589,2.06596],[-76.18753,2.06465],[-76.18859,2.06719],[-76.18782,2.06775],[-76.18755,2.06738],[-76.187,2.06779]]]}},{"type":"Feature","properties":{"nombre":"LA CABAÑA","municipio":"Saladoblanco","codigo_municipio":"41660"},"geometry":{"type":"Polygon","coordinates":[[[-76.1328,1.99956],[-76.13248,1.99912],[-76.13228,1.99907],[-76.13209,1.99926],[-76.13169,1.99924],[-76.13137,1.999],[-76.13028,1.99905],[-76.13046,1.99839],[-76.13016,1.99842],[-76.12998,1.99804],[-76.13015,1.99777],[-76.13151,1.99684],[-76.13213,1.99684],[-76.1331,1.9976],[-76.13327,1.99815],[-76.13375,1.99855],[-76.13394,1.99897],[-76.13384,2.00005],[-76.13345,2.00083],[-76.13324,2.00093],[-76.13323,2.00122],[-76.13266,2.00032],[-76.1328,1.99956]]]}},{"type":"Feature","properties":{"nombre":"SALADOBLANCO","municipio":"Saladoblanco","codigo_municipio":"41660"},"geometry":{"type":"Polygon","coordinates":[[[-76.0396,1.99659],[-76.03974,1.99566],[-76.04001,1.99553],[-76.03993,1.9951],[-76.04009,1.99479],[-76.03938,1.99526],[-76.03928,1.99471],[-76.03756,1.99486],[-76.03688,1.99519],[-76.03649,1.99438],[-76.03782,1.99396],[-76.03823,1.99418],[-76.03881,1.99413],[-76.03873,1.99395],[-76.03924,1.99404],[-76.04099,1.99346],[-76.0406,1.99264],[-76.04168,1.99237],[-76.0413,1.99223],[-76.04267,1.9914],[-76.04279,1.99168],[-76.04351,1.99147],[-76.04362,1.99167],[-76.045,1.99119],[-76.04483,1.99075],[-76.04532,1.9907],[-76.04574,1.99041],[-76.04638,1.98952],[-76.04685,1.99055],[-76.04756,1.99018],[-76.04784,1.99015],[-76.04795,1.99037],[-76.04855,1.99],[-76.04909,1.98988],[-76.04996,1.9893],[-76.05067,1.98942],[-76.05088,1.99001],[-76.05071,1.99027],[-76.05089,1.99106],[-76.05072,1.99176],[-76.05044,1.99203],[-76.05015,1.99194],[-76.05014,1.99238],[-76.04974,1.99295],[-76.04979,1.99328],[-76.04957,1.99351],[-76.04845,1.99342],[-76.04782,1.99389],[-76.04785,1.99431],[-76.04763,1.99484],[-76.04773,1.99499],[-76.04662,1.99653],[-76.04639,1.99633],[-76.04623,1.99641],[-76.0456,1.99583],[-76.04564,1.99549],[-76.04547,1.99525],[-76.04564,1.99482],[-76.04508,1.99411],[-76.04406,1.9938],[-76.04232,1.99578],[-76.03998,1.99668],[-76.0396,1.99659]]]}},{"type":"Feature","properties":{"nombre":"SAN AGUSTIN","municipio":"San Agustín","codigo_municipio":"41668"},"geometry":{"type":"Polygon","coordinates":[[[-76.27523,1.88714],[-76.27432,1.88632],[-76.27372,1.88693],[-76.27356,1.88742],[-76.27283,1.8882],[-76.27177,1.88915],[-76.2715,1.88913],[-76.27183,1.88719],[-76.27163,1.88675],[-76.27099,1.88581],[-76.2694,1.8854],[-76.26977,1.88528],[-76.27007,1.88474],[-76.26996,1.88456],[-76.27023,1.88454],[-76.27078,1.88376],[-76.27039,1.88354],[-76.27065,1.88316],[-76.27052,1.88276],[-76.26997,1.8822],[-76.26984,1.88212],[-76.26964,1.88236],[-76.26909,1.88191],[-76.2688,1.88259],[-76.26835,1.88238],[-76.26813,1.88289],[-76.2678,1.8828],[-76.26772,1.88299],[-76.26724,1.88272],[-76.26686,1.88307],[-76.2615,1.87968],[-76.26131,1.87894],[-76.26149,1.87866],[-76.2617,1.87911],[-76.26224,1.87889],[-76.26291,1.87798],[-76.26289,1.87702],[-76.2625,1.8768],[-76.26254,1.87652],[-76.26164,1.87605],[-76.26101,1.87592],[-76.26114,1.87272],[-76.26122,1.87256],[-76.2614,1.87258],[-76.26169,1.87197],[-76.26189,1.87207],[-76.26243,1.87157],[-76.2625,1.87197],[-76.2627,1.8721],[-76.26265,1.87229],[-76.26347,1.87264],[-76.26328,1.87204],[-76.26567,1.87235],[-76.26645,1.87305],[-76.2664,1.87319],[-76.26711,1.87339],[-76.267,1.87363],[-76.26673,1.87359],[-76.26672,1.87439],[-76.26658,1.87455],[-76.26709,1.87466],[-76.26717,1.87509],[-76.26749,1.87491],[-76.26792,1.87523],[-76.26796,1.87541],[-76.26755,1.87565],[-76.26755,1.87589],[-76.26808,1.87627],[-76.26791,1.87687],[-76.26832,1.87658],[-76.26886,1.87668],[-76.26957,1.87721],[-76.26989,1.87661],[-76.27009,1.87657],[-76.27024,1.87685],[-76.26963,1.87742],[-76.26985,1.87768],[-76.27017,1.87764],[-76.27083,1.87716],[-76.27141,1.87721],[-76.27177,1.87751],[-76.27171,1.87839],[-76.27222,1.87905],[-76.27263,1.87919],[-76.27297,1.87898],[-76.27402,1.87888],[-76.27477,1.87901],[-76.27534,1.8793],[-76.27536,1.87914],[-76.27604,1.87913],[-76.27645,1.87968],[-76.27617,1.88043],[-76.27645,1.88065],[-76.27622,1.88118],[-76.27657,1.88129],[-76.27661,1.88219],[-76.27738,1.88225],[-76.27753,1.88255],[-76.27672,1.8845],[-76.27818,1.88395],[-76.27827,1.88469],[-76.27843,1.88501],[-76.27876,1.88515],[-76.27832,1.88617],[-76.27913,1.88632],[-76.27993,1.88726],[-76.28012,1.88759],[-76.2803,1.88904],[-76.27986,1.88941],[-76.27874,1.88966],[-76.27862,1.88807],[-76.27705,1.88753],[-76.27523,1.88714]]]}},{"type":"Feature","properties":{"nombre":"PRADERA","municipio":"San Agustín","codigo_municipio":"41668"},"geometry":{"type":"Polygon","coordinates":[[[-76.35645,1.91509],[-76.35584,1.91454],[-76.35546,1.91471],[-76.35546,1.91402],[-76.35575,1.91352],[-76.35532,1.91248],[-76.35556,1.91221],[-76.3561,1.91307],[-76.35628,1.91285],[-76.35664,1.91314],[-76.35682,1.91308],[-76.35717,1.91266],[-76.35787,1.91329],[-76.35737,1.91391],[-76.35748,1.914],[-76.35738,1.91421],[-76.35645,1.91509]]]}},{"type":"Feature","properties":{"nombre":"EL ROSARIO","municipio":"San Agustín","codigo_municipio":"41668"},"geometry":{"type":"Polygon","coordinates":[[[-76.30295,1.82268],[-76.30274,1.82237],[-76.30302,1.82218],[-76.30264,1.82165],[-76.3028,1.82154],[-76.30312,1.8218],[-76.30345,1.82158],[-76.30332,1.82138],[-76.30399,1.82111],[-76.30418,1.82137],[-76.30434,1.8212],[-76.30468,1.82137],[-76.30465,1.82153],[-76.30403,1.82182],[-76.3039,1.82211],[-76.30295,1.82268]]]}},{"type":"Feature","properties":{"nombre":"VILLA FATIMA","municipio":"San Agustín","codigo_municipio":"41668"},"geometry":{"type":"Polygon","coordinates":[[[-76.39092,1.90116],[-76.39192,1.90062],[-76.39166,1.90019],[-76.39231,1.89978],[-76.3922,1.8996],[-76.39265,1.89932],[-76.39256,1.89916],[-76.3935,1.89858],[-76.39358,1.89869],[-76.39385,1.89853],[-76.39441,1.89947],[-76.39356,1.9],[-76.39358,1.90028],[-76.3932,1.90053],[-76.39312,1.90031],[-76.39277,1.90046],[-76.39181,1.90124],[-76.3917,1.90109],[-76.39111,1.90144],[-76.39092,1.90116]]]}},{"type":"Feature","properties":{"nombre":"OBANDO","municipio":"San Agustín","codigo_municipio":"41668"},"geometry":{"type":"Polygon","coordinates":[[[-76.29785,1.94162],[-76.2978,1.94064],[-76.29757,1.94053],[-76.29748,1.93881],[-76.29823,1.93871],[-76.29841,1.9388],[-76.29842,1.93913],[-76.29876,1.93925],[-76.29881,1.93986],[-76.29865,1.93996],[-76.29883,1.94009],[-76.29884,1.94033],[-76.29867,1.94041],[-76.29865,1.94078],[-76.29893,1.94139],[-76.29852,1.9412],[-76.29851,1.94104],[-76.29833,1.94105],[-76.29837,1.9416],[-76.29785,1.94162]]]}},{"type":"Feature","properties":{"nombre":"EL PALMAR","municipio":"San Agustín","codigo_municipio":"41668"},"geometry":{"type":"Polygon","coordinates":[[[-76.29284,1.95769],[-76.29345,1.95732],[-76.29349,1.95699],[-76.29335,1.95635],[-76.29392,1.95616],[-76.29482,1.95758],[-76.29398,1.95815],[-76.29326,1.95836],[-76.29284,1.95769]]]}},{"type":"Feature","properties":{"nombre":"SANTA MARÍA","municipio":"Santa María","codigo_municipio":"41676"},"geometry":{"type":"Polygon","coordinates":[[[-75.58209,2.9441],[-75.58162,2.94436],[-75.58147,2.94409],[-75.58085,2.94413],[-75.58096,2.94379],[-75.58236,2.94251],[-75.582,2.9417],[-75.58224,2.9414],[-75.58367,2.94118],[-75.58432,2.94093],[-75.58484,2.94023],[-75.58534,2.93928],[-75.58492,2.93855],[-75.58489,2.93788],[-75.5852,2.93759],[-75.58611,2.93752],[-75.58662,2.93686],[-75.58613,2.93611],[-75.58604,2.93557],[-75.58619,2.93567],[-75.58664,2.93535],[-75.58671,2.93582],[-75.58701,2.93596],[-75.58684,2.93616],[-75.58717,2.93667],[-75.58738,2.93655],[-75.58736,2.93624],[-75.58754,2.93612],[-75.5878,2.93628],[-75.58879,2.93476],[-75.58925,2.93447],[-75.58935,2.93458],[-75.59001,2.93432],[-75.59014,2.93408],[-75.5904,2.93418],[-75.59056,2.93401],[-75.59156,2.93388],[-75.59265,2.93303],[-75.59282,2.93311],[-75.59309,2.93381],[-75.59302,2.93397],[-75.59226,2.93427],[-75.59054,2.9346],[-75.59032,2.93475],[-75.5902,2.9352],[-75.58972,2.93562],[-75.58918,2.93506],[-75.58897,2.93507],[-75.589,2.93555],[-75.58852,2.93612],[-75.58895,2.93651],[-75.58934,2.93723],[-75.58883,2.93741],[-75.58884,2.93787],[-75.58836,2.93814],[-75.58868,2.93883],[-75.5885,2.93947],[-75.58767,2.9406],[-75.58713,2.94008],[-75.587,2.9402],[-75.58704,2.93998],[-75.58696,2.93989],[-75.58691,2.94021],[-75.58613,2.94071],[-75.58542,2.94217],[-75.58606,2.94206],[-75.5869,2.94225],[-75.58724,2.94208],[-75.58761,2.94298],[-75.58733,2.94311],[-75.58737,2.94323],[-75.58565,2.94389],[-75.584,2.94419],[-75.58331,2.94475],[-75.58302,2.9444],[-75.58227,2.94426],[-75.58209,2.9441]]]}},{"type":"Feature","properties":{"nombre":"SUAZA","municipio":"Suaza","codigo_municipio":"41770"},"geometry":{"type":"Polygon","coordinates":[[[-75.79044,1.98146],[-75.79026,1.98048],[-75.79054,1.97973],[-75.79036,1.97873],[-75.79097,1.97669],[-75.79117,1.97442],[-75.79135,1.97388],[-75.79122,1.97384],[-75.79196,1.97271],[-75.79257,1.97236],[-75.79322,1.97251],[-75.79426,1.97237],[-75.79456,1.97255],[-75.79462,1.97297],[-75.79578,1.97342],[-75.79583,1.97409],[-75.796,1.97424],[-75.79707,1.97449],[-75.7971,1.97439],[-75.79758,1.97497],[-75.79857,1.97506],[-75.79891,1.9755],[-75.79912,1.97554],[-75.7984,1.97753],[-75.79912,1.97747],[-75.79974,1.97789],[-75.79959,1.9781],[-75.79977,1.97813],[-75.79987,1.97868],[-75.79961,1.97897],[-75.79897,1.97876],[-75.79868,1.97928],[-75.79843,1.97931],[-75.79827,1.97993],[-75.79776,1.9798],[-75.79758,1.98011],[-75.79711,1.97996],[-75.79714,1.97975],[-75.79667,1.97965],[-75.79663,1.98042],[-75.79626,1.98072],[-75.79548,1.98051],[-75.79558,1.98022],[-75.79518,1.97996],[-75.79391,1.97992],[-75.7941,1.97944],[-75.79385,1.9794],[-75.7933,1.97999],[-75.79272,1.98032],[-75.79221,1.98125],[-75.79179,1.98119],[-75.79044,1.98146]]]}},{"type":"Feature","properties":{"nombre":"GUAYABAL","municipio":"Suaza","codigo_municipio":"41770"},"geometry":{"type":"Polygon","coordinates":[[[-75.80411,1.91134],[-75.80387,1.91118],[-75.80408,1.91007],[-75.80355,1.90908],[-75.80224,1.9088],[-75.80251,1.90802],[-75.80171,1.9076],[-75.8018,1.90738],[-75.8015,1.90724],[-75.80138,1.90755],[-75.80105,1.90741],[-75.8014,1.90668],[-75.80165,1.90679],[-75.80214,1.90582],[-75.80301,1.90585],[-75.80357,1.90494],[-75.80328,1.90477],[-75.80365,1.90401],[-75.80434,1.90363],[-75.80446,1.90314],[-75.80304,1.90194],[-75.80292,1.90165],[-75.80238,1.90131],[-75.80253,1.90056],[-75.80412,1.90138],[-75.80507,1.90147],[-75.80548,1.90121],[-75.80579,1.90153],[-75.80565,1.90165],[-75.80664,1.90257],[-75.80728,1.90284],[-75.80695,1.90333],[-75.80613,1.90586],[-75.80631,1.90609],[-75.80624,1.90638],[-75.80547,1.90725],[-75.80484,1.90833],[-75.80577,1.90868],[-75.80554,1.90917],[-75.80566,1.90934],[-75.80571,1.91121],[-75.80511,1.91137],[-75.80411,1.91134]]]}},{"type":"Feature","properties":{"nombre":"GALLARDO","municipio":"Suaza","codigo_municipio":"41770"},"geometry":{"type":"Polygon","coordinates":[[[-75.87953,1.87794],[-75.87753,1.87646],[-75.87739,1.87657],[-75.87749,1.87687],[-75.87648,1.87709],[-75.87574,1.87671],[-75.87527,1.87673],[-75.87493,1.87696],[-75.8748,1.87641],[-75.87543,1.87625],[-75.87587,1.8764],[-75.87574,1.8758],[-75.87588,1.87547],[-75.87622,1.87565],[-75.87638,1.87534],[-75.87598,1.87487],[-75.8773,1.87398],[-75.87722,1.87387],[-75.8775,1.8737],[-75.87741,1.87345],[-75.87782,1.87336],[-75.87786,1.8736],[-75.87834,1.87366],[-75.87841,1.87415],[-75.87824,1.87447],[-75.87851,1.87522],[-75.87962,1.87561],[-75.88019,1.87636],[-75.88007,1.87654],[-75.87984,1.87655],[-75.87974,1.87681],[-75.88019,1.87704],[-75.88023,1.8773],[-75.87994,1.87788],[-75.87953,1.87794]]]}},{"type":"Feature","properties":{"nombre":"QUITURO","municipio":"Tarqui","codigo_municipio":"41791"},"geometry":{"type":"Polygon","coordinates":[[[-75.94433,2.07677],[-75.94483,2.07625],[-75.94407,2.07592],[-75.94436,2.07564],[-75.94402,2.07527],[-75.94408,2.07509],[-75.94373,2.07528],[-75.9437,2.0756],[-75.94348,2.07539],[-75.94394,2.07493],[-75.94382,2.07403],[-75.94344,2.07398],[-75.9432,2.07313],[-75.94252,2.07294],[-75.94312,2.07178],[-75.94385,2.07097],[-75.94385,2.07067],[-75.94405,2.07049],[-75.94411,2.07077],[-75.94447,2.07083],[-75.94455,2.07231],[-75.94438,2.07308],[-75.94453,2.07369],[-75.94479,2.07379],[-75.94533,2.07446],[-75.94503,2.07475],[-75.94517,2.07543],[-75.94499,2.07581],[-75.94523,2.07618],[-75.94446,2.0769],[-75.94433,2.07677]]]}},{"type":"Feature","properties":{"nombre":"EL VERGEL","municipio":"Tarqui","codigo_municipio":"41791"},"geometry":{"type":"Polygon","coordinates":[[[-75.90708,2.07409],[-75.90612,2.07348],[-75.90604,2.07363],[-75.90545,2.07336],[-75.90518,2.07406],[-75.90481,2.07405],[-75.90462,2.07367],[-75.90348,2.07331],[-75.90304,2.07305],[-75.90315,2.07287],[-75.90173,2.072],[-75.90254,2.0708],[-75.90343,2.06994],[-75.90304,2.06942],[-75.90199,2.06855],[-75.90178,2.06883],[-75.90157,2.06883],[-75.90165,2.06867],[-75.90123,2.06846],[-75.90121,2.06866],[-75.90047,2.06864],[-75.90031,2.0683],[-75.89974,2.0678],[-75.89973,2.06731],[-75.8993,2.06693],[-75.89996,2.06595],[-75.90022,2.06624],[-75.90045,2.06615],[-75.90126,2.06636],[-75.90313,2.06846],[-75.90326,2.06934],[-75.90385,2.07011],[-75.90418,2.06971],[-75.90507,2.07038],[-75.90511,2.07002],[-75.90582,2.07031],[-75.90568,2.07055],[-75.90634,2.0712],[-75.90618,2.07171],[-75.90711,2.07269],[-75.90683,2.07315],[-75.90769,2.07362],[-75.90768,2.07379],[-75.90737,2.07357],[-75.90708,2.07409]]]}},{"type":"Feature","properties":{"nombre":"MAITO","municipio":"Tarqui","codigo_municipio":"41791"},"geometry":{"type":"Polygon","coordinates":[[[-75.91001,2.04916],[-75.90941,2.04817],[-75.9086,2.04844],[-75.90838,2.04872],[-75.90809,2.04868],[-75.90783,2.04842],[-75.90748,2.04842],[-75.90565,2.04905],[-75.90458,2.04896],[-75.90472,2.04773],[-75.90463,2.04727],[-75.90427,2.04718],[-75.90402,2.0473],[-75.90466,2.0465],[-75.90485,2.04674],[-75.90525,2.04654],[-75.90549,2.0467],[-75.90586,2.04657],[-75.90595,2.04556],[-75.9065,2.04584],[-75.90654,2.04566],[-75.90742,2.04556],[-75.90728,2.04518],[-75.90759,2.0451],[-75.90779,2.04535],[-75.90811,2.04512],[-75.90844,2.04564],[-75.9092,2.04554],[-75.90931,2.04576],[-75.91004,2.04533],[-75.91067,2.04527],[-75.91103,2.04488],[-75.91152,2.0448],[-75.91168,2.04547],[-75.91187,2.04545],[-75.91189,2.04563],[-75.91144,2.04569],[-75.91132,2.04594],[-75.91155,2.04596],[-75.91153,2.04611],[-75.91183,2.04608],[-75.91146,2.04667],[-75.91158,2.04675],[-75.91216,2.04645],[-75.91224,2.04666],[-75.91266,2.04667],[-75.91286,2.04612],[-75.9133,2.04638],[-75.9129,2.04674],[-75.9131,2.04693],[-75.91237,2.04744],[-75.9122,2.04744],[-75.91197,2.04713],[-75.91152,2.04769],[-75.91222,2.04861],[-75.9119,2.04938],[-75.9116,2.04863],[-75.91031,2.04888],[-75.90998,2.04944],[-75.91001,2.04916]]]}},{"type":"Feature","properties":{"nombre":"ZONA URBANA","municipio":"Tarqui","codigo_municipio":"41791"},"geometry":{"type":"Polygon","coordinates":[[[-75.82496,2.11717],[-75.8245,2.11599],[-75.82358,2.11542],[-75.82338,2.11502],[-75.82349,2.11488],[-75.82289,2.11427],[-75.82261,2.11441],[-75.82265,2.11421],[-75.8218,2.11389],[-75.82039,2.11285],[-75.81944,2.11248],[-75.81878,2.11253],[-75.81849,2.11214],[-75.81781,2.11175],[-75.81883,2.11069],[-75.81786,2.11031],[-75.81773,2.11047],[-75.81651,2.1102],[-75.81643,2.10925],[-75.8178,2.10917],[-75.81907,2.10988],[-75.81928,2.10978],[-75.81955,2.10919],[-75.82001,2.10917],[-75.8203,2.10864],[-75.82656,2.10792],[-75.82818,2.10758],[-75.82847,2.10769],[-75.82977,2.10914],[-75.82672,2.11111],[-75.82605,2.11184],[-75.82661,2.1121],[-75.8265,2.11231],[-75.82679,2.1126],[-75.82856,2.11358],[-75.82731,2.1149],[-75.82747,2.11552],[-75.82685,2.11581],[-75.82618,2.11564],[-75.826,2.11613],[-75.82539,2.1162],[-75.82518,2.11665],[-75.82521,2.11714],[-75.82496,2.11717]]]}},{"type":"Feature","properties":{"nombre":"PACARNI","municipio":"Tesalia","codigo_municipio":"41797"},"geometry":{"type":"Polygon","coordinates":[[[-75.69972,2.614],[-75.69821,2.61253],[-75.69786,2.61198],[-75.69778,2.6112],[-75.69733,2.61011],[-75.69733,2.60965],[-75.6977,2.60905],[-75.69695,2.60873],[-75.69711,2.6083],[-75.69669,2.60747],[-75.69674,2.607],[-75.69599,2.60611],[-75.69608,2.60594],[-75.69514,2.60546],[-75.69546,2.60443],[-75.69618,2.60511],[-75.69629,2.6054],[-75.6962,2.60574],[-75.69681,2.60601],[-75.69708,2.60595],[-75.69712,2.60618],[-75.69715,2.60586],[-75.69743,2.60606],[-75.69985,2.60566],[-75.70038,2.60597],[-75.70084,2.60603],[-75.70187,2.60711],[-75.70188,2.60728],[-75.70033,2.60816],[-75.70057,2.60865],[-75.70026,2.60887],[-75.7,2.60866],[-75.69971,2.60889],[-75.69979,2.60909],[-75.69924,2.60967],[-75.69945,2.60987],[-75.69918,2.61017],[-75.69902,2.60993],[-75.69834,2.61017],[-75.69866,2.61107],[-75.69849,2.6126],[-75.69983,2.61389],[-75.69972,2.614]]]}},{"type":"Feature","properties":{"nombre":"TESALIA","municipio":"Tesalia","codigo_municipio":"41797"},"geometry":{"type":"Polygon","coordinates":[[[-75.72753,2.49013],[-75.72843,2.48929],[-75.72853,2.48863],[-75.72787,2.48818],[-75.72726,2.48743],[-75.7262,2.48748],[-75.72529,2.48708],[-75.72456,2.48705],[-75.72425,2.4866],[-75.72394,2.48686],[-75.72282,2.48709],[-75.72272,2.48696],[-75.72389,2.48611],[-75.72419,2.48553],[-75.72509,2.4846],[-75.72499,2.48449],[-75.72684,2.48195],[-75.7291,2.47921],[-75.72956,2.47969],[-75.73005,2.47927],[-75.73102,2.48175],[-75.731,2.48211],[-75.73145,2.48239],[-75.73129,2.48255],[-75.73175,2.48293],[-75.73138,2.48362],[-75.73162,2.48426],[-75.73192,2.48442],[-75.73212,2.48396],[-75.73207,2.48367],[-75.73224,2.48373],[-75.73269,2.48268],[-75.73431,2.4834],[-75.73546,2.48482],[-75.73664,2.48565],[-75.73618,2.4865],[-75.73338,2.48513],[-75.7333,2.48526],[-75.73329,2.48608],[-75.73391,2.48627],[-75.73403,2.48648],[-75.7339,2.48724],[-75.73614,2.48769],[-75.73541,2.48986],[-75.73452,2.49093],[-75.73403,2.49028],[-75.7337,2.4905],[-75.73371,2.48958],[-75.73342,2.48941],[-75.73275,2.48944],[-75.73255,2.48968],[-75.73226,2.48951],[-75.73194,2.48988],[-75.73164,2.48994],[-75.73156,2.49016],[-75.73094,2.48988],[-75.73107,2.48939],[-75.73045,2.48901],[-75.72985,2.48972],[-75.72965,2.48977],[-75.72943,2.48948],[-75.72919,2.48966],[-75.72929,2.48982],[-75.72875,2.4901],[-75.7289,2.49046],[-75.72867,2.49072],[-75.72893,2.49097],[-75.72873,2.49122],[-75.72833,2.49101],[-75.72753,2.49013]]]}},{"type":"Feature","properties":{"nombre":"TELLO","municipio":"Tello","codigo_municipio":"41799"},"geometry":{"type":"Polygon","coordinates":[[[-75.13929,3.07275],[-75.13908,3.07162],[-75.13842,3.07129],[-75.13794,3.07075],[-75.13733,3.07132],[-75.13688,3.07094],[-75.13634,3.07167],[-75.13596,3.07135],[-75.13587,3.07112],[-75.13599,3.071],[-75.13563,3.07053],[-75.13454,3.06805],[-75.13402,3.06755],[-75.13411,3.06747],[-75.13339,3.06698],[-75.13408,3.0661],[-75.13408,3.0656],[-75.13461,3.06544],[-75.13459,3.06521],[-75.13548,3.06498],[-75.13557,3.06523],[-75.13649,3.06466],[-75.13663,3.06489],[-75.13793,3.06407],[-75.13786,3.06391],[-75.1385,3.06358],[-75.13871,3.06318],[-75.13906,3.06317],[-75.13908,3.06329],[-75.14057,3.06255],[-75.14087,3.06272],[-75.14106,3.06262],[-75.14122,3.06207],[-75.1415,3.06188],[-75.14194,3.06337],[-75.1421,3.06458],[-75.14242,3.065],[-75.14242,3.06553],[-75.14332,3.06662],[-75.14354,3.0673],[-75.14215,3.06955],[-75.14294,3.07017],[-75.14147,3.07146],[-75.14063,3.07113],[-75.13964,3.07228],[-75.13955,3.07222],[-75.13929,3.07275]]]}},{"type":"Feature","properties":{"nombre":"TELLO","municipio":"Tello","codigo_municipio":"41799"},"geometry":{"type":"Polygon","coordinates":[[[-75.04113,2.94928],[-75.04024,2.9477],[-75.04038,2.94751],[-75.04136,2.94763],[-75.04342,2.95172],[-75.04302,2.95155],[-75.04251,2.95085],[-75.04182,2.95064],[-75.04098,2.94955],[-75.04113,2.94928]]]}},{"type":"Feature","properties":{"nombre":"TELLO","municipio":"Tello","codigo_municipio":"41799"},"geometry":{"type":"Polygon","coordinates":[[[-75.01604,3.04834],[-75.01569,3.04846],[-75.01559,3.04815],[-75.01507,3.04822],[-75.01496,3.04763],[-75.01547,3.04681],[-75.01672,3.04626],[-75.01823,3.04649],[-75.01928,3.04613],[-75.01958,3.04638],[-75.0197,3.04662],[-75.01916,3.04663],[-75.01853,3.04713],[-75.01784,3.04734],[-75.01775,3.04779],[-75.01629,3.04935],[-75.01604,3.04834]]]}},{"type":"Feature","properties":{"nombre":"TERUEL","municipio":"Teruel","codigo_municipio":"41801"},"geometry":{"type":"Polygon","coordinates":[[[-75.56505,2.74821],[-75.56491,2.74764],[-75.56495,2.74592],[-75.56568,2.74315],[-75.56528,2.74243],[-75.565,2.74121],[-75.5654,2.74012],[-75.56576,2.73677],[-75.566,2.73633],[-75.56758,2.73704],[-75.56777,2.73647],[-75.56832,2.73598],[-75.56861,2.7351],[-75.56895,2.73464],[-75.56895,2.73384],[-75.57054,2.73378],[-75.57063,2.73421],[-75.57119,2.73503],[-75.57115,2.73578],[-75.57054,2.73621],[-75.57047,2.73747],[-75.57074,2.73801],[-75.57134,2.73863],[-75.57153,2.73918],[-75.57116,2.74022],[-75.57028,2.74032],[-75.57007,2.74049],[-75.56992,2.74167],[-75.5691,2.7421],[-75.56907,2.74239],[-75.56934,2.74292],[-75.56902,2.74399],[-75.56961,2.74461],[-75.56966,2.74573],[-75.56951,2.74591],[-75.56911,2.74561],[-75.56825,2.74615],[-75.56769,2.74672],[-75.56686,2.74804],[-75.56618,2.74778],[-75.56609,2.74862],[-75.56505,2.74821]]]}},{"type":"Feature","properties":{"nombre":"TERUEL","municipio":"Teruel","codigo_municipio":"41801"},"geometry":{"type":"Polygon","coordinates":[[[-75.56619,2.74863],[-75.56483,2.7481],[-75.56475,2.74748],[-75.5648,2.74632],[-75.56568,2.74315],[-75.56528,2.74243],[-75.565,2.74121],[-75.5654,2.74012],[-75.56576,2.73677],[-75.566,2.73633],[-75.56758,2.73704],[-75.56777,2.73647],[-75.56832,2.73598],[-75.56861,2.7351],[-75.56895,2.73464],[-75.56895,2.73384],[-75.57054,2.73378],[-75.57063,2.73421],[-75.57119,2.73503],[-75.57113,2.73671],[-75.5708,2.73776],[-75.57149,2.73789],[-75.57163,2.7381],[-75.57134,2.73863],[-75.57153,2.73918],[-75.57116,2.74022],[-75.57028,2.74032],[-75.57007,2.74049],[-75.56992,2.74167],[-75.5691,2.7421],[-75.56907,2.74239],[-75.56934,2.74292],[-75.56902,2.74399],[-75.56961,2.74461],[-75.56966,2.74573],[-75.56951,2.74591],[-75.56911,2.74561],[-75.56825,2.74615],[-75.56769,2.74672],[-75.56686,2.74804],[-75.5667,2.74798],[-75.56619,2.74863]]]}},{"type":"Feature","properties":{"nombre":"COSANZA","municipio":"Timaná","codigo_municipio":"41807"},"geometry":{"type":"Polygon","coordinates":[[[-75.8883,1.98238],[-75.88729,1.98176],[-75.88715,1.98152],[-75.88715,1.98138],[-75.88771,1.98116],[-75.88789,1.98065],[-75.88738,1.97988],[-75.88854,1.9793],[-75.8889,1.97851],[-75.88859,1.97842],[-75.88882,1.97807],[-75.88925,1.97787],[-75.88993,1.97786],[-75.89004,1.97809],[-75.89021,1.97784],[-75.88948,1.97708],[-75.89052,1.97696],[-75.89071,1.97708],[-75.89048,1.97735],[-75.89091,1.97785],[-75.89167,1.97809],[-75.89173,1.97785],[-75.89243,1.97792],[-75.89285,1.97821],[-75.89302,1.97857],[-75.89268,1.97896],[-75.89176,1.97951],[-75.89093,1.97961],[-75.89048,1.97999],[-75.89044,1.98036],[-75.89009,1.98081],[-75.88938,1.98112],[-75.88839,1.98198],[-75.88852,1.98221],[-75.8883,1.98238]]]}},{"type":"Feature","properties":{"nombre":"TIMANÁ","municipio":"Timaná","codigo_municipio":"41807"},"geometry":{"type":"Polygon","coordinates":[[[-75.93112,1.98303],[-75.93014,1.98111],[-75.92982,1.98126],[-75.92917,1.98025],[-75.92868,1.98025],[-75.92865,1.98004],[-75.9279,1.97962],[-75.92813,1.97925],[-75.92754,1.97811],[-75.92732,1.97796],[-75.92745,1.97746],[-75.92705,1.97692],[-75.92726,1.97686],[-75.92717,1.97616],[-75.92726,1.97575],[-75.92838,1.97572],[-75.92842,1.97544],[-75.929,1.97536],[-75.92898,1.97514],[-75.92971,1.97437],[-75.92935,1.97364],[-75.929,1.97371],[-75.92859,1.97356],[-75.9278,1.97297],[-75.92849,1.97236],[-75.92861,1.97136],[-75.9294,1.97083],[-75.92936,1.97055],[-75.92972,1.97037],[-75.92979,1.96927],[-75.92956,1.96933],[-75.92979,1.96871],[-75.9296,1.9684],[-75.92996,1.96823],[-75.93014,1.96767],[-75.93044,1.96779],[-75.93093,1.9668],[-75.93161,1.96673],[-75.93253,1.96694],[-75.93282,1.96678],[-75.93291,1.9681],[-75.93343,1.96951],[-75.93334,1.96982],[-75.9336,1.97012],[-75.93369,1.9711],[-75.93387,1.97101],[-75.93419,1.97144],[-75.93434,1.97249],[-75.93498,1.97341],[-75.93511,1.97415],[-75.93536,1.97431],[-75.93619,1.97571],[-75.93625,1.97715],[-75.93592,1.97845],[-75.93626,1.97901],[-75.93638,1.98033],[-75.93563,1.98005],[-75.9354,1.97971],[-75.93519,1.97979],[-75.93538,1.98119],[-75.93409,1.98073],[-75.93344,1.98069],[-75.93332,1.98048],[-75.93274,1.98071],[-75.93112,1.98303]]]}},{"type":"Feature","properties":{"nombre":"NARANJAL","municipio":"Timaná","codigo_municipio":"41807"},"geometry":{"type":"Polygon","coordinates":[[[-75.84746,2.01889],[-75.84781,2.01743],[-75.84773,2.01699],[-75.84833,2.0162],[-75.84928,2.0156],[-75.84928,2.01598],[-75.85058,2.0147],[-75.85103,2.01499],[-75.852,2.01502],[-75.85222,2.01423],[-75.85265,2.01437],[-75.85279,2.01427],[-75.85293,2.01409],[-75.85282,2.0139],[-75.85308,2.01359],[-75.85332,2.01353],[-75.85372,2.01385],[-75.85348,2.0141],[-75.85406,2.01483],[-75.85352,2.01538],[-75.85369,2.01553],[-75.85282,2.01637],[-75.85222,2.0186],[-75.85191,2.01901],[-75.85147,2.01925],[-75.84979,2.0181],[-75.84903,2.0191],[-75.84881,2.01888],[-75.84835,2.01968],[-75.84781,2.01949],[-75.84789,2.01907],[-75.84746,2.01889]]]}},{"type":"Feature","properties":{"nombre":"SAN ANTONIO","municipio":"Timaná","codigo_municipio":"41807"},"geometry":{"type":"Polygon","coordinates":[[[-75.88591,1.96276],[-75.88477,1.9618],[-75.88449,1.96211],[-75.88438,1.96205],[-75.88445,1.96196],[-75.88391,1.96144],[-75.88438,1.96095],[-75.88453,1.96112],[-75.88497,1.96044],[-75.8852,1.96033],[-75.88519,1.95971],[-75.8862,1.95915],[-75.88635,1.95943],[-75.88663,1.95939],[-75.88735,1.95977],[-75.88758,1.95969],[-75.88814,1.9599],[-75.88797,1.9608],[-75.88716,1.96111],[-75.88797,1.9618],[-75.88705,1.96243],[-75.88718,1.96263],[-75.88651,1.9622],[-75.88631,1.96246],[-75.88601,1.96225],[-75.88591,1.96276]]]}},{"type":"Feature","properties":{"nombre":"VILLAVIEJA","municipio":"Villavieja","codigo_municipio":"41872"},"geometry":{"type":"Polygon","coordinates":[[[-75.22268,3.22421],[-75.2226,3.22391],[-75.22137,3.22398],[-75.22102,3.22386],[-75.22085,3.22345],[-75.22096,3.22315],[-75.22034,3.2225],[-75.22033,3.22229],[-75.21972,3.22193],[-75.2187,3.22349],[-75.21735,3.22349],[-75.21463,3.21893],[-75.21428,3.21867],[-75.21435,3.21855],[-75.21376,3.21752],[-75.2124,3.216],[-75.21122,3.21502],[-75.2108,3.21376],[-75.21326,3.21245],[-75.21437,3.21548],[-75.21586,3.2167],[-75.21631,3.21728],[-75.21755,3.21812],[-75.21885,3.21666],[-75.22028,3.21573],[-75.22115,3.2164],[-75.22103,3.21874],[-75.22163,3.2199],[-75.22146,3.22008],[-75.22152,3.2203],[-75.22242,3.22168],[-75.22314,3.22207],[-75.22382,3.22325],[-75.22396,3.22393],[-75.22268,3.22421]]]}},{"type":"Feature","properties":{"nombre":"POLONIA","municipio":"Villavieja","codigo_municipio":"41872"},"geometry":{"type":"Polygon","coordinates":[[[-75.21686,3.19008],[-75.21703,3.1895],[-75.21652,3.1895],[-75.21714,3.18824],[-75.21671,3.18824],[-75.21682,3.18761],[-75.21638,3.18775],[-75.21632,3.18748],[-75.21694,3.18729],[-75.21684,3.18669],[-75.21556,3.18658],[-75.21546,3.18646],[-75.21567,3.18616],[-75.21485,3.18562],[-75.21425,3.18602],[-75.21418,3.18491],[-75.21431,3.1849],[-75.2144,3.18462],[-75.21429,3.18457],[-75.21449,3.18449],[-75.21541,3.1852],[-75.21551,3.18507],[-75.21565,3.18515],[-75.21564,3.18471],[-75.21596,3.18444],[-75.21547,3.18389],[-75.21576,3.18358],[-75.21598,3.18372],[-75.21593,3.18394],[-75.21635,3.18413],[-75.21643,3.18369],[-75.21672,3.18358],[-75.21732,3.18373],[-75.21749,3.18393],[-75.21826,3.18392],[-75.21918,3.18371],[-75.21962,3.18318],[-75.22041,3.18332],[-75.22,3.18446],[-75.22124,3.18491],[-75.2206,3.18611],[-75.21957,3.18566],[-75.21836,3.18772],[-75.21758,3.18865],[-75.21716,3.19017],[-75.21686,3.19008]]]}},{"type":"Feature","properties":{"nombre":"HATO NUEVO","municipio":"Villavieja","codigo_municipio":"41872"},"geometry":{"type":"Polygon","coordinates":[[[-75.26386,3.14516],[-75.26296,3.14517],[-75.26155,3.14467],[-75.26053,3.14371],[-75.26031,3.14387],[-75.26019,3.14368],[-75.25977,3.14382],[-75.25967,3.14426],[-75.25949,3.14398],[-75.25932,3.14409],[-75.25918,3.14368],[-75.25959,3.14354],[-75.25933,3.14238],[-75.25964,3.14236],[-75.26003,3.14181],[-75.25997,3.14153],[-75.26041,3.14146],[-75.26022,3.1413],[-75.26039,3.14059],[-75.26008,3.14032],[-75.26069,3.13981],[-75.26085,3.14015],[-75.26184,3.1406],[-75.26273,3.14077],[-75.26312,3.14113],[-75.26336,3.14258],[-75.26421,3.14524],[-75.26405,3.14532],[-75.26386,3.14516]]]}},{"type":"Feature","properties":{"nombre":"LA VICTORIA","municipio":"Villavieja","codigo_municipio":"41872"},"geometry":{"type":"Polygon","coordinates":[[[-75.17225,3.35513],[-75.17147,3.3537],[-75.16999,3.35428],[-75.16965,3.35424],[-75.16965,3.35374],[-75.16938,3.35363],[-75.16948,3.35309],[-75.16918,3.35325],[-75.16853,3.3531],[-75.16876,3.35213],[-75.16775,3.35199],[-75.1677,3.35166],[-75.1681,3.35051],[-75.1689,3.35072],[-75.16886,3.34966],[-75.16896,3.34948],[-75.1695,3.34937],[-75.16957,3.34836],[-75.1702,3.34859],[-75.17052,3.34854],[-75.17165,3.34785],[-75.17164,3.34768],[-75.17189,3.34764],[-75.17189,3.34737],[-75.17216,3.34753],[-75.17243,3.34726],[-75.17261,3.34672],[-75.17277,3.34738],[-75.17366,3.34783],[-75.17371,3.34836],[-75.17501,3.34874],[-75.17537,3.34867],[-75.17545,3.34931],[-75.17595,3.34955],[-75.17577,3.35],[-75.17562,3.35001],[-75.17507,3.35194],[-75.17433,3.35326],[-75.17419,3.35402],[-75.17343,3.35591],[-75.17225,3.35513]]]}},{"type":"Feature","properties":{"nombre":"POTOSI","municipio":"Villavieja","codigo_municipio":"41872"},"geometry":{"type":"Polygon","coordinates":[[[-75.17017,3.39064],[-75.17048,3.39063],[-75.17032,3.38982],[-75.16876,3.38835],[-75.16825,3.38688],[-75.16727,3.38685],[-75.16718,3.38641],[-75.16775,3.38635],[-75.16774,3.3858],[-75.16794,3.38564],[-75.16835,3.3856],[-75.16838,3.38615],[-75.16904,3.38556],[-75.17025,3.38541],[-75.1701,3.38464],[-75.17092,3.3851],[-75.17074,3.38592],[-75.17102,3.38678],[-75.17098,3.38708],[-75.17145,3.38832],[-75.17162,3.38846],[-75.17205,3.38989],[-75.17205,3.39026],[-75.1707,3.39049],[-75.17069,3.39116],[-75.17036,3.39193],[-75.16984,3.39182],[-75.17029,3.39108],[-75.17014,3.39106],[-75.17017,3.39064]]]}},{"type":"Feature","properties":{"nombre":"SAN ALFONSO","municipio":"Villavieja","codigo_municipio":"41872"},"geometry":{"type":"MultiPolygon","coordinates":[[[[-75.11038,3.37325],[-75.11033,3.37283],[-75.10991,3.37231],[-75.11003,3.37185],[-75.10985,3.37021],[-75.11,3.36953],[-75.11054,3.36972],[-75.11067,3.36934],[-75.11054,3.36909],[-75.11112,3.36923],[-75.11145,3.36915],[-75.11184,3.36872],[-75.11237,3.36871],[-75.11239,3.3683],[-75.11285,3.3682],[-75.11276,3.36868],[-75.11327,3.369],[-75.11307,3.36947],[-75.11327,3.37055],[-75.11395,3.3717],[-75.11431,3.372],[-75.1125,3.37277],[-75.11242,3.37314],[-75.11183,3.37316],[-75.11165,3.37434],[-75.11038,3.37325]]],[[[-75.11241,3.36755],[-75.11273,3.36609],[-75.11295,3.36612],[-75.11259,3.36761],[-75.11241,3.36755]]],[[[-75.11273,3.3654],[-75.11295,3.36468],[-75.11412,3.36339],[-75.11435,3.36428],[-75.11404,3.36469],[-75.11348,3.36522],[-75.11306,3.36504],[-75.11273,3.3654]]]]}},{"type":"Feature","properties":{"nombre":"YAGUARA","municipio":"Yaguará","codigo_municipio":"41885"},"geometry":{"type":"Polygon","coordinates":[[[-75.51585,2.67196],[-75.51766,2.66918],[-75.51659,2.6682],[-75.51613,2.66712],[-75.51535,2.66689],[-75.51488,2.66653],[-75.51437,2.66597],[-75.51444,2.66558],[-75.51382,2.6651],[-75.51373,2.66484],[-75.5128,2.66472],[-75.51238,2.66452],[-75.51208,2.66406],[-75.5126,2.66339],[-75.51285,2.66352],[-75.51321,2.6627],[-75.51287,2.66243],[-75.51379,2.6613],[-75.51442,2.66129],[-75.51422,2.66103],[-75.5162,2.66014],[-75.51597,2.65943],[-75.51571,2.65926],[-75.51723,2.65903],[-75.51739,2.65946],[-75.51848,2.65969],[-75.51834,2.66036],[-75.51928,2.66065],[-75.51977,2.66019],[-75.51956,2.66065],[-75.51966,2.66119],[-75.52019,2.66132],[-75.52059,2.66166],[-75.52074,2.66223],[-75.52143,2.66291],[-75.52163,2.66269],[-75.52306,2.66378],[-75.52265,2.66437],[-75.5228,2.66447],[-75.52182,2.66582],[-75.52457,2.66685],[-75.52401,2.66808],[-75.52533,2.66881],[-75.52529,2.66926],[-75.52503,2.66939],[-75.52499,2.66959],[-75.52519,2.66974],[-75.52576,2.66946],[-75.52627,2.66986],[-75.52639,2.67032],[-75.52632,2.67088],[-75.52308,2.67041],[-75.52301,2.66995],[-75.52173,2.66909],[-75.5206,2.6696],[-75.51947,2.6697],[-75.51892,2.66949],[-75.51856,2.67],[-75.51737,2.67459],[-75.51613,2.67315],[-75.51621,2.6729],[-75.51583,2.67231],[-75.51585,2.67196]]]}}]}